Fish,Sire,Dam,Brood_tank,Stack,Unit,Sex,Density,ELD,Part,Measure_age,gmCOMP,Sex_ratio,Trial,Dayorder,DOMscore,DOMmeas
1009,26,38,A2a,A,A1,2,L,1,1,312,8,0.429,1,3,2,EXP
1009,26,38,A2a,A,A1,2,L,1,1,389,8,0.429,2,2,2,EXP
1009,26,38,A2a,A,A1,2,L,1,1,357,7.849,0.5,3,13,-2,EXP
1002,5,NA,A4b,A,A2,2,H,2,1,320,8,0.286,1,9,-8,EXP
1002,5,NA,A4b,A,A2,2,H,2,1,397,8,0.286,2,12,-12,EXP
1002,5,NA,A4b,A,A2,2,H,2,1,365,8,0.286,3,16,-5,EXP
1002,5,NA,A4b,A,A2,2,H,2,2,455,8,0.286,4,3,1,EXP
1003,5,NA,A4b,A,A3,2,L,1,1,320,8,0.143,1,5,18,EXP
1003,5,NA,A4b,A,A3,2,L,1,1,397,8,0.143,2,8,17,EXP
1003,5,NA,A4b,A,A3,2,L,1,1,365,8,0.143,3,8,30,EXP
1003,5,NA,A4b,A,A3,2,L,1,2,455,8,0.167,4,10,3,EXP
1004,4,NA,B5b,A,A4,2,H,2,1,320,8,0.286,1,10,30,EXP
1004,4,NA,B5b,A,A4,2,H,2,1,397,8,0.286,2,20,10,EXP
1004,4,NA,B5b,A,A4,2,H,2,1,365,8,0.571,3,3,-8,EXP
1004,4,NA,B5b,A,A4,2,H,2,2,455,8,0.571,4,9,0,EXP
1012,26,38,A2a,A,A4,2,H,2,1,312,8,0.286,1,12,-2,EXP
1012,26,38,A2a,A,A4,2,H,2,1,389,8,0.286,2,18,17,EXP
1012,26,38,A2a,A,A4,2,H,2,1,357,8,0.571,3,4,3,EXP
1012,26,38,A2a,A,A4,2,H,2,2,447,8,0.571,4,6,2,EXP
1012,26,38,A2a,A,A4,2,H,2,2,490,7.793,0.6,5,2,-10,EXP
1013,26,38,A2a,A,A5,2,L,1,1,312,8,0.143,1,16,2,EXP
1013,26,38,A2a,A,A5,2,L,1,1,389,8,0.143,2,4,-10,EXP
1013,26,38,A2a,A,A5,2,L,1,1,357,8,0.143,3,6,0,EXP
1013,26,38,A2a,A,A5,2,L,1,2,447,8,0.143,4,11,9,EXP
1013,26,38,A2a,A,A5,2,L,1,2,490,7.903,0,5,1,5,EXP
1016,31,54,A1a,A,A8,2,H,2,1,309,7.483,0.5,1,25,27,EXP
1016,31,54,A1a,A,A8,2,H,2,1,386,7.319,0.667,2,26,-7,EXP
1016,31,54,A1a,A,A8,2,H,2,1,355,7.272,0.667,3,24,9,EXP
1016,31,54,A1a,A,A8,2,H,2,2,444,7.211,0.667,4,15,-2,EXP
1022,4,16b,B1a,A,A6,2,H,2,1,309,8,0.429,1,20,-7,EXP
1022,4,16b,B1a,A,A6,2,H,2,1,386,8,0.429,2,11,-1,EXP
1022,4,16b,B1a,A,A6,2,H,2,1,355,8,0.429,3,17,7,EXP
1022,4,16b,B1a,A,A6,2,H,2,2,444,7.766,0.5,4,13,0,EXP
1024,4,16b,B1a,A,A8,2,H,2,1,309,7.483,0.5,1,24,-8,EXP
1024,4,16b,B1a,A,A8,2,H,2,1,386,7.319,0.667,2,21,-26,EXP
1024,4,16b,B1a,A,A8,2,H,2,1,355,7.272,0.667,3,21,-17,EXP
1025,4,16b,B1a,A,A1,2,L,1,1,309,8,0.429,1,4,-1,EXP
1025,4,16b,B1a,A,A1,2,L,1,1,386,8,0.429,2,3,-7,EXP
1025,4,16b,B1a,A,A1,2,L,1,1,354,7.849,0.5,3,12,-3,EXP
1025,4,16b,B1a,A,A1,2,L,1,2,444,7.652,0.4,4,5,0,EXP
1026,4,16b,B1a,A,A2,2,H,2,1,309,8,0.286,1,8,-9,EXP
1026,4,16b,B1a,A,A2,2,H,2,1,386,8,0.286,2,17,-6,EXP
1026,4,16b,B1a,A,A2,2,H,2,1,354,8,0.286,3,15,-5,EXP
1026,4,16b,B1a,A,A2,2,H,2,2,444,8,0.286,4,2,-5,EXP
1030,32,55,B4a,A,A6,2,H,2,1,301,8,0.429,1,21,-4,EXP
1031,32,55,B4a,A,A7,2,L,1,1,301,8,0.286,1,27,18,EXP
1031,32,55,B4a,A,A7,2,L,1,1,378,8,0.143,2,18,19,EXP
1031,32,55,B4a,A,A7,2,L,1,1,347,8,0.143,3,27,8,EXP
1031,32,55,B4a,A,A7,2,L,1,2,436,7.634,0,4,13,0,EXP
1031,32,55,B4a,A,A7,2,L,1,2,479,7.187,0,5,4,25,EXP
1032,32,55,B4a,A,A8,2,H,2,1,301,7.483,0.5,1,22,-6,EXP
1032,32,55,B4a,A,A8,2,H,2,1,378,7.319,0.667,2,24,22,EXP
1032,32,55,B4a,A,A8,2,H,2,1,347,7.272,0.667,3,22,36,EXP
1032,32,55,B4a,A,A8,2,H,2,2,436,7.211,0.667,4,15,10,EXP
1032,32,55,B4a,A,A8,2,H,2,2,479,6.956,0.5,5,5,6,EXP
1033,32,55,B4a,A,A1,2,L,1,1,301,8,0.429,1,1,30,EXP
1033,32,55,B4a,A,A1,2,L,1,1,378,8,0.429,2,6,2,EXP
1033,32,55,B4a,A,A1,2,L,1,1,346,7.849,0.5,3,11,-10,EXP
1036,6,58,C1b,A,A4,2,H,2,1,300,8,0.286,1,11,-17,EXP
1036,6,58,C1b,A,A4,2,H,2,1,377,8,0.286,2,19,-9,EXP
1036,6,58,C1b,A,A4,2,H,2,1,345,8,0.571,3,1,-11,EXP
1038,25,17,C2a,A,A6,2,H,2,1,370,8,0.429,2,14,22,EXP
1038,25,17,C2a,A,A6,2,H,2,1,339,8,0.429,3,18,10,EXP
1038,25,17,C2a,A,A6,2,H,2,2,428,7.766,0.5,4,14,2,EXP
1038,25,17,C2a,A,A6,2,H,2,2,471,6.843,0.5,5,4,20,EXP
1040,25,17,C2a,A,A8,2,H,2,1,370,7.319,0.667,2,13,18,EXP
1040,25,17,C2a,A,A8,2,H,2,1,339,7.272,0.667,3,23,16,EXP
1040,25,17,C2a,A,A8,2,H,2,2,428,7.211,0.667,4,17,1,EXP
1042,25,17,C2a,A,A2,2,H,2,1,293,8,0.286,1,7,16,EXP
1042,25,17,C2a,A,A2,2,H,2,1,370,8,0.286,2,15,22,EXP
1042,25,17,C2a,A,A2,2,H,2,1,338,8,0.286,3,14,24,EXP
1042,25,17,C2a,A,A2,2,H,2,2,428,8,0.286,4,1,13,EXP
1042,25,17,C2a,A,A2,2,H,2,2,471,8,0.286,5,1,0,EXP
1043,25,17,C2a,A,A3,2,L,1,1,293,8,0.143,1,6,6,EXP
1043,25,17,C2a,A,A3,2,L,1,1,370,8,0.143,2,10,-3,EXP
1043,25,17,C2a,A,A3,2,L,1,1,338,8,0.143,3,9,-7,EXP
1044,3,11,G6b,A,A4,2,H,2,1,284,8,0.286,1,13,0,EXP
1044,3,11,G6b,A,A4,2,H,2,1,361,8,0.286,2,22,0,EXP
1044,3,11,G6b,A,A4,2,H,2,1,329,8,0.571,3,5,14,EXP
1044,3,11,G6b,A,A4,2,H,2,2,419,8,0.571,4,7,7,EXP
1044,3,11,G6b,A,A4,2,H,2,2,462,7.793,0.6,5,3,42,EXP
1053,25,21,C3a,A,A5,2,L,1,1,281,8,0.143,1,15,20,EXP
1053,25,21,C3a,A,A5,2,L,1,1,358,8,0.143,2,5,24,EXP
1053,25,21,C3a,A,A5,2,L,1,1,326,8,0.143,3,7,22,EXP
1053,25,21,C3a,A,A5,2,L,1,2,416,8,0.143,4,12,-6,EXP
1054,7,47,A6a,A,A6,2,H,2,1,279,8,0.429,1,17,17,EXP
1054,7,47,A6a,A,A6,2,H,2,1,356,8,0.429,2,16,5,EXP
1054,7,47,A6a,A,A6,2,H,2,1,325,8,0.429,3,19,-6,EXP
1055,7,47,A6a,A,A7,2,L,1,1,279,8,0.286,1,29,-4,EXP
1055,7,47,A6a,A,A7,2,L,1,1,356,8,0.143,2,19,-7,EXP
1055,7,47,A6a,A,A7,2,L,1,1,325,8,0.143,3,26,-18,EXP
1056,7,47,A6a,A,A8,2,H,2,1,279,7.483,0.5,1,26,-11,EXP
1056,7,47,A6a,A,A8,2,H,2,1,356,7.319,0.667,2,25,4,EXP
1056,7,47,A6a,A,A8,2,H,2,1,325,7.272,0.667,3,25,-6,EXP
1056,7,47,A6a,A,A8,2,H,2,2,414,7.211,0.667,4,16,-6,EXP
1056,7,47,A6a,A,A8,2,H,2,2,457,6.956,0.5,5,6,-3,EXP
1057,7,47,A6a,A,A1,2,L,1,1,279,8,0.429,1,2,-11,EXP
1057,7,47,A6a,A,A1,2,L,1,1,356,8,0.429,2,1,3,EXP
1057,7,47,A6a,A,A1,2,L,1,1,324,7.849,0.5,3,10,29,EXP
1057,7,47,A6a,A,A1,2,L,1,2,414,7.652,0.4,4,4,0,EXP
1057,7,47,A6a,A,A1,2,L,1,2,457,7.056,0,5,1,5,EXP
1060,8,45,A3a,A,A4,2,H,2,1,351,8,0.286,2,23,-1,EXP
1060,8,45,A3a,A,A4,2,H,2,1,319,8,0.571,3,2,-3,EXP
1060,8,45,A3a,A,A4,2,H,2,2,409,8,0.571,4,8,-2,EXP
1062,8,45,A3a,A,A6,2,H,2,1,274,8,0.429,1,19,-16,EXP
1062,8,45,A3a,A,A6,2,H,2,1,351,8,0.429,2,9,-20,EXP
1062,8,45,A3a,A,A6,2,H,2,1,320,8,0.429,3,20,-17,EXP
1069,31,54,A5a,B,B4,2,H,2,1,322,8,0.429,2,17,21,EXP
1069,31,54,A5a,B,B4,2,H,2,1,354,7.849,0.333,3,23,0,EXP
1069,31,54,A5a,B,B4,2,H,2,2,408,6.846,0,4,1,0,EXP
1069,31,54,A5a,B,B4,2,H,2,2,459,5.474,0,5,1,0,EXP
1070,31,54,A5a,B,B5,2,L,1,1,270,8,0.286,1,16,-3,EXP
1071,28,40,B3a,B,B6,2,H,2,1,263,8,0.429,1,23,-1,EXP
1073,28,40,B3a,B,B8,2,H,2,1,263,8,0.8,1,25,5,EXP
1073,28,40,B3a,B,B8,2,H,2,1,315,8,0.571,2,22,0,EXP
1073,28,40,B3a,B,B8,2,H,2,1,347,8,0.571,3,14,1,EXP
1073,28,40,B3a,B,B8,2,H,2,2,401,7.748,1,4,11,0,EXP
1073,28,40,B3a,B,B8,2,H,2,2,452,6.285,1,5,9,-2,EXP
1074,28,40,B3a,B,B1,2,L,1,1,263,8,0.286,1,2,6,EXP
1074,28,40,B3a,B,B1,2,L,1,1,315,8,0.286,2,1,8,EXP
1074,28,40,B3a,B,B1,2,L,1,1,347,8,0.286,3,8,5,EXP
1074,28,40,B3a,B,B1,2,L,1,2,401,8,0.2,4,5,3,EXP
1074,28,40,B3a,B,B1,2,L,1,2,452,7.468,0,5,1,0,EXP
1075,28,40,B3a,B,B2,2,H,2,1,263,8,0.429,1,5,-8,EXP
1075,28,40,B3a,B,B2,2,H,2,1,315,8,0.714,2,10,14,EXP
1075,28,40,B3a,B,B2,2,H,2,1,347,8,0.714,3,4,21,EXP
1075,28,40,B3a,B,B2,2,H,2,2,401,8,0.8,4,3,12,EXP
1075,28,40,B3a,B,B2,2,H,2,2,452,7.592,0.8,5,5,13,EXP
1076,28,40,B3a,B,B3,2,L,1,1,347,7.555,0.333,3,11,0,EXP
1076,28,40,B3a,B,B3,2,L,1,2,401,7.302,0.4,4,9,2,EXP
1076,28,40,B3a,B,B3,2,L,1,2,452,6.791,0.333,5,2,0,EXP
1077,28,40,B3a,B,B4,2,H,2,1,263,8,0.286,1,13,26,EXP
1078,28,40,A1a,B,B5,2,L,1,1,263,8,0.286,1,17,18,EXP
1078,28,40,A1a,B,B5,2,L,1,1,315,8,0.286,2,8,18,EXP
1078,28,40,A1a,B,B5,2,L,1,1,347,8,0.286,3,17,1,EXP
1078,28,40,A1a,B,B5,2,L,1,2,401,7.354,0.333,4,10,0,EXP
1078,28,40,A1a,B,B5,2,L,1,2,452,6.583,0.333,5,8,0,EXP
1079,28,40,A1a,B,B6,2,H,2,1,263,8,0.429,1,22,6,EXP
1079,28,40,A1a,B,B6,2,H,2,1,315,7.824,0.5,2,19,0,EXP
1081,28,40,A1a,B,B8,2,H,2,1,263,8,0.8,1,26,10,EXP
1081,28,40,A1a,B,B8,2,H,2,1,315,8,0.571,2,21,5,EXP
1081,28,40,A1a,B,B8,2,H,2,1,347,8,0.571,3,13,-3,EXP
1083,28,40,A1a,B,B2,2,H,2,1,263,8,0.429,1,9,34,EXP
1083,28,40,A1a,B,B2,2,H,2,1,315,8,0.714,2,14,-26,EXP
1083,28,40,A1a,B,B2,2,H,2,1,347,8,0.714,3,6,0,EXP
1083,28,40,A1a,B,B2,2,H,2,2,401,8,0.8,4,3,1,EXP
1084,3,15,D5b,B,B3,2,L,1,1,252,8,0.286,1,12,-9,EXP
1084,3,15,D5b,B,B3,2,L,1,1,304,7.652,0.333,2,5,1,EXP
1084,3,15,D5b,B,B3,2,L,1,1,336,7.555,0.333,3,12,0,EXP
1084,3,15,D5b,B,B3,2,L,1,2,390,7.302,0.4,4,8,0,EXP
1088,3,15,D5b,B,B7,2,L,1,1,252,8,0.429,1,20,0,EXP
1088,3,15,D5b,B,B7,2,L,1,1,304,8,0.429,2,20,0,EXP
1088,3,15,D5b,B,B7,2,L,1,1,336,8,0.429,3,21,0,EXP
1091,6,44,E3a,B,B2,2,H,2,1,233,8,0.429,1,4,-6,EXP
1091,6,44,E3a,B,B2,2,H,2,1,285,8,0.714,2,9,26,EXP
1091,6,44,E3a,B,B2,2,H,2,1,317,8,0.714,3,1,0,EXP
1091,6,44,E3a,B,B2,2,H,2,2,371,8,0.8,4,1,6,EXP
1091,6,44,E3a,B,B2,2,H,2,2,422,7.592,0.8,5,4,-3,EXP
1093,6,44,E3a,B,B4,2,H,2,1,233,8,0.286,1,14,-6,EXP
1093,6,44,E3a,B,B4,2,H,2,1,285,8,0.429,2,15,-4,EXP
1093,6,44,E3a,B,B4,2,H,2,1,317,7.849,0.333,3,24,0,EXP
1096,6,44,E3a,B,B7,2,L,1,1,233,8,0.429,1,18,1,EXP
1096,6,44,E3a,B,B7,2,L,1,1,285,8,0.429,2,20,2,EXP
1096,6,44,E3a,B,B7,2,L,1,2,371,7.481,0,4,10,0,EXP
1096,6,44,E3a,B,B7,2,L,1,2,422,6.676,0,5,8,0,EXP
1097,2,10b,E3a,B,B8,2,H,2,1,232,8,0.8,1,27,-5,EXP
1097,2,10b,E3a,B,B8,2,H,2,1,284,8,0.571,2,22,0,EXP
1098,2,10b,E3a,B,B1,2,L,1,1,232,8,0.286,1,3,-8,EXP
1098,2,10b,E3a,B,B1,2,L,1,1,284,8,0.286,2,3,0,EXP
1098,2,10b,E3a,B,B1,2,L,1,1,316,8,0.286,3,7,-3,EXP
1099,2,10b,E3a,B,B2,2,H,2,1,232,8,0.429,1,7,-3,EXP
1099,2,10b,E3a,B,B2,2,H,2,1,284,8,0.714,2,13,29,EXP
1099,2,10b,E3a,B,B2,2,H,2,1,316,8,0.714,3,5,-6,EXP
1099,2,10b,E3a,B,B2,2,H,2,2,370,8,0.8,4,4,-2,EXP
1099,2,10b,E3a,B,B2,2,H,2,2,421,7.592,0.8,5,6,0,EXP
1102,2,10b,F3b,B,B5,2,L,1,1,232,8,0.286,1,16,-2,EXP
1102,2,10b,F3b,B,B5,2,L,1,1,284,8,0.286,2,7,-5,EXP
1102,2,10b,F3b,B,B5,2,L,1,1,316,8,0.286,3,18,-1,EXP
1102,2,10b,F3b,B,B5,2,L,1,2,370,7.354,0.333,4,11,0,EXP
1102,2,10b,F3b,B,B5,2,L,1,2,421,6.583,0.333,5,8,0,EXP
1103,2,10b,F3b,B,B6,2,H,2,1,232,8,0.429,1,24,2,EXP
1103,2,10b,F3b,B,B6,2,H,2,1,284,7.824,0.5,2,19,0,EXP
1103,2,10b,F3b,B,B6,2,H,2,1,316,7.533,0.4,3,19,-1,EXP
1103,2,10b,F3b,B,B6,2,H,2,2,370,6.877,0.333,4,7,-2,EXP
1103,2,10b,F3b,B,B6,2,H,2,2,421,6.232,0.333,5,3,0,EXP
1104,2,10b,F3b,B,B7,2,L,1,1,232,8,0.429,1,21,-1,EXP
1104,2,10b,F3b,B,B7,2,L,1,1,284,8,0.429,2,20,0,EXP
1104,2,10b,F3b,B,B7,2,L,1,1,316,8,0.429,3,22,0,EXP
1105,2,10b,F3b,B,B8,2,H,2,1,232,8,0.8,1,8,-4,EXP
1105,2,10b,F3b,B,B8,2,H,2,1,232,8,0.8,1,28,-4,EXP
1105,2,10b,F3b,B,B8,2,H,2,1,284,8,0.571,2,22,0,EXP
1105,2,10b,F3b,B,B8,2,H,2,1,316,8,0.571,3,15,-1,EXP
1105,2,10b,F3b,B,B8,2,H,2,2,370,7.748,1,4,12,0,EXP
1106,1,13,B2b,B,B1,2,L,1,1,221,8,0.286,1,1,10,EXP
1106,1,13,B2b,B,B1,2,L,1,1,273,8,0.286,2,2,-7,EXP
1106,1,13,B2b,B,B1,2,L,1,1,305,8,0.286,3,9,1,EXP
1106,1,13,B2b,B,B1,2,L,1,2,359,8,0.2,4,6,0,EXP
1107,1,13,B2b,B,B2,2,H,2,1,221,8,0.429,1,6,-5,EXP
1107,1,13,B2b,B,B2,2,H,2,1,273,8,0.714,2,11,-11,EXP
1107,1,13,B2b,B,B2,2,H,2,1,305,8,0.714,3,2,-12,EXP
1109,1,13,B2b,B,B4,2,H,2,1,221,8,0.286,1,16,-11,EXP
1109,1,13,B2b,B,B4,2,H,2,1,273,8,0.429,2,16,5,EXP
1109,1,13,B2b,B,B4,2,H,2,1,305,7.849,0.333,3,25,0,EXP
1111,1,13,B2b,B,B6,2,H,2,1,221,8,0.429,1,23,0,EXP
1111,1,13,B2b,B,B6,2,H,2,1,273,7.824,0.5,2,18,0,EXP
1111,1,13,B2b,B,B6,2,H,2,1,305,7.533,0.4,3,20,1,EXP
1111,1,13,B2b,B,B6,2,H,2,2,359,6.877,0.333,4,7,9,EXP
1111,1,13,B2b,B,B6,2,H,2,2,410,6.232,0.333,5,3,10,EXP
1112,2,14,B6a,B,B7,2,L,1,1,221,8,0.429,1,19,7,EXP
1115,2,14,B6a,B,B2,2,H,2,1,273,8,0.714,2,12,-19,EXP
1115,2,14,B6a,B,B2,2,H,2,1,305,8,0.714,3,3,-12,EXP
1115,2,14,B6a,B,B2,2,H,2,2,359,8,0.8,4,2,-1,EXP
1115,2,14,B6a,B,B2,2,H,2,2,410,7.592,0.8,5,7,4,EXP
1116,2,14,B6a,B,B3,2,L,1,1,221,8,0.286,1,11,-5,EXP
1116,2,14,B6a,B,B3,2,L,1,1,273,7.652,0.333,2,6,0,EXP
1116,2,14,B6a,B,B3,2,L,1,1,305,7.555,0.333,3,10,-2,EXP
1116,2,14,B6a,B,B3,2,L,1,2,359,7.302,0.4,4,8,4,EXP
1116,2,14,B6a,B,B3,2,L,1,2,410,6.791,0.333,5,2,0,EXP
1129,7,48,C1a,B,B8,2,H,2,1,217,8,0.8,1,29,6,EXP
1129,7,48,C1a,B,B8,2,H,2,1,269,8,0.571,2,22,0,EXP
1129,7,48,C1a,B,B8,2,H,2,1,301,8,0.571,3,16,1,EXP
1129,7,48,C1a,B,B8,2,H,2,2,355,7.748,1,4,13,0,EXP
1129,7,48,C1a,B,B8,2,H,2,2,406,6.285,1,5,10,5,EXP
1131,7,48,C1a,D,D2,2,H,2,1,271,7.737,0.5,1,5,32,EXP
1131,7,48,C1a,D,D2,2,H,2,1,311,7.483,0.5,2,9,9,EXP
1131,7,48,C1a,D,D2,2,H,2,1,346,7.064,0.75,3,5,15,EXP
1131,7,48,C1a,D,D2,2,H,2,2,402,6.542,0.5,4,4,0,EXP
1131,7,48,C1a,D,D2,2,H,2,2,452,5.472,0,5,2,2,EXP
1138,7,48,A5b,E,E1,2,L,1,1,311,8,0.429,1,31,-1,EXP
1138,7,48,A5b,E,E1,2,L,1,1,311,7.824,0.333,2,26,0,EXP
1138,7,48,A5b,E,E1,2,L,1,1,346,7.533,0.4,3,1,0,EXP
1138,7,48,A5b,E,E1,2,L,1,2,403,7.161,0.5,4,1,0,EXP
1138,7,48,A5b,E,E1,2,L,1,2,453,6.404,0.5,5,8,-5,EXP
1140,7,48,A5b,E,E3,2,L,1,1,311,8,0.571,1,3,-1,EXP
1140,7,48,A5b,E,E3,2,L,1,1,311,8,1,2,23,0,EXP
1141,7,48,A5b,E,E4,2,H,2,1,311,8,0.571,1,25,-1,EXP
1141,7,48,A5b,E,E4,2,H,2,1,311,7.652,0.833,2,29,14,EXP
1141,7,48,A5b,E,E4,2,H,2,1,346,7.555,0.833,3,9,22,EXP
1141,7,48,A5b,E,E4,2,H,2,2,403,7.302,1,4,11,-7,EXP
1141,7,48,A5b,E,E4,2,H,2,2,453,6.816,1,5,9,-8,EXP
1142,31,54,D6a,E,E5,2,L,1,1,307,8,0.571,1,11,1,EXP
1142,31,54,D6a,E,E5,2,L,1,1,307,8,0.571,2,16,8,EXP
1142,31,54,D6a,E,E5,2,L,1,1,342,8,0.571,3,23,0,EXP
1144,31,54,D6a,E,E7,2,L,1,1,307,8,0.571,1,15,-12,EXP
1144,31,54,D6a,E,E7,2,L,1,1,307,8,0.571,2,12,-4,EXP
1146,31,54,D6a,D,D1,2,L,1,1,267,8,0.429,1,4,-2,EXP
1146,31,54,D6a,D,D1,2,L,1,1,307,7.824,0.5,2,2,5,EXP
1146,31,54,D6a,D,D1,2,L,1,1,342,7.701,0.5,3,3,0,EXP
1146,31,54,D6a,D,D1,2,L,1,2,398,7.539,0.5,4,2,-2,EXP
1147,31,54,D6a,D,D2,2,H,2,1,267,7.737,0.5,1,7,-6,EXP
1147,31,54,D6a,D,D2,2,H,2,1,307,7.483,0.5,2,10,2,EXP
1147,31,54,D6a,D,D2,2,H,2,1,342,7.064,0.75,3,6,-13,EXP
1153,31,54,G6a,D,D8,2,H,2,1,267,8,0.286,1,24,-3,EXP
1153,31,54,G6a,D,D8,2,H,2,1,307,8,0.286,2,18,1,EXP
1153,31,54,G6a,D,D8,2,H,2,1,342,8,0.286,3,18,-2,EXP
1153,31,54,G6a,D,D8,2,H,2,2,398,8,0.286,4,18,-12,EXP
1153,31,54,G6a,D,D8,2,H,2,2,448,8,0.286,5,9,0,EXP
1154,31,54,G6a,E,E1,2,L,1,1,307,8,0.429,1,33,19,EXP
1154,31,54,G6a,E,E1,2,L,1,1,307,7.824,0.333,2,27,0,EXP
1154,31,54,G6a,E,E1,2,L,1,1,342,7.533,0.4,3,2,13,EXP
1154,31,54,G6a,E,E1,2,L,1,2,399,7.161,0.5,4,2,-4,EXP
1154,31,54,G6a,E,E1,2,L,1,2,449,6.404,0.5,5,7,14,EXP
1156,31,54,G6a,E,E3,2,L,1,1,307,8,0.571,1,4,-7,EXP
1156,31,54,G6a,E,E3,2,L,1,1,307,8,1,2,24,7,EXP
1156,31,54,G6a,E,E3,2,L,1,1,342,8,1,3,16,7,EXP
1156,31,54,G6a,E,E3,2,L,1,2,399,7.882,1,4,6,-2,EXP
1156,31,54,G6a,E,E3,2,L,1,2,449,7.501,1,5,5,-6,EXP
1157,31,54,G6a,E,E4,2,H,2,1,307,8,0.571,1,27,-14,EXP
1157,31,54,G6a,E,E4,2,H,2,1,307,7.652,0.833,2,32,-15,EXP
1158,31,54,G6a,E,E5,2,L,1,1,307,8,0.571,1,8,17,EXP
1158,31,54,G6a,E,E5,2,L,1,1,307,8,0.571,2,14,-13,EXP
1158,31,54,G6a,E,E5,2,L,1,1,342,8,0.571,3,24,0,EXP
1158,31,54,G6a,E,E5,2,L,1,2,399,7.481,0,4,15,0,EXP
1158,31,54,G6a,E,E5,2,L,1,2,449,6.336,0,5,1,0,EXP
1160,4b,16b,E6b,E,E7,2,L,1,1,306,8,0.571,1,12,-6,EXP
1160,4b,16b,E6b,E,E7,2,L,1,1,306,8,0.571,2,10,-3,EXP
1160,4b,16b,E6b,E,E7,2,L,1,1,341,8,0.571,3,25,-4,EXP
1162,4b,16b,E6b,D,D1,2,L,1,1,266,8,0.429,1,3,-16,EXP
1162,4b,16b,E6b,D,D1,2,L,1,1,306,7.824,0.5,2,1,-18,EXP
1162,4b,16b,E6b,D,D1,2,L,1,1,341,7.701,0.5,3,2,-12,EXP
1162,4b,16b,E6b,D,D1,2,L,1,2,397,7.539,0.5,4,3,-2,EXP
1166,1,9,B1b,D,D5,2,L,1,1,264,7.483,0.333,1,11,4,EXP
1166,1,9,B1b,D,D5,2,L,1,1,304,7.319,0.333,2,24,3,EXP
1166,1,9,B1b,D,D5,2,L,1,1,339,7.272,0.333,3,13,0,EXP
1166,1,9,B1b,D,D5,2,L,1,2,395,7.211,0.333,4,12,1,EXP
1166,1,9,B1b,D,D5,2,L,1,2,445,7.172,0.333,5,4,0,EXP
1167,1,9,B1b,D,D6,2,H,2,1,264,7.737,0.333,1,17,-5,EXP
1167,1,9,B1b,D,D6,2,H,2,1,304,7.483,0.5,2,12,1,EXP
1167,1,9,B1b,D,D6,2,H,2,1,339,7.412,0.5,3,12,0,EXP
1167,1,9,B1b,D,D6,2,H,2,2,395,7.072,0.6,4,8,15,EXP
1167,1,9,B1b,D,D6,2,H,2,2,445,6.445,1,5,3,1,EXP
1170,1,9,B1b,E,E1,2,L,1,1,304,8,0.429,1,32,-12,EXP
1170,1,9,B1b,E,E1,2,L,1,1,304,7.824,0.333,2,28,5,EXP
1170,1,9,B1b,E,E1,2,L,1,1,339,7.533,0.4,3,3,-18,EXP
1172,1,9,A6b,E,E3,2,L,1,1,304,8,0.571,1,1,-10,EXP
1172,1,9,A6b,E,E3,2,L,1,1,304,8,1,2,19,-5,EXP
1172,1,9,A6b,E,E3,2,L,1,1,339,8,1,3,17,14,EXP
1172,1,9,A6b,E,E3,2,L,1,2,396,7.882,1,4,5,8,EXP
1172,1,9,A6b,E,E3,2,L,1,2,446,7.501,1,5,5,14,EXP
1175,32,55,B2a,E,E6,2,H,2,1,302,8,0.429,1,23,1,EXP
1175,32,55,B2a,E,E6,2,H,2,1,302,8,0.429,2,3,0,EXP
1175,32,55,B2a,E,E6,2,H,2,1,337,8,0.429,3,11,6,EXP
1175,32,55,B2a,E,E6,2,H,2,2,394,8,0.333,4,13,0,EXP
1177,32,55,B2a,E,E8,2,H,2,1,302,8,0.429,1,17,30,EXP
1177,32,55,B2a,E,E8,2,H,2,1,302,8,0.429,2,5,21,EXP
1177,32,55,B2a,E,E8,2,H,2,1,337,8,0.429,3,33,-29,EXP
1177,32,55,B2a,E,E8,2,H,2,2,394,8,0.571,4,18,23,EXP
1180,32,55,B2a,D,D3,2,L,1,1,262,8,0.286,1,16,3,EXP
1180,32,55,B2a,D,D3,2,L,1,1,302,8,0.286,2,7,0,EXP
1180,32,55,B2a,D,D3,2,L,1,1,337,8,0.286,3,9,-9,EXP
1181,32,55,B2a,D,D4,2,H,2,1,262,8,0.429,1,10,0,EXP
1188,28,40,F3a,E,E3,2,L,1,1,297,8,1,2,18,0,EXP
1188,28,40,F3a,E,E3,2,L,1,1,332,8,1,3,18,0,EXP
1188,28,40,F3a,E,E3,2,L,1,2,389,7.882,1,4,7,-1,EXP
1188,28,40,F3a,E,E3,2,L,1,2,439,7.501,1,5,5,0,EXP
1189,28,40,F3a,E,E4,2,H,2,1,297,8,0.571,1,26,27,EXP
1189,28,40,F3a,E,E4,2,H,2,1,297,7.652,0.833,2,36,0,EXP
1189,28,40,F3a,E,E4,2,H,2,1,332,7.555,0.833,3,5,-2,EXP
1189,28,40,F3a,E,E4,2,H,2,2,389,7.302,1,4,10,-2,EXP
1190,28,40,F3a,E,E5,2,L,1,1,297,8,0.571,1,9,-10,EXP
1190,28,40,F3a,E,E5,2,L,1,1,297,8,0.571,2,15,-16,EXP
1191,28,40,F3a,E,E6,2,H,2,1,297,8,0.429,1,22,-2,EXP
1191,28,40,F3a,E,E6,2,H,2,1,297,8,0.429,2,2,-2,EXP
1191,28,40,F3a,E,E6,2,H,2,1,332,8,0.429,3,12,-3,EXP
1191,28,40,F3a,E,E6,2,H,2,2,389,8,0.333,4,13,0,EXP
1192,28,40,F3a,E,E7,2,L,1,1,297,8,0.571,1,16,-5,EXP
1192,28,40,F3a,E,E7,2,L,1,1,297,8,0.571,2,12,0,EXP
1192,28,40,F3a,E,E7,2,L,1,1,332,8,0.571,3,27,-11,EXP
1192,28,40,F3a,E,E7,2,L,1,2,389,7.505,0.5,4,17,-1,EXP
1193,28,40,F3a,E,E8,2,H,2,1,297,8,0.429,1,20,-5,EXP
1193,28,40,F3a,E,E8,2,H,2,1,297,8,0.429,2,7,-9,EXP
1193,28,40,F3a,E,E8,2,H,2,1,332,8,0.429,3,29,12,EXP
1193,28,40,F3a,E,E8,2,H,2,2,389,8,0.571,4,19,-6,EXP
1193,28,40,F3a,E,E8,2,H,2,2,439,7.903,0.5,5,2,15,EXP
1194,28,40,B5b,D,D1,2,L,1,1,257,8,0.429,1,2,11,EXP
1194,28,40,B5b,D,D1,2,L,1,1,297,7.824,0.5,2,3,9,EXP
1194,28,40,B5b,D,D1,2,L,1,1,332,7.701,0.5,3,4,0,EXP
1194,28,40,B5b,D,D1,2,L,1,2,388,7.539,0.5,4,3,0,EXP
1195,28,40,B5b,D,D2,2,H,2,1,257,7.737,0.5,1,8,-18,EXP
1195,28,40,B5b,D,D2,2,H,2,1,297,7.483,0.5,2,8,-5,EXP
1195,28,40,B5b,D,D2,2,H,2,1,332,7.064,0.75,3,6,-1,EXP
1196,28,40,B5b,D,D3,2,L,1,1,257,8,0.286,1,15,-13,EXP
1196,28,40,B5b,D,D3,2,L,1,1,297,8,0.286,2,5,-6,EXP
1196,28,40,B5b,D,D3,2,L,1,1,332,8,0.286,3,11,-2,EXP
1197,28,40,B5b,D,D4,2,H,2,1,257,8,0.429,1,10,27,EXP
1197,28,40,B5b,D,D4,2,H,2,1,297,7.652,0.333,2,26,-14,EXP
1197,28,40,B5b,D,D4,2,H,2,1,332,7.39,0.6,3,10,-11,EXP
1198,28,40,B5b,D,D5,2,L,1,1,257,7.483,0.333,1,12,17,EXP
1198,28,40,B5b,D,D5,2,L,1,1,297,7.319,0.333,2,23,21,EXP
1198,28,40,B5b,D,D5,2,L,1,1,332,7.272,0.333,3,13,0,EXP
1198,28,40,B5b,D,D5,2,L,1,2,388,7.211,0.333,4,11,10,EXP
1198,28,40,B5b,D,D5,2,L,1,2,438,7.172,0.333,5,4,28,EXP
1199,28,40,B5b,D,D6,2,H,2,1,257,7.737,0.333,1,18,29,EXP
1199,28,40,B5b,D,D6,2,H,2,1,297,7.483,0.5,2,13,21,EXP
1199,28,40,B5b,D,D6,2,H,2,1,332,7.412,0.5,3,12,0,EXP
1199,28,40,B5b,D,D6,2,H,2,2,388,7.072,0.6,4,9,-1,EXP
1199,28,40,B5b,D,D6,2,H,2,2,438,6.445,1,5,3,0,EXP
1200,28,40,B5b,D,D7,2,L,1,1,257,8,0.286,1,22,-9,EXP
1200,28,40,B5b,D,D7,2,L,1,1,297,8,0.429,2,22,-9,EXP
1200,28,40,B5b,D,D7,2,L,1,1,332,8,0.429,3,15,0,EXP
1200,28,40,B5b,D,D7,2,L,1,2,388,8,0.333,4,14,0,EXP
1201,28,40,B5b,D,D8,2,H,2,1,257,8,0.286,1,25,-13,EXP
1201,28,40,B5b,D,D8,2,H,2,1,297,8,0.286,2,17,-2,EXP
1201,28,40,B5b,D,D8,2,H,2,1,332,8,0.286,3,17,-4,EXP
1201,28,40,B5b,D,D8,2,H,2,2,388,8,0.286,4,17,-8,EXP
1201,28,40,B5b,D,D8,2,H,2,2,438,8,0.286,5,9,-25,EXP
1204,1,13,E3b,E,E3,2,L,1,1,287,8,0.571,1,6,28,EXP
1204,1,13,E3b,E,E3,2,L,1,1,287,8,1,2,25,-21,EXP
1204,1,13,E3b,E,E3,2,L,1,1,322,8,1,3,14,-3,EXP
1206,1,13,E3b,E,E5,2,L,1,1,287,8,0.571,1,7,-8,EXP
1206,1,13,E3b,E,E5,2,L,1,1,287,8,0.571,2,13,17,EXP
1206,1,13,E3b,E,E5,2,L,1,1,322,8,0.571,3,22,0,EXP
1207,1,13,E3b,E,E6,2,H,2,1,287,8,0.429,1,21,8,EXP
1207,1,13,E3b,E,E6,2,H,2,1,287,8,0.429,2,1,7,EXP
1207,1,13,E3b,E,E6,2,H,2,1,322,8,0.429,3,10,28,EXP
1207,1,13,E3b,E,E6,2,H,2,2,379,8,0.333,4,14,0,EXP
1208,1,13,E3b,E,E7,2,L,1,1,287,8,0.571,1,14,36,EXP
1208,1,13,E3b,E,E7,2,L,1,1,287,8,0.571,2,9,33,EXP
1208,1,13,E3b,E,E7,2,L,1,1,322,8,0.571,3,26,11,EXP
1208,1,13,E3b,E,E7,2,L,1,2,379,7.505,0.5,4,16,7,EXP
1208,1,13,E3b,E,E7,2,L,1,2,429,6.654,0.5,5,1,0,EXP
1209,1,13,E3b,E,E8,2,H,2,1,287,8,0.429,1,19,-6,EXP
1209,1,13,E3b,E,E8,2,H,2,1,287,8,0.429,2,8,-6,EXP
1209,1,13,E3b,E,E8,2,H,2,1,322,8,0.429,3,32,-5,EXP
1209,1,13,E3b,E,E8,2,H,2,2,379,8,0.571,4,21,-6,EXP
1210,1,13,E3b,D,D1,2,L,1,1,247,8,0.429,1,1,35,EXP
1210,1,13,E3b,D,D1,2,L,1,1,287,7.824,0.5,2,4,37,EXP
1210,1,13,E3b,D,D1,2,L,1,1,322,7.701,0.5,3,1,18,EXP
1210,1,13,E3b,D,D1,2,L,1,2,378,7.539,0.5,4,1,12,EXP
1210,1,13,E3b,D,D1,2,L,1,2,428,7.438,0.5,5,1,7,EXP
1211,1,13,B3b,D,D2,2,H,2,1,247,7.737,0.5,1,6,-4,EXP
1211,1,13,B3b,D,D2,2,H,2,1,287,7.483,0.5,2,11,1,EXP
1211,1,13,B3b,D,D2,2,H,2,1,322,7.064,0.75,3,6,2,EXP
1212,1,13,B3b,D,D3,2,L,1,1,247,8,0.286,1,14,34,EXP
1212,1,13,B3b,D,D3,2,L,1,1,287,8,0.286,2,6,46,EXP
1212,1,13,B3b,D,D3,2,L,1,1,322,8,0.286,3,8,37,EXP
1212,1,13,B3b,D,D3,2,L,1,2,378,8,0.167,4,7,9,EXP
1212,1,13,B3b,D,D3,2,L,1,2,428,7.699,0,5,1,8,EXP
1216,1,13,B3b,D,D7,2,L,1,1,247,8,0.286,1,20,-1,EXP
1216,1,13,B3b,D,D7,2,L,1,1,287,8,0.429,2,19,16,EXP
1216,1,13,B3b,D,D7,2,L,1,1,322,8,0.429,3,14,15,EXP
1216,1,13,B3b,D,D7,2,L,1,2,378,8,0.333,4,15,7,EXP
1216,1,13,B3b,D,D7,2,L,1,2,428,7.573,0.25,5,6,11,EXP
1217,2,10b,B6b,D,D8,2,H,2,1,240,8,0.286,1,23,30,EXP
1217,2,10b,B6b,D,D8,2,H,2,1,280,8,0.286,2,16,6,EXP
1217,2,10b,B6b,D,D8,2,H,2,1,315,8,0.286,3,16,7,EXP
1217,2,10b,B6b,D,D8,2,H,2,2,371,8,0.286,4,16,25,EXP
1217,2,10b,B6b,D,D8,2,H,2,2,421,8,0.286,5,8,30,EXP
1219,2,10b,B6b,E,E2,2,H,2,1,280,8,0.286,1,30,7,EXP
1219,2,10b,B6b,E,E2,2,H,2,1,280,7.824,0.333,2,34,1,EXP
1219,2,10b,B6b,E,E2,2,H,2,1,315,7.701,0.333,3,4,10,EXP
1220,2,10b,B6b,E,E3,2,L,1,1,280,8,0.571,1,5,-19,EXP
1220,2,10b,B6b,E,E3,2,L,1,1,280,8,1,2,20,29,EXP
1220,2,10b,B6b,E,E3,2,L,1,1,315,8,1,3,19,-2,EXP
1220,2,10b,B6b,E,E3,2,L,1,2,372,7.882,1,4,4,-6,EXP
1221,2,10b,B6b,E,E4,2,H,2,1,280,8,0.571,1,29,0,EXP
1221,2,10b,B6b,E,E4,2,H,2,1,280,7.652,0.833,2,33,-4,EXP
1221,2,10b,B6b,E,E4,2,H,2,1,315,7.555,0.833,3,6,-8,EXP
1221,2,10b,B6b,E,E4,2,H,2,2,372,7.302,1,4,10,-6,EXP
1225,2,10b,E6a,E,E8,2,H,2,1,280,8,0.429,1,18,12,EXP
1225,2,10b,E6a,E,E8,2,H,2,1,280,8,0.429,2,6,4,EXP
1225,2,10b,E6a,E,E8,2,H,2,1,315,8,0.429,3,30,1,EXP
1225,2,10b,E6a,E,E8,2,H,2,2,372,8,0.571,4,20,1,EXP
1225,2,10b,E6a,E,E8,2,H,2,2,422,7.903,0.5,5,3,-3,EXP
1229,2,10b,E6a,D,D4,2,H,2,1,240,8,0.429,1,9,-16,EXP
1229,2,10b,E6a,D,D4,2,H,2,1,280,7.652,0.333,2,27,13,EXP
1229,2,10b,E6a,D,D4,2,H,2,1,315,7.39,0.6,3,7,-17,EXP
1229,2,10b,E6a,D,D4,2,H,2,2,371,6.776,0.5,4,5,7,EXP
1229,2,10b,E6a,D,D4,2,H,2,2,421,6.283,0.333,5,2,2,EXP
1230,2,10b,E6a,D,D5,2,L,1,1,240,7.483,0.333,1,13,-12,EXP
1230,2,10b,E6a,D,D5,2,L,1,1,280,7.319,0.333,2,25,-3,EXP
1230,2,10b,E6a,D,D5,2,L,1,1,315,7.272,0.333,3,13,0,EXP
1230,2,10b,E6a,D,D5,2,L,1,2,371,7.211,0.333,4,13,-11,EXP
1230,2,10b,E6a,D,D5,2,L,1,2,421,7.172,0.333,5,5,-18,EXP
1231,2,10b,E6a,D,D6,2,H,2,1,240,7.737,0.333,1,19,-1,EXP
1231,2,10b,E6a,D,D6,2,H,2,1,280,7.483,0.5,2,15,-6,EXP
1231,2,10b,E6a,D,D6,2,H,2,1,315,7.412,0.5,3,12,0,EXP
1232,2,10b,E6a,D,D7,2,L,1,1,240,8,0.286,1,21,18,EXP
1232,2,10b,E6a,D,D7,2,L,1,1,280,8,0.429,2,20,7,EXP
1232,2,10b,E6a,D,D7,2,L,1,1,315,8,0.429,3,15,0,EXP
1236,2,34,G5a,E,E3,2,L,1,1,273,8,0.571,1,2,-6,EXP
1236,2,34,G5a,E,E3,2,L,1,1,273,8,1,2,22,-5,EXP
1236,2,34,G5a,E,E3,2,L,1,1,308,8,1,3,20,-2,EXP
1236,2,34,G5a,E,E3,2,L,1,2,365,7.882,1,4,3,-2,EXP
1237,2,34,G5a,E,E4,2,H,2,1,273,8,0.571,1,28,9,EXP
1237,2,34,G5a,E,E4,2,H,2,1,273,7.652,0.833,2,31,-5,EXP
1237,2,34,G5a,E,E4,2,H,2,1,308,7.555,0.833,3,7,-10,EXP
1237,2,34,G5a,E,E4,2,H,2,2,365,7.302,1,4,9,-6,EXP
1237,2,34,G5a,E,E4,2,H,2,2,415,6.816,1,5,10,-1,EXP
1239,2,34,G5a,E,E6,2,H,2,1,273,8,0.429,1,24,0,EXP
1239,2,34,G5a,E,E6,2,H,2,1,273,8,0.429,2,4,0,EXP
1239,2,34,G5a,E,E6,2,H,2,1,308,8,0.429,3,13,-1,EXP
1239,2,34,G5a,E,E6,2,H,2,2,365,8,0.333,4,14,-2,EXP
1239,2,34,G5a,E,E6,2,H,2,2,415,7.699,0.2,5,6,0,EXP
1240,2,34,G5a,E,E7,2,L,1,1,273,8,0.571,1,13,-6,EXP
1240,2,34,G5a,E,E7,2,L,1,1,273,8,0.571,2,11,-7,EXP
1240,2,34,G5a,E,E7,2,L,1,1,308,8,0.571,3,28,-1,EXP
1240,2,34,G5a,E,E7,2,L,1,2,365,7.505,0.5,4,17,0,EXP
1241,4b,12,D5a,E,E8,2,H,2,1,298,8,0.429,3,31,0,EXP
1241,4b,12,D5a,E,E8,2,H,2,2,355,8,0.571,4,22,2,EXP
1241,4b,12,D5a,E,E8,2,H,2,2,405,7.903,0.5,5,3,-3,EXP
1245,4b,12,D5a,D,D4,2,H,2,1,263,7.652,0.333,2,28,7,EXP
1245,4b,12,D5a,D,D4,2,H,2,1,298,7.39,0.6,3,8,41,EXP
1245,4b,12,D5a,D,D4,2,H,2,2,354,6.776,0.5,4,6,-11,EXP
1247,4b,12,D5a,D,D6,2,H,2,1,263,7.483,0.5,2,14,-1,EXP
1247,4b,12,D5a,D,D6,2,H,2,1,298,7.412,0.5,3,12,0,EXP
1247,4b,12,D5a,D,D6,2,H,2,2,354,7.072,0.6,4,10,0,EXP
1247,4b,12,D5a,D,D6,2,H,2,2,404,6.445,1,5,3,0,EXP
1248,4b,12,D5a,D,D7,2,L,1,1,263,8,0.429,2,21,-2,EXP
1248,4b,12,D5a,D,D7,2,L,1,1,298,8,0.429,3,15,0,EXP
1248,4b,12,D5a,D,D7,2,L,1,2,354,8,0.333,4,14,-1,EXP
1248,4b,12,D5a,D,D7,2,L,1,2,404,7.573,0.25,5,7,-3,EXP
1251,4b,12,D4b,E,E2,2,H,2,1,263,8,0.286,1,30,0,EXP
1251,4b,12,D4b,E,E2,2,H,2,1,263,7.824,0.333,2,35,0,EXP
1251,4b,12,D4b,E,E2,2,H,2,1,298,7.701,0.333,3,4,-8,EXP
1251,4b,12,D4b,E,E2,2,H,2,2,355,7.285,0,4,9,2,EXP
1251,4b,12,D4b,E,E2,2,H,2,2,405,6.803,0,5,9,0,EXP
1252,4b,12,D4b,E,E3,2,L,1,1,263,8,1,2,21,-4,EXP
1252,4b,12,D4b,E,E3,2,L,1,1,298,8,1,3,15,-3,EXP
1252,4b,12,D4b,E,E3,2,L,1,2,355,7.882,1,4,8,10,EXP
1252,4b,12,D4b,E,E3,2,L,1,2,405,7.501,1,5,4,31,EXP
1253,4b,12,D4b,E,E4,2,H,2,1,263,7.652,0.833,2,30,3,EXP
1253,4b,12,D4b,E,E4,2,H,2,1,298,7.555,0.833,3,8,-3,EXP
1253,4b,12,D4b,E,E4,2,H,2,2,355,7.302,1,4,12,23,EXP
1253,4b,12,D4b,E,E4,2,H,2,2,405,6.816,1,5,11,9,EXP
1254,4b,12,D4b,E,E5,2,L,1,1,263,8,0.571,1,10,-8,EXP
1254,4b,12,D4b,E,E5,2,L,1,1,263,8,0.571,2,17,0,EXP
1254,4b,12,D4b,E,E5,2,L,1,1,298,8,0.571,3,21,0,EXP
1258,7,48,E2a,F,F1,2,L,1,1,242,8,0.429,1,1,10,EXP
1258,7,48,E2a,F,F1,2,L,1,1,284,8,0.714,2,3,5,EXP
1258,7,48,E2a,F,F1,2,L,1,1,326,8,0.714,3,4,-4,EXP
1258,7,48,E2a,F,F1,2,L,1,2,380,8,0.714,4,3,-4,EXP
1262,7,48,E2a,F,F5,2,L,1,1,242,8,0.714,1,25,15,EXP
1262,7,48,E2a,F,F5,2,L,1,1,284,8,0.714,2,31,-3,EXP
1262,7,48,E2a,F,F5,2,L,1,1,326,8,0.714,3,11,43,EXP
1262,7,48,E2a,F,F5,2,L,1,2,380,7.634,0.6,4,18,26,EXP
1262,7,48,E2a,F,F5,2,L,1,2,425,7.187,0.5,5,9,5,EXP
1263,7,48,E2a,F,F6,2,H,2,1,242,8,0.429,1,33,0,EXP
1263,7,48,E2a,F,F6,2,H,2,1,284,8,0.571,2,22,-5,EXP
1263,7,48,E2a,F,F6,2,H,2,1,326,8,1,3,23,5,EXP
1263,7,48,E2a,F,F6,2,H,2,2,380,8,1,4,7,-6,EXP
1263,7,48,E2a,F,F6,2,H,2,2,425,8,1,5,8,0,EXP
1264,26,18,G6b,F,F7,2,L,1,1,238,8,0.286,1,8,0,EXP
1264,26,18,G6b,F,F7,2,L,1,1,280,8,0.571,2,38,-1,EXP
1264,26,18,G6b,F,F7,2,L,1,1,322,7.849,0.667,3,26,0,EXP
1264,26,18,G6b,F,F7,2,L,1,2,376,7.522,0.5,4,14,0,EXP
1266,26,18,G6b,F,F1,2,L,1,1,238,8,0.429,1,3,9,EXP
1266,26,18,G6b,F,F1,2,L,1,1,280,8,0.714,2,1,0,EXP
1266,26,18,G6b,F,F1,2,L,1,1,322,8,0.714,3,2,-3,EXP
1266,26,18,G6b,F,F1,2,L,1,2,376,8,0.714,4,1,-2,EXP
1269,26,18,G6b,F,F4,2,H,2,1,238,8,0.714,1,24,0,EXP
1269,26,18,G6b,F,F4,2,H,2,1,280,7.652,1,2,10,-19,EXP
1270,26,18,G6b,F,F5,2,L,1,1,238,8,0.714,1,27,-7,EXP
1270,26,18,G6b,F,F5,2,L,1,1,280,8,0.714,2,32,0,EXP
1271,26,18,G6b,F,F6,2,H,2,1,238,8,0.429,1,31,18,EXP
1271,26,18,G6b,F,F6,2,H,2,1,280,8,0.571,2,18,-13,EXP
1271,26,18,G6b,F,F6,2,H,2,1,322,8,1,3,24,-8,EXP
1271,26,18,G6b,F,F6,2,H,2,2,376,8,1,4,8,2,EXP
1272,28,20,C2b,F,F7,2,L,1,1,233,8,0.286,1,10,-8,EXP
1272,28,20,C2b,F,F7,2,L,1,1,275,8,0.571,2,38,-1,EXP
1273,28,20,C2b,F,F8,2,H,2,1,233,8,0.143,1,40,14,EXP
1273,28,20,C2b,F,F8,2,H,2,1,275,7.652,0.333,2,27,41,EXP
1275,28,20,C2b,F,F2,2,H,2,1,233,8,0.286,1,14,2,EXP
1275,28,20,C2b,F,F2,2,H,2,1,275,8,0.286,2,7,0,EXP
1275,28,20,C2b,F,F2,2,H,2,2,371,7.1,0.25,4,5,0,EXP
1276,28,20,C2b,F,F3,2,L,1,1,233,8,0.286,1,37,11,EXP
1276,28,20,C2b,F,F3,2,L,1,1,275,8,0.286,2,33,2,EXP
1276,28,20,C2b,F,F3,2,L,1,1,317,8,0.571,3,8,0,EXP
1276,28,20,C2b,F,F3,2,L,1,2,371,7.882,0.25,4,4,0,EXP
1277,28,20,C2b,F,F4,2,H,2,1,233,8,0.714,1,22,-12,EXP
1277,28,20,C2b,F,F4,2,H,2,1,275,7.652,1,2,9,-1,EXP
1277,28,20,C2b,F,F4,2,H,2,1,317,7.555,1,3,25,0,EXP
1278,28,20,C2b,F,F5,2,L,1,1,233,8,0.714,1,26,5,EXP
1278,28,20,C2b,F,F5,2,L,1,1,275,8,0.714,2,30,-3,EXP
1278,28,20,C2b,F,F5,2,L,1,1,317,8,0.714,3,14,-6,EXP
1278,28,20,C2b,F,F5,2,L,1,2,371,7.634,0.6,4,17,-3,EXP
1279,28,20,C2b,F,F6,2,H,2,1,233,8,0.429,1,32,0,EXP
1279,28,20,C2b,F,F6,2,H,2,1,275,8,0.571,2,19,-12,EXP
1279,28,20,C2b,F,F6,2,H,2,1,317,8,1,3,20,-8,EXP
1279,28,20,C2b,F,F6,2,H,2,2,371,8,1,4,8,-5,EXP
1280,28,20,G3b,F,F7,2,L,1,1,233,8,0.286,1,12,3,EXP
1280,28,20,G3b,F,F7,2,L,1,1,275,8,0.571,2,37,6,EXP
1280,28,20,G3b,F,F7,2,L,1,1,317,7.849,0.667,3,26,0,EXP
1281,28,20,G3b,F,F8,2,H,2,1,233,8,0.143,1,47,-3,EXP
1281,28,20,G3b,F,F8,2,H,2,1,275,7.652,0.333,2,28,-7,EXP
1282,28,20,G3b,F,F1,2,L,1,1,233,8,0.429,1,5,-8,EXP
1282,28,20,G3b,F,F1,2,L,1,1,275,8,0.714,2,5,-4,EXP
1282,28,20,G3b,F,F1,2,L,1,1,317,8,0.714,3,3,-7,EXP
1282,28,20,G3b,F,F1,2,L,1,2,371,8,0.714,4,3,-2,EXP
1283,28,20,G3b,F,F2,2,H,2,1,233,8,0.286,1,15,-4,EXP
1283,28,20,G3b,F,F2,2,H,2,1,275,8,0.286,2,8,0,EXP
1284,28,20,G3b,F,F3,2,L,1,1,233,8,0.286,1,39,-2,EXP
1284,28,20,G3b,F,F3,2,L,1,1,275,8,0.286,2,34,-2,EXP
1284,28,20,G3b,F,F3,2,L,1,1,317,8,0.571,3,9,0,EXP
1285,28,20,G3b,F,F4,2,H,2,1,233,8,0.714,1,23,-11,EXP
1285,28,20,G3b,F,F4,2,H,2,1,275,7.652,1,2,14,-14,EXP
1285,28,20,G3b,F,F4,2,H,2,1,317,7.555,1,3,25,0,EXP
1285,28,20,G3b,F,F4,2,H,2,2,371,7.302,1,4,15,1,EXP
1285,28,20,G3b,F,F4,2,H,2,2,416,6.679,1,5,1,0,EXP
1286,28,20,G3b,F,F5,2,L,1,1,233,8,0.714,1,28,-7,EXP
1287,28,20,G3b,F,F6,2,H,2,1,233,8,0.429,1,46,-2,EXP
1287,28,20,G3b,F,F6,2,H,2,1,275,8,0.571,2,21,-5,EXP
1287,28,20,G3b,F,F6,2,H,2,1,317,8,1,3,21,-1,EXP
1287,28,20,G3b,F,F6,2,H,2,2,371,8,1,4,13,-5,EXP
1287,28,20,G3b,F,F6,2,H,2,2,416,8,1,5,8,0,EXP
1290,1,9,D6b,F,F1,2,L,1,1,226,8,0.429,1,11,-2,EXP
1290,1,9,D6b,F,F1,2,L,1,1,268,8,0.714,2,4,-2,EXP
1290,1,9,D6b,F,F1,2,L,1,1,310,8,0.714,3,1,-4,EXP
1291,5,57,E5b,F,F2,2,H,2,1,224,8,0.286,1,13,27,EXP
1291,5,57,E5b,F,F2,2,H,2,1,266,8,0.286,2,7,1,EXP
1291,5,57,E5b,F,F2,2,H,2,1,308,7.849,0.333,3,7,0,EXP
1293,25,37b,G5b,F,F4,2,H,2,1,221,8,0.714,1,18,29,EXP
1293,25,37b,G5b,F,F4,2,H,2,1,263,7.652,1,2,15,0,EXP
1293,25,37b,G5b,F,F4,2,H,2,1,305,7.555,1,3,25,0,EXP
1293,25,37b,G5b,F,F4,2,H,2,2,359,7.302,1,4,16,0,EXP
1294,25,37b,G5b,F,F5,2,L,1,1,221,8,0.714,1,29,1,EXP
1294,25,37b,G5b,F,F5,2,L,1,1,263,8,0.714,2,29,10,EXP
1294,25,37b,G5b,F,F5,2,L,1,1,305,8,0.714,3,12,-29,EXP
1294,25,37b,G5b,F,F5,2,L,1,2,359,7.634,0.6,4,18,0,EXP
1295,25,37b,G5b,F,F6,2,H,2,1,221,8,0.429,1,42,-8,EXP
1295,25,37b,G5b,F,F6,2,H,2,1,263,8,0.571,2,20,18,EXP
1295,25,37b,G5b,F,F6,2,H,2,1,305,8,1,3,24,7,EXP
1295,25,37b,G5b,F,F6,2,H,2,2,359,8,1,4,11,1,EXP
1295,25,37b,G5b,F,F6,2,H,2,2,404,8,1,5,7,-10,EXP
1296,25,37b,G5b,F,F7,2,L,1,1,221,8,0.286,1,6,-3,EXP
1296,25,37b,G5b,F,F7,2,L,1,1,263,8,0.571,2,38,0,EXP
1296,25,37b,G5b,F,F7,2,L,1,1,305,7.849,0.667,3,26,5,EXP
1296,25,37b,G5b,F,F7,2,L,1,2,359,7.522,0.5,4,14,0,EXP
1296,25,37b,G5b,F,F7,2,L,1,2,404,6.984,0.5,5,2,-11,EXP
1297,25,37b,G5b,F,F8,2,H,2,1,221,8,0.143,1,43,-1,EXP
1297,25,37b,G5b,F,F8,2,H,2,1,263,7.652,0.333,2,24,10,EXP
1297,25,37b,G5b,F,F8,2,H,2,1,305,7.555,0.667,3,15,4,EXP
1297,25,37b,G5b,F,F8,2,H,2,2,359,7.034,0.333,4,6,-5,EXP
1297,25,37b,G5b,F,F8,2,H,2,2,404,5.96,0,5,9,6,EXP
1298,25,21,D3b,F,F1,2,L,1,1,217,8,0.429,1,7,-3,EXP
1298,25,21,D3b,F,F1,2,L,1,1,259,8,0.714,2,2,3,EXP
1298,25,21,D3b,F,F1,2,L,1,1,301,8,0.714,3,5,-4,EXP
1298,25,21,D3b,F,F1,2,L,1,2,355,8,0.714,4,2,-3,EXP
1299,25,21,D3b,F,F2,2,H,2,1,217,8,0.286,1,16,-3,EXP
1299,25,21,D3b,F,F2,2,H,2,1,259,8,0.286,2,8,0,EXP
1299,25,21,D3b,F,F2,2,H,2,1,301,7.849,0.333,3,7,0,EXP
1300,25,21,D3b,F,F3,2,L,1,1,217,8,0.286,1,39,0,EXP
1300,25,21,D3b,F,F3,2,L,1,1,259,8,0.286,2,36,-1,EXP
1300,25,21,D3b,F,F3,2,L,1,1,301,8,0.571,3,10,17,EXP
1300,25,21,D3b,F,F3,2,L,1,2,355,7.882,0.25,4,4,20,EXP
1300,25,21,D3b,F,F3,2,L,1,2,400,7.11,0,5,10,20,EXP
1301,25,21,D3b,F,F4,2,H,2,1,217,8,0.714,1,19,2,EXP
1301,25,21,D3b,F,F4,2,H,2,1,259,7.652,1,2,11,-2,EXP
1301,25,21,D3b,F,F4,2,H,2,1,301,7.555,1,3,25,-1,EXP
1301,25,21,D3b,F,F4,2,H,2,2,355,7.302,1,4,15,0,EXP
1302,25,21,D3b,F,F5,2,L,1,1,217,8,0.714,1,30,-7,EXP
1302,25,21,D3b,F,F5,2,L,1,1,259,8,0.714,2,29,0,EXP
1302,25,21,D3b,F,F5,2,L,1,1,301,8,0.714,3,13,-3,EXP
1303,25,21,D3b,F,F6,2,H,2,1,217,8,0.429,1,36,-2,EXP
1303,25,21,D3b,F,F6,2,H,2,1,259,8,0.571,2,16,-14,EXP
1303,25,21,D3b,F,F6,2,H,2,1,301,8,1,3,22,3,EXP
1303,25,21,D3b,F,F6,2,H,2,2,355,8,1,4,12,13,EXP
1303,25,21,D3b,F,F6,2,H,2,2,400,8,1,5,6,-12,EXP
1305,25,21,D3b,F,F8,2,H,2,1,217,8,0.143,1,44,0,EXP
1305,25,21,D3b,F,F8,2,H,2,1,259,7.652,0.333,2,26,-15,EXP
1305,25,21,D3b,F,F8,2,H,2,1,301,7.555,0.667,3,16,-2,EXP
1305,25,21,D3b,F,F8,2,H,2,2,355,7.034,0.333,4,6,0,EXP
1306,25,21,D3b,F,F1,2,L,1,1,217,8,0.429,1,9,-1,EXP
1306,25,21,D3b,F,F1,2,L,1,1,259,8,0.714,2,6,14,EXP
1306,25,21,D3b,F,F1,2,L,1,1,301,8,0.714,3,6,34,EXP
1306,25,21,D3b,F,F1,2,L,1,2,355,8,0.714,4,3,22,EXP
1306,25,21,D3b,F,F1,2,L,1,2,400,7.903,0.667,5,10,0,EXP
1308,25,21,D1a,F,F3,2,L,1,1,217,8,0.286,1,38,-1,EXP
1308,25,21,D1a,F,F3,2,L,1,1,259,8,0.286,2,33,0,EXP
1308,25,21,D1a,F,F3,2,L,1,1,301,8,0.571,3,8,-2,EXP
1309,25,21,D1a,F,F4,2,H,2,1,217,8,0.714,1,21,0,EXP
1309,25,21,D1a,F,F4,2,H,2,1,259,7.652,1,2,12,20,EXP
1309,25,21,D1a,F,F4,2,H,2,1,301,7.555,1,3,25,1,EXP
1309,25,21,D1a,F,F4,2,H,2,2,355,7.302,1,4,15,1,EXP
1309,25,21,D1a,F,F4,2,H,2,2,400,6.679,1,5,4,9,EXP
1311,25,21,D1a,F,F6,2,H,2,1,217,8,0.429,1,34,6,EXP
1311,25,21,D1a,F,F6,2,H,2,1,259,8,0.571,2,17,44,EXP
1311,25,21,D1a,F,F6,2,H,2,1,301,8,1,3,19,22,EXP
1311,25,21,D1a,F,F6,2,H,2,2,355,8,1,4,9,32,EXP
1311,25,21,D1a,F,F6,2,H,2,2,400,8,1,5,5,19,EXP
1312,25,21,D1a,F,F7,2,L,1,1,217,8,0.286,1,14,8,EXP
1316,1,33,F2b,F,F3,2,L,1,1,214,8,0.286,1,38,3,EXP
1316,1,33,F2b,F,F3,2,L,1,1,256,8,0.286,2,35,-1,EXP
1316,1,33,F2b,F,F3,2,L,1,1,298,8,0.571,3,8,0,EXP
1317,1,33,F2b,F,F4,2,H,2,1,214,8,0.714,1,20,1,EXP
1317,1,33,F2b,F,F4,2,H,2,1,256,7.652,1,2,13,3,EXP
1317,1,33,F2b,F,F4,2,H,2,1,298,7.555,1,3,25,0,EXP
1317,1,33,F2b,F,F4,2,H,2,2,352,7.302,1,4,16,0,EXP
1317,1,33,F2b,F,F4,2,H,2,2,397,6.679,1,5,2,-6,EXP
1319,1,33,F2b,F,F6,2,H,2,1,214,8,0.429,1,35,0,EXP
1319,1,33,F2b,F,F6,2,H,2,1,256,8,0.571,2,23,-5,EXP
1319,1,33,F2b,F,F6,2,H,2,1,298,8,1,3,18,2,EXP
1319,1,33,F2b,F,F6,2,H,2,2,352,8,1,4,10,-3,EXP
1319,1,33,F2b,F,F6,2,H,2,2,397,8,1,5,8,0,EXP
1320,1,33,F2b,F,F7,2,L,1,1,214,8,0.286,1,2,1,EXP
1320,1,33,F2b,F,F7,2,L,1,1,256,8,0.571,2,37,6,EXP
1320,1,33,F2b,F,F7,2,L,1,1,298,7.849,0.667,3,26,0,EXP
1320,1,33,F2b,F,F7,2,L,1,2,352,7.522,0.5,4,14,0,EXP
1320,1,33,F2b,F,F7,2,L,1,2,397,6.984,0.5,5,3,26,EXP
1321,1,33,F2b,F,F8,2,H,2,1,214,8,0.143,1,45,0,EXP
1321,1,33,F2b,F,F8,2,H,2,1,256,7.652,0.333,2,25,-6,EXP
1321,1,33,F2b,F,F8,2,H,2,1,298,7.555,0.667,3,17,-4,EXP
1325,7,47,E1a,G,G4,2,H,2,1,246,8,0.286,1,25,0,EXP
1325,7,47,E1a,G,G4,2,H,2,1,288,7.652,0.667,2,11,-4,EXP
1325,7,47,E1a,G,G4,2,H,2,1,326,7.555,0.667,3,10,8,EXP
1325,7,47,E1a,G,G4,2,H,2,2,384,6.893,0.333,4,5,0,EXP
1325,7,47,E1a,G,G4,2,H,2,2,422,6.244,0.333,5,6,0,EXP
1327,7,47,E1a,G,G6,2,H,2,1,249,8,0.429,1,24,0,EXP
1327,7,47,E1a,G,G6,2,H,2,1,288,8,0.429,2,22,-3,EXP
1327,7,47,E1a,G,G6,2,H,2,1,326,8,0.429,3,20,0,EXP
1327,7,47,E1a,G,G6,2,H,2,2,384,8,0.429,4,6,0,EXP
1327,7,47,E1a,G,G6,2,H,2,2,422,8,0.429,5,9,-1,EXP
1329,7,47,E1a,G,G8,2,H,2,1,249,8,0.429,1,26,0,EXP
1329,7,47,E1a,G,G8,2,H,2,1,288,8,0.571,2,26,-5,EXP
1329,7,47,E1a,G,G8,2,H,2,1,326,8,0.571,3,17,-3,EXP
1331,7,47,E1a,G,G2,2,H,2,1,246,8,0.286,1,17,0,EXP
1332,7,47,E1a,G,G3,2,L,1,1,249,8,0.143,1,2,17,EXP
1332,7,47,E1a,G,G3,2,L,1,1,288,8,0.714,2,16,10,EXP
1332,7,47,E1a,G,G3,2,L,1,1,326,8,0.714,3,6,19,EXP
1332,7,47,E1a,G,G3,2,L,1,2,384,7.766,0.75,4,3,-14,EXP
1332,7,47,E1a,G,G3,2,L,1,2,422,7.169,0.75,5,5,18,EXP
1333,7,47,E1a,G,G4,2,H,2,1,246,8,0.286,1,27,22,EXP
1333,7,47,E1a,G,G4,2,H,2,1,288,7.652,0.667,2,10,9,EXP
1333,7,47,E1a,G,G4,2,H,2,1,326,7.555,0.667,3,12,3,EXP
1333,7,47,E1a,G,G4,2,H,2,2,384,6.893,0.333,4,5,0,EXP
1333,7,47,E1a,G,G4,2,H,2,2,422,6.244,0.333,5,6,20,EXP
1334,7,48,C3b,G,G5,2,L,1,1,247,8,0.429,1,9,0,EXP
1334,7,48,C3b,G,G5,2,L,1,1,286,8,0.571,2,20,0,EXP
1334,7,48,C3b,G,G5,2,L,1,1,324,8,0.571,3,15,0,EXP
1334,7,48,C3b,G,G5,2,L,1,2,382,8,0.571,4,5,0,EXP
1334,7,48,C3b,G,G5,2,L,1,2,420,7.903,0.5,5,8,1,EXP
1335,7,48,C3b,G,G6,2,H,2,1,247,8,0.429,1,20,5,EXP
1335,7,48,C3b,G,G6,2,H,2,1,286,8,0.429,2,23,19,EXP
1335,7,48,C3b,G,G6,2,H,2,1,324,8,0.429,3,20,5,EXP
1335,7,48,C3b,G,G6,2,H,2,2,382,8,0.429,4,6,0,EXP
1335,7,48,C3b,G,G6,2,H,2,2,420,8,0.429,5,9,55,EXP
1337,7,48,C3b,G,G8,2,H,2,1,247,8,0.429,1,26,0,EXP
1337,7,48,C3b,G,G8,2,H,2,1,286,8,0.571,2,27,0,EXP
1337,7,48,C3b,G,G8,2,H,2,1,324,8,0.571,3,19,-2,EXP
1338,7,48,C3b,G,G1,2,L,1,1,244,8,0.286,1,11,4,EXP
1338,7,48,C3b,G,G1,2,L,1,1,286,8,0.571,2,2,-3,EXP
1338,7,48,C3b,G,G1,2,L,1,1,324,7.849,0.667,3,5,-1,EXP
1339,7,48,C3b,G,G2,2,H,2,1,244,8,0.286,1,22,0,EXP
1339,7,48,C3b,G,G2,2,H,2,1,286,8,0.714,2,7,3,EXP
1339,7,48,C3b,G,G2,2,H,2,1,324,7.849,0.667,3,1,-1,EXP
1340,7,48,C3b,G,G3,2,L,1,1,247,8,0.143,1,3,-7,EXP
1340,7,48,C3b,G,G3,2,L,1,1,286,8,0.714,2,17,-3,EXP
1340,7,48,C3b,G,G3,2,L,1,1,324,8,0.714,3,7,-24,EXP
1340,7,48,C3b,G,G3,2,L,1,2,382,7.766,0.75,4,4,-3,EXP
1340,7,48,C3b,G,G3,2,L,1,2,420,7.169,0.75,5,4,0,EXP
1341,25,37b,F4b,G,G4,2,H,2,1,273,7.652,0.667,2,12,2,EXP
1345,25,37b,F4b,G,G8,2,H,2,1,234,8,0.429,1,26,0,EXP
1345,25,37b,F4b,G,G8,2,H,2,1,273,8,0.571,2,26,-14,EXP
1345,25,37b,F4b,G,G8,2,H,2,1,311,8,0.571,3,18,33,EXP
1345,25,37b,F4b,G,G8,2,H,2,2,369,7.634,0.5,4,8,0,EXP
1345,25,37b,F4b,G,G8,2,H,2,2,407,6.927,0.333,5,12,0,EXP
1346,25,37b,F4b,G,G1,2,L,1,1,231,8,0.286,1,13,6,EXP
1346,25,37b,F4b,G,G1,2,L,1,1,273,8,0.571,2,1,7,EXP
1346,25,37b,F4b,G,G1,2,L,1,1,311,7.849,0.667,3,3,14,EXP
1346,25,37b,F4b,G,G1,2,L,1,2,369,7.1,0.75,4,1,6,EXP
1346,25,37b,F4b,G,G1,2,L,1,2,407,6.528,0.667,5,2,12,EXP
1347,25,37b,F4b,G,G2,2,H,2,1,231,8,0.286,1,18,3,EXP
1347,25,37b,F4b,G,G2,2,H,2,1,273,8,0.714,2,6,-3,EXP
1347,25,37b,F4b,G,G2,2,H,2,1,311,7.849,0.667,3,2,5,EXP
1347,25,37b,F4b,G,G2,2,H,2,2,369,7.371,0.667,4,4,1,EXP
1347,25,37b,F4b,G,G2,2,H,2,2,407,6.596,0.667,5,1,1,EXP
1348,25,37b,F4b,G,G3,2,L,1,1,234,8,0.143,1,1,1,EXP
1348,25,37b,F4b,G,G3,2,L,1,1,273,8,0.714,2,15,-1,EXP
1348,25,37b,F4b,G,G3,2,L,1,1,311,8,0.714,3,8,28,EXP
1348,25,37b,F4b,G,G3,2,L,1,2,369,7.766,0.75,4,3,27,EXP
1348,25,37b,F4b,G,G3,2,L,1,2,407,7.169,0.75,5,5,18,EXP
1349,28,40,F5b,G,G4,2,H,2,1,230,8,0.286,1,27,0,EXP
1349,28,40,F5b,G,G4,2,H,2,1,272,7.652,0.667,2,13,0,EXP
1349,28,40,F5b,G,G4,2,H,2,1,310,7.555,0.667,3,12,0,EXP
1350,28,40,F5b,G,G5,2,L,1,1,233,8,0.429,1,8,-1,EXP
1350,28,40,F5b,G,G5,2,L,1,1,272,8,0.571,2,20,5,EXP
1350,28,40,F5b,G,G5,2,L,1,1,310,8,0.571,3,15,0,EXP
1352,28,40,F5b,G,G7,2,L,1,1,233,8,0.286,1,16,0,EXP
1352,28,40,F5b,G,G7,2,L,1,1,272,8,0.429,2,30,2,EXP
1352,28,40,F5b,G,G7,2,L,1,1,310,8,0.429,3,11,2,EXP
1352,28,40,F5b,G,G7,2,L,1,2,368,8,0.5,4,7,0,EXP
1352,28,40,F5b,G,G7,2,L,1,2,406,7.699,0.6,5,13,0,EXP
1354,5,57,F6b,G,G1,2,L,1,1,230,8,0.286,1,10,-2,EXP
1354,5,57,F6b,G,G1,2,L,1,1,272,8,0.571,2,4,2,EXP
1354,5,57,F6b,G,G1,2,L,1,1,310,7.849,0.667,3,4,-3,EXP
1354,5,57,F6b,G,G1,2,L,1,2,368,7.1,0.75,4,2,0,EXP
1354,5,57,F6b,G,G1,2,L,1,2,406,6.528,0.667,5,2,0,EXP
1358,5,57,F6b,G,G5,2,L,1,1,233,8,0.429,1,6,-3,EXP
1358,5,57,F6b,G,G5,2,L,1,1,272,8,0.571,2,19,-4,EXP
1358,5,57,F6b,G,G5,2,L,1,1,310,8,0.571,3,15,0,EXP
1358,5,57,F6b,G,G5,2,L,1,2,368,8,0.571,4,5,0,EXP
1358,5,57,F6b,G,G5,2,L,1,2,406,7.903,0.5,5,7,-1,EXP
1359,5,57,F6b,G,G6,2,H,2,1,233,8,0.429,1,12,13,EXP
1359,5,57,F6b,G,G6,2,H,2,1,272,8,0.429,2,24,-5,EXP
1359,5,57,F6b,G,G6,2,H,2,1,310,8,0.429,3,20,-4,EXP
1359,5,57,F6b,G,G6,2,H,2,2,368,8,0.429,4,6,0,EXP
1359,5,57,F6b,G,G6,2,H,2,2,406,8,0.429,5,10,-19,EXP
1362,5,57,F6b,G,G1,2,L,1,1,230,8,0.286,1,14,0,EXP
1362,5,57,F6b,G,G1,2,L,1,1,272,8,0.571,2,5,0,EXP
1363,5,57,F6b,G,G2,2,H,2,1,230,8,0.286,1,21,5,EXP
1363,5,57,F6b,G,G2,2,H,2,1,272,8,0.714,2,9,-9,EXP
1363,5,57,F6b,G,G2,2,H,2,1,310,7.849,0.667,3,1,5,EXP
1363,5,57,F6b,G,G2,2,H,2,2,368,7.371,0.667,4,4,0,EXP
1363,5,57,F6b,G,G2,2,H,2,2,406,6.596,0.667,5,1,0,EXP
1364,6,43,C3a,G,G3,2,L,1,1,232,8,0.143,1,4,0,EXP
1364,6,43,C3a,G,G3,2,L,1,1,271,8,0.714,2,17,0,EXP
1364,6,43,C3a,G,G3,2,L,1,1,309,8,0.714,3,9,0,EXP
1366,6,43,C3a,G,G5,2,L,1,1,232,8,0.429,1,7,20,EXP
1366,6,43,C3a,G,G5,2,L,1,1,271,8,0.571,2,21,12,EXP
1366,6,43,C3a,G,G5,2,L,1,1,309,8,0.571,3,15,0,EXP
1366,6,43,C3a,G,G5,2,L,1,2,367,8,0.571,4,5,0,EXP
1366,6,43,C3a,G,G5,2,L,1,2,405,7.903,0.5,5,8,22,EXP
1368,6,43,C3a,G,G7,2,L,1,1,232,8,0.286,1,19,0,EXP
1368,6,43,C3a,G,G7,2,L,1,1,271,8,0.429,2,28,18,EXP
1368,6,43,C3a,G,G7,2,L,1,1,309,8,0.429,3,13,29,EXP
1368,6,43,C3a,G,G7,2,L,1,2,367,8,0.5,4,7,0,EXP
1368,6,43,C3a,G,G7,2,L,1,2,405,7.699,0.6,5,14,14,EXP
1369,6,43,C3a,G,G8,2,H,2,1,232,8,0.429,1,26,0,EXP
1369,6,43,C3a,G,G8,2,H,2,1,271,8,0.571,2,25,16,EXP
1369,6,43,C3a,G,G8,2,H,2,1,309,8,0.571,3,17,-3,EXP
1369,6,43,C3a,G,G8,2,H,2,2,367,7.634,0.5,4,8,0,EXP
1371,6,43,C3a,G,G2,2,H,2,1,229,8,0.286,1,23,0,EXP
1371,6,43,C3a,G,G2,2,H,2,1,271,8,0.714,2,8,-1,EXP
1373,25,21,G1a,G,G4,2,H,2,1,217,8,0.286,1,27,20,EXP
1373,25,21,G1a,G,G4,2,H,2,1,259,7.652,0.667,2,14,-6,EXP
1375,25,21,G1a,G,G6,2,H,2,1,220,8,0.429,1,24,0,EXP
1375,25,21,G1a,G,G6,2,H,2,1,259,8,0.429,2,23,0,EXP
1375,25,21,G1a,G,G6,2,H,2,1,297,8,0.429,3,20,-1,EXP
1375,25,21,G1a,G,G6,2,H,2,2,355,8,0.429,4,6,0,EXP
1375,25,21,G1a,G,G6,2,H,2,2,393,8,0.429,5,11,-19,EXP
1376,25,21,G1a,G,G7,2,L,1,1,220,8,0.286,1,16,-1,EXP
1376,25,21,G1a,G,G7,2,L,1,1,259,8,0.429,2,31,3,EXP
1376,25,21,G1a,G,G7,2,L,1,1,297,8,0.429,3,14,-6,EXP
1376,25,21,G1a,G,G7,2,L,1,2,355,8,0.5,4,7,0,EXP
1376,25,21,G1a,G,G7,2,L,1,2,393,7.699,0.6,5,13,0,EXP
1377,25,21,G1a,G,G8,2,H,2,1,220,8,0.429,1,26,0,EXP
1377,25,21,G1a,G,G8,2,H,2,1,259,8,0.571,2,29,0,EXP
1377,25,21,G1a,G,G8,2,H,2,1,297,8,0.571,3,19,-9,EXP
1377,25,21,G1a,G,G8,2,H,2,2,355,7.634,0.5,4,8,0,EXP
1377,25,21,G1a,G,G8,2,H,2,2,393,6.927,0.333,5,12,0,EXP
1378,25,21,G1a,G,G1,2,L,1,1,217,8,0.286,1,15,-4,EXP
1378,25,21,G1a,G,G1,2,L,1,1,259,8,0.571,2,3,0,EXP
1378,25,21,G1a,G,G1,2,L,1,1,297,7.849,0.667,3,5,-1,EXP
1378,25,21,G1a,G,G1,2,L,1,2,355,7.1,0.75,4,2,0,EXP
1378,25,21,G1a,G,G1,2,L,1,2,393,6.528,0.667,5,3,-6,EXP
1379,25,21,G2a,G,G2,2,H,2,1,217,8,0.286,1,23,0,EXP
1379,25,21,G2a,G,G2,2,H,2,1,259,8,0.714,2,7,0,EXP
1379,25,21,G2a,G,G2,2,H,2,1,297,7.849,0.667,3,2,0,EXP
1379,25,21,G2a,G,G2,2,H,2,2,355,7.371,0.667,4,4,0,EXP
1379,25,21,G2a,G,G2,2,H,2,2,393,6.596,0.667,5,1,-5,EXP
1380,25,21,G2a,G,G3,2,L,1,1,220,8,0.143,1,5,-2,EXP
1380,25,21,G2a,G,G3,2,L,1,1,259,8,0.714,2,18,0,EXP
1380,25,21,G2a,G,G3,2,L,1,1,297,8,0.714,3,9,8,EXP
1380,25,21,G2a,G,G3,2,L,1,2,355,7.766,0.75,4,3,-2,EXP
1380,25,21,G2a,G,G3,2,L,1,2,393,7.169,0.75,5,3,-8,EXP
1382,25,21,G2a,G,G5,2,L,1,1,220,8,0.429,1,9,0,EXP
1382,25,21,G2a,G,G5,2,L,1,1,259,8,0.571,2,19,0,EXP
1382,25,21,G2a,G,G5,2,L,1,1,297,8,0.571,3,15,0,EXP
1382,25,21,G2a,G,G5,2,L,1,2,355,8,0.571,4,5,0,EXP
1382,25,21,G2a,G,G5,2,L,1,2,393,7.903,0.5,5,7,-8,EXP
1384,2,34,G4a,G,G7,2,L,1,1,218,8,0.286,1,16,0,EXP
1384,2,34,G4a,G,G7,2,L,1,1,257,8,0.429,2,31,0,EXP
1384,2,34,G4a,G,G7,2,L,1,1,295,8,0.429,3,16,0,EXP
1384,2,34,G4a,G,G7,2,L,1,2,353,8,0.5,4,7,0,EXP
1384,2,34,G4a,G,G7,2,L,1,2,391,7.699,0.6,5,13,0,EXP
1012,26,38,A2a,A,H,2,H,2,3,NA,NA,NA,6,8,9,END
1012,26,38,A2a,A,H,2,H,2,3,NA,NA,NA,7,4,4,END
1012,26,38,A2a,A,H,2,H,2,3,NA,NA,NA,8,5,6,END
1012,26,38,A2a,A,H,2,H,2,3,NA,NA,NA,9,6,25,END
1012,26,38,A2a,A,H,2,H,2,3,NA,NA,NA,10,5,11,END
1012,26,38,A2a,A,H,2,H,2,3,NA,NA,NA,11,1,8,END
1012,26,38,A2a,A,H,2,H,2,3,NA,NA,NA,12,5,1,END
1012,26,38,A2a,A,H,2,H,2,3,NA,NA,NA,13,2,15,END
1012,26,38,A2a,A,H,2,H,2,3,NA,NA,NA,14,1,0,END
1013,26,38,A2a,A,H,2,L,1,3,NA,NA,NA,6,9,14,END
1013,26,38,A2a,A,H,2,L,1,3,NA,NA,NA,7,9,-1,END
1013,26,38,A2a,A,H,2,L,1,3,NA,NA,NA,8,2,0,END
1013,26,38,A2a,A,H,2,L,1,3,NA,NA,NA,9,7,-19,END
1013,26,38,A2a,A,H,2,L,1,3,NA,NA,NA,10,8,9,END
1013,26,38,A2a,A,H,2,L,1,3,NA,NA,NA,11,8,10,END
1013,26,38,A2a,A,H,2,L,1,3,NA,NA,NA,12,6,21,END
1013,26,38,A2a,A,H,2,L,1,3,NA,NA,NA,13,6,4,END
1013,26,38,A2a,A,H,2,L,1,3,NA,NA,NA,14,8,8,END
1031,32,55,B4a,A,H,2,L,1,3,NA,NA,NA,6,6,8,END
1031,32,55,B4a,A,H,2,L,1,3,NA,NA,NA,7,6,5,END
1031,32,55,B4a,A,H,2,L,1,3,NA,NA,NA,8,8,2,END
1031,32,55,B4a,A,H,2,L,1,3,NA,NA,NA,9,8,8,END
1031,32,55,B4a,A,H,2,L,1,3,NA,NA,NA,10,3,6,END
1031,32,55,B4a,A,H,2,L,1,3,NA,NA,NA,11,2,3,END
1031,32,55,B4a,A,H,2,L,1,3,NA,NA,NA,12,1,3,END
1031,32,55,B4a,A,H,2,L,1,3,NA,NA,NA,13,7,0,END
1031,32,55,B4a,A,H,2,L,1,3,NA,NA,NA,14,4,-1,END
1032,32,55,B4a,A,H,2,H,2,3,NA,NA,NA,6,3,19,END
1032,32,55,B4a,A,H,2,H,2,3,NA,NA,NA,7,5,11,END
1032,32,55,B4a,A,H,2,H,2,3,NA,NA,NA,8,4,17,END
1032,32,55,B4a,A,H,2,H,2,3,NA,NA,NA,9,1,14,END
1032,32,55,B4a,A,H,2,H,2,3,NA,NA,NA,10,2,29,END
1032,32,55,B4a,A,H,2,H,2,3,NA,NA,NA,11,4,1,END
1032,32,55,B4a,A,H,2,H,2,3,NA,NA,NA,12,2,13,END
1032,32,55,B4a,A,H,2,H,2,3,NA,NA,NA,13,5,0,END
1032,32,55,B4a,A,H,2,H,2,3,NA,NA,NA,14,3,0,END
1038,25,17,C2a,A,H,2,H,2,3,NA,NA,NA,6,7,-3,END
1038,25,17,C2a,A,H,2,H,2,3,NA,NA,NA,7,8,11,END
1038,25,17,C2a,A,H,2,H,2,3,NA,NA,NA,8,3,2,END
1038,25,17,C2a,A,H,2,H,2,3,NA,NA,NA,9,3,-5,END
1038,25,17,C2a,A,H,2,H,2,3,NA,NA,NA,10,1,-5,END
1038,25,17,C2a,A,H,2,H,2,3,NA,NA,NA,11,9,7,END
1038,25,17,C2a,A,H,2,H,2,3,NA,NA,NA,12,7,3,END
1038,25,17,C2a,A,H,2,H,2,3,NA,NA,NA,13,1,6,END
1038,25,17,C2a,A,H,2,H,2,3,NA,NA,NA,14,5,10,END
1042,25,17,C2a,A,H,2,H,2,3,NA,NA,NA,6,2,17,END
1042,25,17,C2a,A,H,2,H,2,3,NA,NA,NA,7,7,20,END
1042,25,17,C2a,A,H,2,H,2,3,NA,NA,NA,8,7,26,END
1042,25,17,C2a,A,H,2,H,2,3,NA,NA,NA,9,5,0,END
1042,25,17,C2a,A,H,2,H,2,3,NA,NA,NA,10,4,18,END
1042,25,17,C2a,A,H,2,H,2,3,NA,NA,NA,11,5,23,END
1042,25,17,C2a,A,H,2,H,2,3,NA,NA,NA,12,9,7,END
1042,25,17,C2a,A,H,2,H,2,3,NA,NA,NA,13,8,22,END
1042,25,17,C2a,A,H,2,H,2,3,NA,NA,NA,14,6,21,END
1044,3,11,G6b,A,H,2,H,2,3,NA,NA,NA,6,4,13,END
1044,3,11,G6b,A,H,2,H,2,3,NA,NA,NA,7,1,28,END
1044,3,11,G6b,A,H,2,H,2,3,NA,NA,NA,8,1,44,END
1044,3,11,G6b,A,H,2,H,2,3,NA,NA,NA,9,2,13,END
1044,3,11,G6b,A,H,2,H,2,3,NA,NA,NA,10,6,15,END
1044,3,11,G6b,A,H,2,H,2,3,NA,NA,NA,11,6,23,END
1044,3,11,G6b,A,H,2,H,2,3,NA,NA,NA,12,8,-2,END
1044,3,11,G6b,A,H,2,H,2,3,NA,NA,NA,13,4,30,END
1044,3,11,G6b,A,H,2,H,2,3,NA,NA,NA,14,7,4,END
1056,7,47,A6a,A,H,2,H,2,3,NA,NA,NA,6,5,7,END
1056,7,47,A6a,A,H,2,H,2,3,NA,NA,NA,7,3,9,END
1056,7,47,A6a,A,H,2,H,2,3,NA,NA,NA,8,9,0,END
1056,7,47,A6a,A,H,2,H,2,3,NA,NA,NA,9,9,29,END
1056,7,47,A6a,A,H,2,H,2,3,NA,NA,NA,10,9,0,END
1056,7,47,A6a,A,H,2,H,2,3,NA,NA,NA,11,3,4,END
1056,7,47,A6a,A,H,2,H,2,3,NA,NA,NA,12,3,8,END
1056,7,47,A6a,A,H,2,H,2,3,NA,NA,NA,13,3,0,END
1056,7,47,A6a,A,H,2,H,2,3,NA,NA,NA,14,9,0,END
1057,7,47,A6a,A,H,2,L,1,3,NA,NA,NA,6,1,18,END
1057,7,47,A6a,A,H,2,L,1,3,NA,NA,NA,7,2,10,END
1057,7,47,A6a,A,H,2,L,1,3,NA,NA,NA,8,6,10,END
1057,7,47,A6a,A,H,2,L,1,3,NA,NA,NA,9,4,25,END
1057,7,47,A6a,A,H,2,L,1,3,NA,NA,NA,10,7,35,END
1057,7,47,A6a,A,H,2,L,1,3,NA,NA,NA,11,7,30,END
1057,7,47,A6a,A,H,2,L,1,3,NA,NA,NA,12,4,27,END
1057,7,47,A6a,A,H,2,L,1,3,NA,NA,NA,13,9,10,END
1057,7,47,A6a,A,H,2,L,1,3,NA,NA,NA,14,2,22,END
1069,31,54,A5a,B,I,2,H,2,3,NA,NA,NA,6,6,0,END
1069,31,54,A5a,B,I,2,H,2,3,NA,NA,NA,7,6,1,END
1069,31,54,A5a,B,I,2,H,2,3,NA,NA,NA,8,5,2,END
1069,31,54,A5a,B,I,2,H,2,3,NA,NA,NA,9,6,1,END
1069,31,54,A5a,B,I,2,H,2,3,NA,NA,NA,10,4,5,END
1073,28,40,B3a,B,I,2,H,2,3,NA,NA,NA,6,7,0,END
1073,28,40,B3a,B,I,2,H,2,3,NA,NA,NA,7,10,0,END
1073,28,40,B3a,B,I,2,H,2,3,NA,NA,NA,8,11,0,END
1074,28,40,B3a,B,I,2,L,1,3,NA,NA,NA,6,8,0,END
1074,28,40,B3a,B,I,2,L,1,3,NA,NA,NA,7,7,0,END
1074,28,40,B3a,B,I,2,L,1,3,NA,NA,NA,8,10,1,END
1074,28,40,B3a,B,I,2,L,1,3,NA,NA,NA,9,1,0,END
1074,28,40,B3a,B,I,2,L,1,3,NA,NA,NA,10,5,1,END
1075,28,40,B3a,B,I,2,H,2,3,NA,NA,NA,6,9,0,END
1075,28,40,B3a,B,I,2,H,2,3,NA,NA,NA,7,8,2,END
1075,28,40,B3a,B,I,2,H,2,3,NA,NA,NA,8,6,11,END
1075,28,40,B3a,B,I,2,H,2,3,NA,NA,NA,9,2,2,END
1075,28,40,B3a,B,I,2,H,2,3,NA,NA,NA,10,6,3,END
1076,28,40,B3a,B,I,2,L,1,3,NA,NA,NA,6,3,-1,END
1076,28,40,B3a,B,I,2,L,1,3,NA,NA,NA,7,2,0,END
1076,28,40,B3a,B,I,2,L,1,3,NA,NA,NA,8,1,5,END
1076,28,40,B3a,B,I,2,L,1,3,NA,NA,NA,9,8,8,END
1076,28,40,B3a,B,I,2,L,1,3,NA,NA,NA,10,2,8,END
1078,28,40,A1a,B,I,2,L,1,3,NA,NA,NA,6,10,0,END
1078,28,40,A1a,B,I,2,L,1,3,NA,NA,NA,7,11,0,END
1078,28,40,A1a,B,I,2,L,1,3,NA,NA,NA,8,12,0,END
1078,28,40,A1a,B,I,2,L,1,3,NA,NA,NA,9,10,0,END
1078,28,40,A1a,B,I,2,L,1,3,NA,NA,NA,10,3,0,END
1096,6,44,E3a,B,I,2,L,1,3,NA,NA,NA,6,1,4,END
1096,6,44,E3a,B,I,2,L,1,3,NA,NA,NA,7,1,-2,END
1096,6,44,E3a,B,I,2,L,1,3,NA,NA,NA,8,2,16,END
1096,6,44,E3a,B,I,2,L,1,3,NA,NA,NA,9,3,6,END
1096,6,44,E3a,B,I,2,L,1,3,NA,NA,NA,10,11,-6,END
1103,2,10b,F3b,B,I,2,H,2,3,NA,NA,NA,6,11,0,END
1103,2,10b,F3b,B,I,2,H,2,3,NA,NA,NA,7,9,0,END
1103,2,10b,F3b,B,I,2,H,2,3,NA,NA,NA,8,8,5,END
1103,2,10b,F3b,B,I,2,H,2,3,NA,NA,NA,9,7,1,END
1103,2,10b,F3b,B,I,2,H,2,3,NA,NA,NA,10,9,0,END
1111,1,13,B2b,B,I,2,H,2,3,NA,NA,NA,6,12,0,END
1111,1,13,B2b,B,I,2,H,2,3,NA,NA,NA,7,12,0,END
1111,1,13,B2b,B,I,2,H,2,3,NA,NA,NA,8,9,14,END
1111,1,13,B2b,B,I,2,H,2,3,NA,NA,NA,9,1,0,END
1111,1,13,B2b,B,I,2,H,2,3,NA,NA,NA,10,7,3,END
1115,2,14,B6a,B,I,2,H,2,3,NA,NA,NA,6,4,4,END
1115,2,14,B6a,B,I,2,H,2,3,NA,NA,NA,7,3,0,END
1115,2,14,B6a,B,I,2,H,2,3,NA,NA,NA,8,4,3,END
1115,2,14,B6a,B,I,2,H,2,3,NA,NA,NA,9,4,0,END
1115,2,14,B6a,B,I,2,H,2,3,NA,NA,NA,10,10,0,END
1116,2,14,B6a,B,I,2,L,1,3,NA,NA,NA,6,5,0,END
1116,2,14,B6a,B,I,2,L,1,3,NA,NA,NA,7,4,7,END
1116,2,14,B6a,B,I,2,L,1,3,NA,NA,NA,8,7,2,END
1116,2,14,B6a,B,I,2,L,1,3,NA,NA,NA,9,5,0,END
1116,2,14,B6a,B,I,2,L,1,3,NA,NA,NA,10,11,0,END
1129,7,48,C1a,B,I,2,H,2,3,NA,NA,NA,6,2,0,END
1129,7,48,C1a,B,I,2,H,2,3,NA,NA,NA,7,5,5,END
1129,7,48,C1a,B,I,2,H,2,3,NA,NA,NA,8,3,7,END
1129,7,48,C1a,B,I,2,H,2,3,NA,NA,NA,9,9,2,END
1129,7,48,C1a,B,I,2,H,2,3,NA,NA,NA,10,8,0,END
1131,7,48,C1a,D,I,2,H,2,3,NA,NA,NA,6,2,-3,END
1131,7,48,C1a,D,I,2,H,2,3,NA,NA,NA,7,2,53,END
1131,7,48,C1a,D,I,2,H,2,3,NA,NA,NA,8,1,29,END
1131,7,48,C1a,D,I,2,H,2,3,NA,NA,NA,9,3,17,END
1131,7,48,C1a,D,I,2,H,2,3,NA,NA,NA,10,20,30,END
1131,7,48,C1a,D,I,2,H,2,3,NA,NA,NA,11,3,21,END
1131,7,48,C1a,D,I,2,H,2,3,NA,NA,NA,12,4,42,END
1131,7,48,C1a,D,I,2,H,2,3,NA,NA,NA,13,6,13,END
1131,7,48,C1a,D,I,2,H,2,3,NA,NA,NA,14,9,31,END
1131,7,48,C1a,D,I,2,H,2,3,NA,NA,NA,15,8,26,END
1131,7,48,C1a,D,I,2,H,2,3,NA,NA,NA,16,3,31,END
1138,7,48,A5b,E,H,2,L,1,3,NA,NA,NA,6,9,0,END
1138,7,48,A5b,E,H,2,L,1,3,NA,NA,NA,7,1,0,END
1138,7,48,A5b,E,H,2,L,1,3,NA,NA,NA,8,9,4,END
1138,7,48,A5b,E,H,2,L,1,3,NA,NA,NA,9,10,7,END
1138,7,48,A5b,E,H,2,L,1,3,NA,NA,NA,10,9,8,END
1138,7,48,A5b,E,H,2,L,1,3,NA,NA,NA,11,2,6,END
1138,7,48,A5b,E,H,2,L,1,3,NA,NA,NA,12,11,12,END
1138,7,48,A5b,E,H,2,L,1,3,NA,NA,NA,13,2,5,END
1138,7,48,A5b,E,H,2,L,1,3,NA,NA,NA,14,1,10,END
1138,7,48,A5b,E,H,2,L,1,3,NA,NA,NA,15,1,12,END
1141,7,48,A5b,E,H,2,H,2,3,NA,NA,NA,6,4,2,END
1141,7,48,A5b,E,H,2,H,2,3,NA,NA,NA,7,6,0,END
1141,7,48,A5b,E,H,2,H,2,3,NA,NA,NA,8,13,4,END
1141,7,48,A5b,E,H,2,H,2,3,NA,NA,NA,9,12,-1,END
1141,7,48,A5b,E,H,2,H,2,3,NA,NA,NA,10,4,2,END
1141,7,48,A5b,E,H,2,H,2,3,NA,NA,NA,11,11,2,END
1141,7,48,A5b,E,H,2,H,2,3,NA,NA,NA,12,3,2,END
1141,7,48,A5b,E,H,2,H,2,3,NA,NA,NA,13,7,0,END
1141,7,48,A5b,E,H,2,H,2,3,NA,NA,NA,14,6,10,END
1141,7,48,A5b,E,H,2,H,2,3,NA,NA,NA,15,3,0,END
1154,31,54,G6a,E,H,2,L,1,3,NA,NA,NA,6,13,0,END
1154,31,54,G6a,E,H,2,L,1,3,NA,NA,NA,7,2,0,END
1154,31,54,G6a,E,H,2,L,1,3,NA,NA,NA,8,5,1,END
1154,31,54,G6a,E,H,2,L,1,3,NA,NA,NA,9,7,0,END
1154,31,54,G6a,E,H,2,L,1,3,NA,NA,NA,10,11,2,END
1154,31,54,G6a,E,H,2,L,1,3,NA,NA,NA,11,12,9,END
1154,31,54,G6a,E,H,2,L,1,3,NA,NA,NA,12,12,5,END
1154,31,54,G6a,E,H,2,L,1,3,NA,NA,NA,13,4,3,END
1154,31,54,G6a,E,H,2,L,1,3,NA,NA,NA,14,2,2,END
1154,31,54,G6a,E,H,2,L,1,3,NA,NA,NA,15,7,9,END
1158,31,54,G6a,E,H,2,L,1,3,NA,NA,NA,6,1,0,END
1158,31,54,G6a,E,H,2,L,1,3,NA,NA,NA,7,11,1,END
1158,31,54,G6a,E,H,2,L,1,3,NA,NA,NA,8,1,0,END
1158,31,54,G6a,E,H,2,L,1,3,NA,NA,NA,9,8,4,END
1158,31,54,G6a,E,H,2,L,1,3,NA,NA,NA,10,5,7,END
1158,31,54,G6a,E,H,2,L,1,3,NA,NA,NA,11,14,0,END
1158,31,54,G6a,E,H,2,L,1,3,NA,NA,NA,12,1,-7,END
1158,31,54,G6a,E,H,2,L,1,3,NA,NA,NA,13,11,0,END
1158,31,54,G6a,E,H,2,L,1,3,NA,NA,NA,14,8,0,END
1172,1,9,A6b,E,H,2,L,1,3,NA,NA,NA,6,14,5,END
1172,1,9,A6b,E,H,2,L,1,3,NA,NA,NA,7,7,9,END
1172,1,9,A6b,E,H,2,L,1,3,NA,NA,NA,8,6,4,END
1172,1,9,A6b,E,H,2,L,1,3,NA,NA,NA,9,11,13,END
1172,1,9,A6b,E,H,2,L,1,3,NA,NA,NA,10,10,2,END
1172,1,9,A6b,E,H,2,L,1,3,NA,NA,NA,11,3,21,END
1172,1,9,A6b,E,H,2,L,1,3,NA,NA,NA,12,5,2,END
1172,1,9,A6b,E,H,2,L,1,3,NA,NA,NA,13,5,1,END
1172,1,9,A6b,E,H,2,L,1,3,NA,NA,NA,14,3,3,END
1172,1,9,A6b,E,H,2,L,1,3,NA,NA,NA,15,2,2,END
1177,32,55,B2a,E,H,2,H,2,3,NA,NA,NA,6,10,0,END
1177,32,55,B2a,E,H,2,H,2,3,NA,NA,NA,7,8,12,END
1177,32,55,B2a,E,H,2,H,2,3,NA,NA,NA,8,14,18,END
1177,32,55,B2a,E,H,2,H,2,3,NA,NA,NA,9,3,22,END
1177,32,55,B2a,E,H,2,H,2,3,NA,NA,NA,10,3,34,END
1177,32,55,B2a,E,H,2,H,2,3,NA,NA,NA,11,4,19,END
1177,32,55,B2a,E,H,2,H,2,3,NA,NA,NA,12,10,-3,END
1177,32,55,B2a,E,H,2,H,2,3,NA,NA,NA,13,1,13,END
1177,32,55,B2a,E,H,2,H,2,3,NA,NA,NA,14,13,18,END
1177,32,55,B2a,E,H,2,H,2,3,NA,NA,NA,15,12,34,END
1188,28,40,F3a,E,H,2,L,1,3,NA,NA,NA,6,5,0,END
1188,28,40,F3a,E,H,2,L,1,3,NA,NA,NA,7,12,0,END
1188,28,40,F3a,E,H,2,L,1,3,NA,NA,NA,8,11,17,END
1188,28,40,F3a,E,H,2,L,1,3,NA,NA,NA,9,5,7,END
1188,28,40,F3a,E,H,2,L,1,3,NA,NA,NA,10,6,0,END
1188,28,40,F3a,E,H,2,L,1,3,NA,NA,NA,11,8,16,END
1188,28,40,F3a,E,H,2,L,1,3,NA,NA,NA,12,8,19,END
1188,28,40,F3a,E,H,2,L,1,3,NA,NA,NA,13,6,0,END
1188,28,40,F3a,E,H,2,L,1,3,NA,NA,NA,14,4,0,END
1188,28,40,F3a,E,H,2,L,1,3,NA,NA,NA,15,6,3,END
1193,28,40,F3a,E,H,2,H,2,3,NA,NA,NA,6,11,0,END
1193,28,40,F3a,E,H,2,H,2,3,NA,NA,NA,7,3,0,END
1193,28,40,F3a,E,H,2,H,2,3,NA,NA,NA,8,7,0,END
1193,28,40,F3a,E,H,2,H,2,3,NA,NA,NA,9,13,0,END
1193,28,40,F3a,E,H,2,H,2,3,NA,NA,NA,10,12,0,END
1193,28,40,F3a,E,H,2,H,2,3,NA,NA,NA,11,13,0,END
1193,28,40,F3a,E,H,2,H,2,3,NA,NA,NA,12,6,0,END
1193,28,40,F3a,E,H,2,H,2,3,NA,NA,NA,13,8,3,END
1193,28,40,F3a,E,H,2,H,2,3,NA,NA,NA,14,10,0,END
1193,28,40,F3a,E,H,2,H,2,3,NA,NA,NA,15,4,0,END
1198,28,40,B5b,D,I,2,L,1,3,NA,NA,NA,6,8,0,END
1198,28,40,B5b,D,I,2,L,1,3,NA,NA,NA,7,8,0,END
1198,28,40,B5b,D,I,2,L,1,3,NA,NA,NA,8,7,1,END
1198,28,40,B5b,D,I,2,L,1,3,NA,NA,NA,9,5,28,END
1198,28,40,B5b,D,I,2,L,1,3,NA,NA,NA,10,0,0,END
1198,28,40,B5b,D,I,2,L,1,3,NA,NA,NA,11,9,0,END
1198,28,40,B5b,D,I,2,L,1,3,NA,NA,NA,12,6,12,END
1198,28,40,B5b,D,I,2,L,1,3,NA,NA,NA,13,4,14,END
1198,28,40,B5b,D,I,2,L,1,3,NA,NA,NA,14,2,0,END
1198,28,40,B5b,D,I,2,L,1,3,NA,NA,NA,15,2,1,END
1198,28,40,B5b,D,I,2,L,1,3,NA,NA,NA,16,4,8,END
1201,28,40,B5b,D,I,2,H,2,3,NA,NA,NA,6,7,2,END
1201,28,40,B5b,D,I,2,H,2,3,NA,NA,NA,7,7,2,END
1201,28,40,B5b,D,I,2,H,2,3,NA,NA,NA,8,2,0,END
1201,28,40,B5b,D,I,2,H,2,3,NA,NA,NA,9,7,0,END
1201,28,40,B5b,D,I,2,H,2,3,NA,NA,NA,10,0,0,END
1201,28,40,B5b,D,I,2,H,2,3,NA,NA,NA,11,6,0,END
1201,28,40,B5b,D,I,2,H,2,3,NA,NA,NA,12,7,15,END
1201,28,40,B5b,D,I,2,H,2,3,NA,NA,NA,13,2,0,END
1201,28,40,B5b,D,I,2,H,2,3,NA,NA,NA,14,7,0,END
1201,28,40,B5b,D,I,2,H,2,3,NA,NA,NA,15,3,14,END
1201,28,40,B5b,D,I,2,H,2,3,NA,NA,NA,16,5,0,END
1208,1,13,E3b,E,H,2,L,1,3,NA,NA,NA,6,7,0,END
1208,1,13,E3b,E,H,2,L,1,3,NA,NA,NA,7,4,0,END
1208,1,13,E3b,E,H,2,L,1,3,NA,NA,NA,8,2,1,END
1208,1,13,E3b,E,H,2,L,1,3,NA,NA,NA,9,14,0,END
1208,1,13,E3b,E,H,2,L,1,3,NA,NA,NA,10,13,0,END
1208,1,13,E3b,E,H,2,L,1,3,NA,NA,NA,11,9,0,END
1208,1,13,E3b,E,H,2,L,1,3,NA,NA,NA,12,13,0,END
1208,1,13,E3b,E,H,2,L,1,3,NA,NA,NA,13,9,0,END
1210,1,13,E3b,D,I,2,L,1,3,NA,NA,NA,6,6,13,END
1210,1,13,E3b,D,I,2,L,1,3,NA,NA,NA,7,6,-2,END
1210,1,13,E3b,D,I,2,L,1,3,NA,NA,NA,8,6,3,END
1210,1,13,E3b,D,I,2,L,1,3,NA,NA,NA,9,1,-11,END
1210,1,13,E3b,D,I,2,L,1,3,NA,NA,NA,10,29,67,END
1210,1,13,E3b,D,I,2,L,1,3,NA,NA,NA,11,5,10,END
1210,1,13,E3b,D,I,2,L,1,3,NA,NA,NA,12,2,10,END
1210,1,13,E3b,D,I,2,L,1,3,NA,NA,NA,13,1,-9,END
1210,1,13,E3b,D,I,2,L,1,3,NA,NA,NA,14,1,12,END
1210,1,13,E3b,D,I,2,L,1,3,NA,NA,NA,15,9,8,END
1210,1,13,E3b,D,I,2,L,1,3,NA,NA,NA,16,2,5,END
1212,1,13,B3b,D,I,2,L,1,3,NA,NA,NA,6,5,5,END
1212,1,13,B3b,D,I,2,L,1,3,NA,NA,NA,7,5,48,END
1212,1,13,B3b,D,I,2,L,1,3,NA,NA,NA,8,9,13,END
1212,1,13,B3b,D,I,2,L,1,3,NA,NA,NA,9,6,17,END
1212,1,13,B3b,D,I,2,L,1,3,NA,NA,NA,10,0,-16,END
1212,1,13,B3b,D,I,2,L,1,3,NA,NA,NA,11,8,22,END
1212,1,13,B3b,D,I,2,L,1,3,NA,NA,NA,12,3,9,END
1212,1,13,B3b,D,I,2,L,1,3,NA,NA,NA,13,3,2,END
1212,1,13,B3b,D,I,2,L,1,3,NA,NA,NA,14,10,2,END
1212,1,13,B3b,D,I,2,L,1,3,NA,NA,NA,15,1,6,END
1212,1,13,B3b,D,I,2,L,1,3,NA,NA,NA,16,9,11,END
1216,1,13,B3b,D,I,2,L,1,3,NA,NA,NA,6,9,30,END
1216,1,13,B3b,D,I,2,L,1,3,NA,NA,NA,7,9,39,END
1216,1,13,B3b,D,I,2,L,1,3,NA,NA,NA,8,10,10,END
1216,1,13,B3b,D,I,2,L,1,3,NA,NA,NA,9,4,48,END
1216,1,13,B3b,D,I,2,L,1,3,NA,NA,NA,10,32,41,END
1216,1,13,B3b,D,I,2,L,1,3,NA,NA,NA,11,2,29,END
1216,1,13,B3b,D,I,2,L,1,3,NA,NA,NA,12,9,14,END
1216,1,13,B3b,D,I,2,L,1,3,NA,NA,NA,13,7,0,END
1216,1,13,B3b,D,I,2,L,1,3,NA,NA,NA,14,3,3,END
1216,1,13,B3b,D,I,2,L,1,3,NA,NA,NA,15,5,7,END
1216,1,13,B3b,D,I,2,L,1,3,NA,NA,NA,16,10,22,END
1217,2,10b,B6b,D,I,2,H,2,3,NA,NA,NA,6,1,22,END
1217,2,10b,B6b,D,I,2,H,2,3,NA,NA,NA,7,1,16,END
1217,2,10b,B6b,D,I,2,H,2,3,NA,NA,NA,8,5,34,END
1217,2,10b,B6b,D,I,2,H,2,3,NA,NA,NA,9,2,10,END
1217,2,10b,B6b,D,I,2,H,2,3,NA,NA,NA,10,6,44,END
1217,2,10b,B6b,D,I,2,H,2,3,NA,NA,NA,11,4,-11,END
1217,2,10b,B6b,D,I,2,H,2,3,NA,NA,NA,12,1,17,END
1217,2,10b,B6b,D,I,2,H,2,3,NA,NA,NA,13,8,3,END
1217,2,10b,B6b,D,I,2,H,2,3,NA,NA,NA,14,8,20,END
1217,2,10b,B6b,D,I,2,H,2,3,NA,NA,NA,15,7,14,END
1217,2,10b,B6b,D,I,2,H,2,3,NA,NA,NA,16,14,18,END
1229,2,10b,E6a,D,I,2,H,2,3,NA,NA,NA,6,4,27,END
1229,2,10b,E6a,D,I,2,H,2,3,NA,NA,NA,7,4,7,END
1229,2,10b,E6a,D,I,2,H,2,3,NA,NA,NA,8,8,6,END
1229,2,10b,E6a,D,I,2,H,2,3,NA,NA,NA,9,10,17,END
1229,2,10b,E6a,D,I,2,H,2,3,NA,NA,NA,10,7,19,END
1229,2,10b,E6a,D,I,2,H,2,3,NA,NA,NA,11,1,7,END
1229,2,10b,E6a,D,I,2,H,2,3,NA,NA,NA,12,5,13,END
1229,2,10b,E6a,D,I,2,H,2,3,NA,NA,NA,13,5,3,END
1229,2,10b,E6a,D,I,2,H,2,3,NA,NA,NA,14,4,7,END
1229,2,10b,E6a,D,I,2,H,2,3,NA,NA,NA,15,6,15,END
1229,2,10b,E6a,D,I,2,H,2,3,NA,NA,NA,16,6,20,END
1230,2,10b,E6a,D,I,2,L,1,3,NA,NA,NA,6,10,8,END
1230,2,10b,E6a,D,I,2,L,1,3,NA,NA,NA,7,10,1,END
1230,2,10b,E6a,D,I,2,L,1,3,NA,NA,NA,8,4,-1,END
1230,2,10b,E6a,D,I,2,L,1,3,NA,NA,NA,9,9,6,END
1230,2,10b,E6a,D,I,2,L,1,3,NA,NA,NA,10,0,12,END
1230,2,10b,E6a,D,I,2,L,1,3,NA,NA,NA,11,7,-1,END
1230,2,10b,E6a,D,I,2,L,1,3,NA,NA,NA,12,8,4,END
1230,2,10b,E6a,D,I,2,L,1,3,NA,NA,NA,13,9,0,END
1230,2,10b,E6a,D,I,2,L,1,3,NA,NA,NA,14,5,0,END
1230,2,10b,E6a,D,I,2,L,1,3,NA,NA,NA,15,10,6,END
1230,2,10b,E6a,D,I,2,L,1,3,NA,NA,NA,16,7,6,END
1237,2,34,G5a,E,H,2,H,2,3,NA,NA,NA,6,6,0,END
1237,2,34,G5a,E,H,2,H,2,3,NA,NA,NA,7,14,0,END
1237,2,34,G5a,E,H,2,H,2,3,NA,NA,NA,8,12,4,END
1237,2,34,G5a,E,H,2,H,2,3,NA,NA,NA,9,2,2,END
1237,2,34,G5a,E,H,2,H,2,3,NA,NA,NA,10,2,6,END
1237,2,34,G5a,E,H,2,H,2,3,NA,NA,NA,11,5,0,END
1237,2,34,G5a,E,H,2,H,2,3,NA,NA,NA,12,4,-2,END
1237,2,34,G5a,E,H,2,H,2,3,NA,NA,NA,13,12,-4,END
1237,2,34,G5a,E,H,2,H,2,3,NA,NA,NA,14,7,10,END
1237,2,34,G5a,E,H,2,H,2,3,NA,NA,NA,15,11,4,END
1239,2,34,G5a,E,H,2,H,2,3,NA,NA,NA,6,2,0,END
1239,2,34,G5a,E,H,2,H,2,3,NA,NA,NA,7,13,0,END
1239,2,34,G5a,E,H,2,H,2,3,NA,NA,NA,8,3,0,END
1239,2,34,G5a,E,H,2,H,2,3,NA,NA,NA,9,9,0,END
1239,2,34,G5a,E,H,2,H,2,3,NA,NA,NA,10,7,0,END
1239,2,34,G5a,E,H,2,H,2,3,NA,NA,NA,11,6,-4,END
1239,2,34,G5a,E,H,2,H,2,3,NA,NA,NA,12,14,17,END
1239,2,34,G5a,E,H,2,H,2,3,NA,NA,NA,13,13,7,END
1239,2,34,G5a,E,H,2,H,2,3,NA,NA,NA,14,11,0,END
1239,2,34,G5a,E,H,2,H,2,3,NA,NA,NA,15,9,0,END
1241,4b,12,D5a,E,H,2,H,2,3,NA,NA,NA,6,3,0,END
1241,4b,12,D5a,E,H,2,H,2,3,NA,NA,NA,7,9,0,END
1241,4b,12,D5a,E,H,2,H,2,3,NA,NA,NA,8,8,0,END
1241,4b,12,D5a,E,H,2,H,2,3,NA,NA,NA,9,6,10,END
1241,4b,12,D5a,E,H,2,H,2,3,NA,NA,NA,10,14,4,END
1241,4b,12,D5a,E,H,2,H,2,3,NA,NA,NA,11,7,19,END
1241,4b,12,D5a,E,H,2,H,2,3,NA,NA,NA,12,9,10,END
1241,4b,12,D5a,E,H,2,H,2,3,NA,NA,NA,13,3,27,END
1241,4b,12,D5a,E,H,2,H,2,3,NA,NA,NA,14,12,7,END
1241,4b,12,D5a,E,H,2,H,2,3,NA,NA,NA,15,8,5,END
1247,4b,12,D5a,D,I,2,H,2,3,NA,NA,NA,6,3,2,END
1247,4b,12,D5a,D,I,2,H,2,3,NA,NA,NA,7,3,2,END
1247,4b,12,D5a,D,I,2,H,2,3,NA,NA,NA,8,3,3,END
1247,4b,12,D5a,D,I,2,H,2,3,NA,NA,NA,9,8,0,END
1247,4b,12,D5a,D,I,2,H,2,3,NA,NA,NA,10,0,-1,END
1247,4b,12,D5a,D,I,2,H,2,3,NA,NA,NA,11,10,1,END
1247,4b,12,D5a,D,I,2,H,2,3,NA,NA,NA,12,10,10,END
1247,4b,12,D5a,D,I,2,H,2,3,NA,NA,NA,13,10,0,END
1247,4b,12,D5a,D,I,2,H,2,3,NA,NA,NA,14,6,6,END
1247,4b,12,D5a,D,I,2,H,2,3,NA,NA,NA,15,4,2,END
1247,4b,12,D5a,D,I,2,H,2,3,NA,NA,NA,16,8,0,END
1252,4b,12,D4b,E,H,2,L,1,3,NA,NA,NA,6,8,2,END
1252,4b,12,D4b,E,H,2,L,1,3,NA,NA,NA,7,5,0,END
1252,4b,12,D4b,E,H,2,L,1,3,NA,NA,NA,8,4,2,END
1252,4b,12,D4b,E,H,2,L,1,3,NA,NA,NA,9,4,8,END
1252,4b,12,D4b,E,H,2,L,1,3,NA,NA,NA,10,8,6,END
1252,4b,12,D4b,E,H,2,L,1,3,NA,NA,NA,11,10,6,END
1252,4b,12,D4b,E,H,2,L,1,3,NA,NA,NA,12,7,0,END
1252,4b,12,D4b,E,H,2,L,1,3,NA,NA,NA,13,10,6,END
1252,4b,12,D4b,E,H,2,L,1,3,NA,NA,NA,14,5,10,END
1252,4b,12,D4b,E,H,2,L,1,3,NA,NA,NA,15,5,2,END
1253,4b,12,D4b,E,H,2,H,2,3,NA,NA,NA,6,12,13,END
1253,4b,12,D4b,E,H,2,H,2,3,NA,NA,NA,7,10,16,END
1253,4b,12,D4b,E,H,2,H,2,3,NA,NA,NA,8,10,16,END
1253,4b,12,D4b,E,H,2,H,2,3,NA,NA,NA,9,1,12,END
1253,4b,12,D4b,E,H,2,H,2,3,NA,NA,NA,10,1,4,END
1253,4b,12,D4b,E,H,2,H,2,3,NA,NA,NA,11,1,17,END
1253,4b,12,D4b,E,H,2,H,2,3,NA,NA,NA,12,2,-5,END
1253,4b,12,D4b,E,H,2,H,2,3,NA,NA,NA,13,14,-3,END
1253,4b,12,D4b,E,H,2,H,2,3,NA,NA,NA,14,9,-4,END
1253,4b,12,D4b,E,H,2,H,2,3,NA,NA,NA,15,10,12,END
1262,7,48,E2a,F,H,2,L,1,3,NA,NA,NA,6,1,8,END
1262,7,48,E2a,F,H,2,L,1,3,NA,NA,NA,7,4,22,END
1262,7,48,E2a,F,H,2,L,1,3,NA,NA,NA,8,7,15,END
1262,7,48,E2a,F,H,2,L,1,3,NA,NA,NA,9,6,11,END
1262,7,48,E2a,F,H,2,L,1,3,NA,NA,NA,10,3,24,END
1263,7,48,E2a,F,H,2,H,2,3,NA,NA,NA,6,5,75,END
1263,7,48,E2a,F,H,2,H,2,3,NA,NA,NA,7,12,9,END
1263,7,48,E2a,F,H,2,H,2,3,NA,NA,NA,8,10,9,END
1263,7,48,E2a,F,H,2,H,2,3,NA,NA,NA,9,11,20,END
1263,7,48,E2a,F,H,2,H,2,3,NA,NA,NA,10,8,36,END
1264,26,18,G6b,F,H,2,L,1,3,NA,NA,NA,6,10,0,END
1264,26,18,G6b,F,H,2,L,1,3,NA,NA,NA,7,9,1,END
1264,26,18,G6b,F,H,2,L,1,3,NA,NA,NA,8,1,0,END
1264,26,18,G6b,F,H,2,L,1,3,NA,NA,NA,9,4,0,END
1296,25,37b,G5b,F,H,2,L,1,3,NA,NA,NA,6,9,8,END
1296,25,37b,G5b,F,H,2,L,1,3,NA,NA,NA,7,6,13,END
1296,25,37b,G5b,F,H,2,L,1,3,NA,NA,NA,8,12,4,END
1296,25,37b,G5b,F,H,2,L,1,3,NA,NA,NA,9,8,-6,END
1296,25,37b,G5b,F,H,2,L,1,3,NA,NA,NA,10,6,-5,END
1297,25,37b,G5b,F,H,2,H,2,3,NA,NA,NA,6,3,25,END
1297,25,37b,G5b,F,H,2,H,2,3,NA,NA,NA,7,7,31,END
1297,25,37b,G5b,F,H,2,H,2,3,NA,NA,NA,8,8,40,END
1297,25,37b,G5b,F,H,2,H,2,3,NA,NA,NA,9,2,15,END
1297,25,37b,G5b,F,H,2,H,2,3,NA,NA,NA,10,4,40,END
1300,25,21,D3b,F,H,2,L,1,3,NA,NA,NA,6,11,19,END
1300,25,21,D3b,F,H,2,L,1,3,NA,NA,NA,7,8,30,END
1300,25,21,D3b,F,H,2,L,1,3,NA,NA,NA,8,2,4,END
1300,25,21,D3b,F,H,2,L,1,3,NA,NA,NA,9,12,2,END
1300,25,21,D3b,F,H,2,L,1,3,NA,NA,NA,10,11,3,END
1303,25,21,D3b,F,H,2,H,2,3,NA,NA,NA,6,12,0,END
1303,25,21,D3b,F,H,2,H,2,3,NA,NA,NA,7,10,4,END
1303,25,21,D3b,F,H,2,H,2,3,NA,NA,NA,8,9,12,END
1303,25,21,D3b,F,H,2,H,2,3,NA,NA,NA,9,10,9,END
1303,25,21,D3b,F,H,2,H,2,3,NA,NA,NA,10,9,14,END
1309,25,21,D1a,F,H,2,H,2,3,NA,NA,NA,6,2,32,END
1309,25,21,D1a,F,H,2,H,2,3,NA,NA,NA,7,1,24,END
1309,25,21,D1a,F,H,2,H,2,3,NA,NA,NA,8,6,28,END
1309,25,21,D1a,F,H,2,H,2,3,NA,NA,NA,9,7,36,END
1309,25,21,D1a,F,H,2,H,2,3,NA,NA,NA,10,5,30,END
1311,25,21,D1a,F,H,2,H,2,3,NA,NA,NA,6,4,29,END
1311,25,21,D1a,F,H,2,H,2,3,NA,NA,NA,7,5,31,END
1311,25,21,D1a,F,H,2,H,2,3,NA,NA,NA,8,4,36,END
1311,25,21,D1a,F,H,2,H,2,3,NA,NA,NA,9,3,18,END
1311,25,21,D1a,F,H,2,H,2,3,NA,NA,NA,10,10,13,END
1317,1,33,F2b,F,H,2,H,2,3,NA,NA,NA,6,8,-8,END
1317,1,33,F2b,F,H,2,H,2,3,NA,NA,NA,7,2,-14,END
1317,1,33,F2b,F,H,2,H,2,3,NA,NA,NA,8,5,-21,END
1317,1,33,F2b,F,H,2,H,2,3,NA,NA,NA,9,9,16,END
1317,1,33,F2b,F,H,2,H,2,3,NA,NA,NA,10,7,17,END
1319,1,33,F2b,F,H,2,H,2,3,NA,NA,NA,6,6,0,END
1319,1,33,F2b,F,H,2,H,2,3,NA,NA,NA,7,11,0,END
1319,1,33,F2b,F,H,2,H,2,3,NA,NA,NA,8,3,0,END
1319,1,33,F2b,F,H,2,H,2,3,NA,NA,NA,9,5,0,END
1319,1,33,F2b,F,H,2,H,2,3,NA,NA,NA,10,1,0,END
1320,1,33,F2b,F,H,2,L,1,3,NA,NA,NA,6,7,5,END
1320,1,33,F2b,F,H,2,L,1,3,NA,NA,NA,7,3,34,END
1320,1,33,F2b,F,H,2,L,1,3,NA,NA,NA,8,11,20,END
1320,1,33,F2b,F,H,2,L,1,3,NA,NA,NA,9,1,19,END
1320,1,33,F2b,F,H,2,L,1,3,NA,NA,NA,10,2,12,END
1325,7,47,E1a,G,H,2,H,2,3,NA,NA,NA,6,14,0,END
1325,7,47,E1a,G,H,2,H,2,3,NA,NA,NA,7,12,0,END
1325,7,47,E1a,G,H,2,H,2,3,NA,NA,NA,8,14,0,END
1325,7,47,E1a,G,H,2,H,2,3,NA,NA,NA,9,16,0,END
1325,7,47,E1a,G,H,2,H,2,3,NA,NA,NA,10,13,0,END
1327,7,47,E1a,G,H,2,H,2,3,NA,NA,NA,11,15,0,END
1327,7,47,E1a,G,H,2,H,2,3,NA,NA,NA,12,6,0,END
1327,7,47,E1a,G,H,2,H,2,3,NA,NA,NA,13,15,0,END
1327,7,47,E1a,G,H,2,H,2,3,NA,NA,NA,14,10,0,END
1327,7,47,E1a,G,H,2,H,2,3,NA,NA,NA,15,7,0,END
1332,7,47,E1a,G,H,2,L,1,3,NA,NA,NA,6,11,0,END
1332,7,47,E1a,G,H,2,L,1,3,NA,NA,NA,7,9,3,END
1332,7,47,E1a,G,H,2,L,1,3,NA,NA,NA,8,16,0,END
1332,7,47,E1a,G,H,2,L,1,3,NA,NA,NA,9,17,0,END
1332,7,47,E1a,G,H,2,L,1,3,NA,NA,NA,10,14,0,END
1333,7,47,E1a,G,H,2,H,2,3,NA,NA,NA,6,1,4,END
1333,7,47,E1a,G,H,2,H,2,3,NA,NA,NA,7,1,17,END
1333,7,47,E1a,G,H,2,H,2,3,NA,NA,NA,8,3,6,END
1333,7,47,E1a,G,H,2,H,2,3,NA,NA,NA,9,6,20,END
1333,7,47,E1a,G,H,2,H,2,3,NA,NA,NA,10,4,10,END
1334,7,48,C3b,G,H,2,L,1,3,NA,NA,NA,6,3,2,END
1334,7,48,C3b,G,H,2,L,1,3,NA,NA,NA,7,13,0,END
1334,7,48,C3b,G,H,2,L,1,3,NA,NA,NA,8,17,0,END
1334,7,48,C3b,G,H,2,L,1,3,NA,NA,NA,9,7,0,END
1334,7,48,C3b,G,H,2,L,1,3,NA,NA,NA,10,15,0,END
1335,7,48,C3b,G,H,2,H,2,3,NA,NA,NA,6,12,0,END
1335,7,48,C3b,G,H,2,H,2,3,NA,NA,NA,7,3,1,END
1335,7,48,C3b,G,H,2,H,2,3,NA,NA,NA,8,9,0,END
1335,7,48,C3b,G,H,2,H,2,3,NA,NA,NA,9,11,8,END
1335,7,48,C3b,G,H,2,H,2,3,NA,NA,NA,10,8,17,END
1345,25,37b,F4b,G,H,2,H,2,3,NA,NA,NA,6,16,0,END
1345,25,37b,F4b,G,H,2,H,2,3,NA,NA,NA,7,14,0,END
1345,25,37b,F4b,G,H,2,H,2,3,NA,NA,NA,8,2,3,END
1345,25,37b,F4b,G,H,2,H,2,3,NA,NA,NA,9,1,29,END
1345,25,37b,F4b,G,H,2,H,2,3,NA,NA,NA,10,3,48,END
1346,25,37b,F4b,G,H,2,L,1,3,NA,NA,NA,6,4,0,END
1346,25,37b,F4b,G,H,2,L,1,3,NA,NA,NA,7,8,3,END
1346,25,37b,F4b,G,H,2,L,1,3,NA,NA,NA,8,18,0,END
1346,25,37b,F4b,G,H,2,L,1,3,NA,NA,NA,9,4,24,END
1346,25,37b,F4b,G,H,2,L,1,3,NA,NA,NA,10,2,12,END
1347,25,37b,F4b,G,H,2,H,2,3,NA,NA,NA,6,7,8,END
1347,25,37b,F4b,G,H,2,H,2,3,NA,NA,NA,7,5,26,END
1347,25,37b,F4b,G,H,2,H,2,3,NA,NA,NA,8,1,23,END
1347,25,37b,F4b,G,H,2,H,2,3,NA,NA,NA,9,3,28,END
1347,25,37b,F4b,G,H,2,H,2,3,NA,NA,NA,10,1,54,END
1348,25,37b,F4b,G,H,2,L,1,3,NA,NA,NA,6,2,16,END
1348,25,37b,F4b,G,H,2,L,1,3,NA,NA,NA,7,15,0,END
1348,25,37b,F4b,G,H,2,L,1,3,NA,NA,NA,8,4,9,END
1348,25,37b,F4b,G,H,2,L,1,3,NA,NA,NA,9,2,-1,END
1348,25,37b,F4b,G,H,2,L,1,3,NA,NA,NA,10,5,41,END
1352,28,40,F5b,G,H,2,L,1,3,NA,NA,NA,6,5,0,END
1352,28,40,F5b,G,H,2,L,1,3,NA,NA,NA,7,4,1,END
1352,28,40,F5b,G,H,2,L,1,3,NA,NA,NA,8,10,0,END
1352,28,40,F5b,G,H,2,L,1,3,NA,NA,NA,9,18,0,END
1352,28,40,F5b,G,H,2,L,1,3,NA,NA,NA,10,10,2,END
1359,5,57,F6b,G,H,2,H,2,3,NA,NA,NA,6,17,0,END
1359,5,57,F6b,G,H,2,H,2,3,NA,NA,NA,7,16,0,END
1359,5,57,F6b,G,H,2,H,2,3,NA,NA,NA,8,19,0,END
1359,5,57,F6b,G,H,2,H,2,3,NA,NA,NA,9,19,0,END
1359,5,57,F6b,G,H,2,H,2,3,NA,NA,NA,10,16,0,END
1363,5,57,F6b,G,H,2,H,2,3,NA,NA,NA,6,9,1,END
1363,5,57,F6b,G,H,2,H,2,3,NA,NA,NA,7,2,2,END
1363,5,57,F6b,G,H,2,H,2,3,NA,NA,NA,8,5,0,END
1363,5,57,F6b,G,H,2,H,2,3,NA,NA,NA,9,12,3,END
1363,5,57,F6b,G,H,2,H,2,3,NA,NA,NA,10,12,0,END
1366,6,43,C3a,G,H,2,L,1,3,NA,NA,NA,6,6,0,END
1366,6,43,C3a,G,H,2,L,1,3,NA,NA,NA,7,17,0,END
1366,6,43,C3a,G,H,2,L,1,3,NA,NA,NA,8,11,7,END
1366,6,43,C3a,G,H,2,L,1,3,NA,NA,NA,9,8,0,END
1366,6,43,C3a,G,H,2,L,1,3,NA,NA,NA,10,9,3,END
1368,6,43,C3a,G,H,2,L,1,3,NA,NA,NA,11,13,0,END
1368,6,43,C3a,G,H,2,L,1,3,NA,NA,NA,12,18,0,END
1368,6,43,C3a,G,H,2,L,1,3,NA,NA,NA,13,20,0,END
1368,6,43,C3a,G,H,2,L,1,3,NA,NA,NA,14,5,32,END
1368,6,43,C3a,G,H,2,L,1,3,NA,NA,NA,15,17,0,END
1375,25,21,G1a,G,H,2,H,2,3,NA,NA,NA,6,18,0,END
1375,25,21,G1a,G,H,2,H,2,3,NA,NA,NA,7,19,0,END
1375,25,21,G1a,G,H,2,H,2,3,NA,NA,NA,8,21,0,END
1375,25,21,G1a,G,H,2,H,2,3,NA,NA,NA,9,20,0,END
1375,25,21,G1a,G,H,2,H,2,3,NA,NA,NA,10,18,0,END
1376,25,21,G1a,G,H,2,L,1,3,NA,NA,NA,6,8,2,END
1376,25,21,G1a,G,H,2,L,1,3,NA,NA,NA,7,11,1,END
1376,25,21,G1a,G,H,2,L,1,3,NA,NA,NA,8,6,0,END
1376,25,21,G1a,G,H,2,L,1,3,NA,NA,NA,9,21,0,END
1376,25,21,G1a,G,H,2,L,1,3,NA,NA,NA,10,19,0,END
1377,25,21,G1a,G,H,2,H,2,3,NA,NA,NA,6,10,-15,END
1377,25,21,G1a,G,H,2,H,2,3,NA,NA,NA,7,10,-3,END
1377,25,21,G1a,G,H,2,H,2,3,NA,NA,NA,8,7,-4,END
1377,25,21,G1a,G,H,2,H,2,3,NA,NA,NA,9,22,0,END
1377,25,21,G1a,G,H,2,H,2,3,NA,NA,NA,10,20,0,END
1378,25,21,G1a,G,H,2,L,1,3,NA,NA,NA,6,19,0,END
1378,25,21,G1a,G,H,2,L,1,3,NA,NA,NA,7,7,6,END
1378,25,21,G1a,G,H,2,L,1,3,NA,NA,NA,8,22,0,END
1378,25,21,G1a,G,H,2,L,1,3,NA,NA,NA,9,13,0,END
1378,25,21,G1a,G,H,2,L,1,3,NA,NA,NA,10,21,0,END
1379,25,21,G2a,G,H,2,H,2,3,NA,NA,NA,6,20,0,END
1379,25,21,G2a,G,H,2,H,2,3,NA,NA,NA,7,20,0,END
1379,25,21,G2a,G,H,2,H,2,3,NA,NA,NA,8,23,0,END
1379,25,21,G2a,G,H,2,H,2,3,NA,NA,NA,9,23,0,END
1379,25,21,G2a,G,H,2,H,2,3,NA,NA,NA,10,22,0,END
1380,25,21,G2a,G,H,2,L,1,3,NA,NA,NA,6,21,0,END
1380,25,21,G2a,G,H,2,L,1,3,NA,NA,NA,7,21,0,END
1380,25,21,G2a,G,H,2,L,1,3,NA,NA,NA,8,13,6,END
1380,25,21,G2a,G,H,2,L,1,3,NA,NA,NA,9,9,0,END
1380,25,21,G2a,G,H,2,L,1,3,NA,NA,NA,10,11,8,END
1382,25,21,G2a,G,H,2,L,1,3,NA,NA,NA,6,22,0,END
1382,25,21,G2a,G,H,2,L,1,3,NA,NA,NA,7,22,0,END
1382,25,21,G2a,G,H,2,L,1,3,NA,NA,NA,8,12,0,END
1382,25,21,G2a,G,H,2,L,1,3,NA,NA,NA,9,14,0,END
1382,25,21,G2a,G,H,2,L,1,3,NA,NA,NA,10,6,7,END
1384,2,34,G4a,G,H,2,L,1,3,NA,NA,NA,6,23,0,END
1384,2,34,G4a,G,H,2,L,1,3,NA,NA,NA,7,23,0,END
1384,2,34,G4a,G,H,2,L,1,3,NA,NA,NA,8,8,1,END
1384,2,34,G4a,G,H,2,L,1,3,NA,NA,NA,9,15,0,END
1384,2,34,G4a,G,H,2,L,1,3,NA,NA,NA,10,23,0,END
