Fish,Sire,Dam,Brood_tank,Stack,Unit,Sex,Density,ELD,Measure_age,gmCOMP,Sex_ratio,Trial,Dayorder,Act
1005,4,NA,B5b,A,A5,1,L,1,279,8,0.143,1,12,64.7
1005,4,NA,B5b,A,A5,1,L,1,336,8,0.286,2,16,47.5
1005,4,NA,B5b,A,A5,1,L,1,417,8,0.286,3,37,94.9
1005,4,NA,B5b,A,A5,1,L,1,473,8,0.286,4,25,95
1001,5,NA,A4b,A,A1,1,L,1,278,8,0.429,1,3,70.2
1002,5,NA,A4b,A,A2,2,H,2,278,8,0.286,1,23,86.1
1002,5,NA,A4b,A,A2,2,H,2,335,8,0.286,2,12,94.6
1002,5,NA,A4b,A,A2,2,H,2,417,8,0.286,3,4,93.3
1002,5,NA,A4b,A,A2,2,H,2,473,8,0.286,4,6,92.9
1003,5,NA,A4b,A,A3,2,L,1,278,8,0.143,1,16,26.1
1003,5,NA,A4b,A,A3,2,L,1,336,8,0.143,2,6,83.7
1003,5,NA,A4b,A,A3,2,L,1,417,8,0.143,3,17,51.3
1003,5,NA,A4b,A,A3,2,L,1,473,7.894,0.167,4,16,77.2
1004,4,NA,B5b,A,A4,2,H,2,279,8,0.286,1,6,73.3
1004,4,NA,B5b,A,A4,2,H,2,336,8,0.286,2,8,64.1
1004,4,NA,B5b,A,A4,2,H,2,417,8,0.571,3,24,65.6
1004,4,NA,B5b,A,A4,2,H,2,473,8,0.571,4,21,88.9
1006,4,NA,B5b,A,A6,1,H,2,279,8,0.571,1,21,66.8
1006,4,NA,B5b,A,A6,1,H,2,336,8,0.571,2,29,93.3
1006,4,NA,B5b,A,A6,1,H,2,318,7.868,0.667,3,2,80.5
1006,4,NA,B5b,A,A6,1,H,2,473,7.432,0.75,4,31,76
1007,26,38,A2a,A,A7,1,L,1,272,8,0.286,1,6,31.4
1007,26,38,A2a,A,A7,1,L,1,328,8,0.286,2,38,82.9
1008,26,38,A2a,A,A8,1,H,2,272,7.652,0.5,1,13,51.9
1008,26,38,A2a,A,A8,1,H,2,328,7.384,0.667,2,43,93
1008,26,38,A2a,A,A8,1,H,2,410,7.238,0.833,3,11,95.7
1008,26,38,A2a,A,A8,1,H,2,465,7.189,0.833,4,40,94.2
1009,26,38,A2a,A,A1,2,L,1,270,8,0.286,1,7,56.6
1009,26,38,A2a,A,A1,2,L,1,327,8,0.429,2,7,90.7
1009,26,38,A2a,A,A1,2,L,1,409,7.737,0.5,3,11,88.3
1010,26,38,A2a,A,A2,1,H,2,270,8,0.429,1,18,88
1010,26,38,A2a,A,A2,1,H,2,327,8,0.429,2,9,91.8
1010,26,38,A2a,A,A2,1,H,2,409,8,0.429,3,7,89.4
1010,26,38,A2a,A,A2,1,H,2,465,8,0.429,4,8,94.1
1011,26,38,A2a,A,A3,1,L,1,270,8,0.286,1,12,32.3
1011,26,38,A2a,A,A3,1,L,1,328,8,0.286,2,4,88.8
1012,26,38,A2a,A,A4,2,H,2,271,8,0.286,1,5,57.5
1012,26,38,A2a,A,A4,2,H,2,328,8,0.286,2,9,53
1012,26,38,A2a,A,A4,2,H,2,409,8,0.571,3,28,60.1
1012,26,38,A2a,A,A4,2,H,2,465,8,0.571,4,18,74.8
1013,26,38,A2a,A,A5,2,L,1,271,8,0,1,11,94.7
1013,26,38,A2a,A,A5,2,L,1,328,8,0.143,2,15,91.9
1013,26,38,A2a,A,A5,2,L,1,409,8,0.143,3,34,93.3
1013,26,38,A2a,A,A5,2,L,1,465,8,0.143,4,24,88
1014,26,38,A2a,A,A6,1,H,2,271,8,0.571,1,19,57.2
1014,26,38,A2a,A,A6,1,H,2,328,8,0.571,2,27,95.1
1014,26,38,A2a,A,A6,1,H,2,409,7.868,0.667,3,42,34.7
1014,26,38,A2a,A,A6,1,H,2,465,7.432,0.75,4,32,53.5
1015,26,38,A2a,A,A7,1,L,1,272,8,0.286,1,4,82.9
1015,26,38,A2a,A,A7,1,L,1,328,8,0.286,2,37,95.5
1015,26,38,A2a,A,A7,1,L,1,410,7.868,0.333,3,1,92.4
1015,26,38,A2a,A,A7,1,L,1,465,7.453,0.2,4,33,93.4
1016,31,54,A1a,A,A8,2,H,2,269,7.652,0.333,1,9,53.4
1016,31,54,A1a,A,A8,2,H,2,325,7.384,0.5,2,41,71.7
1016,31,54,A1a,A,A8,2,H,2,407,7.238,0.667,3,8,91.7
1017,31,54,A1a,A,A1,1,L,1,267,8,0.429,1,4,46.8
1017,31,54,A1a,A,A1,1,L,1,324,8,0.571,2,5,86.1
1017,31,54,A1a,A,A1,1,L,1,406,7.737,0.667,3,12,90.3
1017,31,54,A1a,A,A1,1,L,1,462,7.468,0.6,4,13,70.2
1018,31,54,A1a,A,A2,1,H,2,267,8,0.429,1,17,64.7
1018,31,54,A1a,A,A2,1,H,2,324,8,0.429,2,10,91.2
1018,31,54,A1a,A,A2,1,H,2,406,8,0.429,3,6,75.9
1018,31,54,A1a,A,A2,1,H,2,462,8,0.429,4,5,94.5
1019,31,54,A1a,A,A3,1,L,1,267,8,0.286,1,11,39
1019,31,54,A1a,A,A3,1,L,1,325,8,0.286,2,7,84.2
1019,31,54,A1a,A,A3,1,L,1,406,8,0.286,3,22,71.3
1019,31,54,A1a,A,A3,1,L,1,462,7.894,0.333,4,14,72.7
1020,4,16b,B1a,A,A4,1,H,2,268,8,0.429,1,3,88.4
1020,4,16b,B1a,A,A4,1,H,2,325,8,0.429,2,12,89.7
1020,4,16b,B1a,A,A4,1,H,2,406,8,0.714,3,23,91.1
1021,4,16b,B1a,A,A5,1,L,1,268,8,0.143,1,10,28.3
1021,4,16b,B1a,A,A5,1,L,1,325,8,0.286,2,18,45.9
1021,4,16b,B1a,A,A5,1,L,1,406,8,0.286,3,33,73.4
1021,4,16b,B1a,A,A5,1,L,1,462,8,0.286,4,27,73.9
1022,4,16b,B1a,A,A6,2,H,2,268,8,0.429,1,23,41.2
1022,4,16b,B1a,A,A6,2,H,2,325,8,0.429,2,24,47.6
1022,4,16b,B1a,A,A6,2,H,2,406,7.868,0.5,3,39,81.9
1023,4,16b,B1a,A,A7,1,L,1,269,8,0.286,1,5,20.7
1023,4,16b,B1a,A,A7,1,L,1,325,8,0.286,2,32,33.2
1023,4,16b,B1a,A,A7,1,L,1,407,7.868,0.333,3,4,42.3
1023,4,16b,B1a,A,A7,1,L,1,462,7.453,0.2,4,35,36.5
1024,4,16b,B1a,A,A8,2,H,2,271,7.652,0.333,1,13,51.9
1024,4,16b,B1a,A,A8,2,H,2,325,7.384,0.5,2,39,65
1024,4,16b,B1a,A,A8,2,H,2,407,7.238,0.667,3,7,87
1025,4,16b,B1a,A,A1,2,L,1,267,8,0.286,1,1,86.2
1025,4,16b,B1a,A,A1,2,L,1,324,8,0.429,2,3,71.8
1025,4,16b,B1a,A,A1,2,L,1,406,7.737,0.5,3,14,80.5
1026,4,16b,B1a,A,A2,2,H,2,267,8,0.286,1,20,62.1
1026,4,16b,B1a,A,A2,2,H,2,324,8,0.286,2,13,89.9
1026,4,16b,B1a,A,A2,2,H,2,406,8,0.286,3,8,87
1026,4,16b,B1a,A,A2,2,H,2,462,8,0.286,4,7,85.1
1027,4,16b,B1a,A,A3,1,L,1,267,8,0.286,1,9,28
1027,4,16b,B1a,A,A3,1,L,1,325,8,0.286,2,2,92.9
1027,4,16b,B1a,A,A3,1,L,1,406,8,0.286,3,16,91.9
1028,32,55,B4a,A,A4,1,H,2,260,8,0.429,1,7,36.8
1028,32,55,B4a,A,A4,1,H,2,317,8,0.429,2,10,79.8
1028,32,55,B4a,A,A4,1,H,2,398,8,0.714,3,26,77.6
1029,32,55,B4a,A,A5,1,L,1,260,8,0.143,1,9,26.3
1029,32,55,B4a,A,A5,1,L,1,317,8,0.286,2,17,88.3
1029,32,55,B4a,A,A5,1,L,1,398,8,0.286,3,36,44.5
1029,32,55,B4a,A,A5,1,L,1,454,8,0.286,4,26,60.3
1030,32,55,B4a,A,A6,2,H,2,260,8,0.429,1,20,42
1030,32,55,B4a,A,A6,2,H,2,317,8,0.429,2,25,78.4
1031,32,55,B4a,A,A7,2,L,1,261,8,0.143,1,1,28.5
1031,32,55,B4a,A,A7,2,L,1,317,8,0.143,2,36,46.4
1031,32,55,B4a,A,A7,2,L,1,399,7.868,0.167,3,5,86.2
1031,32,55,B4a,A,A7,2,L,1,454,7.453,0,4,36,70.5
1032,32,55,B4a,A,A8,2,H,2,261,7.652,0.333,1,15,48.8
1032,32,55,B4a,A,A8,2,H,2,317,7.384,0.5,2,45,81.5
1032,32,55,B4a,A,A8,2,H,2,399,7.238,0.667,3,13,80.4
1032,32,55,B4a,A,A8,2,H,2,454,7.189,0.667,4,41,50.4
1033,32,55,B4a,A,A1,2,L,1,259,8,0.286,1,2,74.1
1033,32,55,B4a,A,A1,2,L,1,316,8,0.429,2,2,70.3
1033,32,55,B4a,A,A1,2,L,1,398,7.737,0.5,3,9,68.9
1034,6,58,C1b,A,A2,1,H,2,258,8,0.429,1,21,44
1034,6,58,C1b,A,A2,1,H,2,315,8,0.429,2,11,62.7
1034,6,58,C1b,A,A2,1,H,2,397,8,0.429,3,5,86.7
1034,6,58,C1b,A,A2,1,H,2,453,8,0.429,4,3,89.1
1035,6,58,C1b,A,A3,1,L,1,258,8,0.286,1,10,61.4
1035,6,58,C1b,A,A3,1,L,1,316,8,0.286,2,5,69.8
1035,6,58,C1b,A,A3,1,L,1,397,8,0.286,3,18,83.2
1035,6,58,C1b,A,A3,1,L,1,453,7.894,0.333,4,15,71.5
1036,6,58,C1b,A,A4,2,H,2,259,8,0.286,1,1,68.9
1036,6,58,C1b,A,A4,2,H,2,317,8,0.286,2,2,86.2
1036,6,58,C1b,A,A4,2,H,2,397,8,0.571,3,25,94.3
1037,6,58,C1b,A,A5,1,L,1,259,8,0.143,1,16,44.9
1037,6,58,C1b,A,A5,1,L,1,316,8,0.286,2,20,65.5
1037,6,58,C1b,A,A5,1,L,1,397,8,0.286,3,35,85.3
1037,6,58,C1b,A,A5,1,L,1,453,8,0.286,4,28,92.8
1038,25,17,C2a,A,A6,2,H,2,252,8,0.429,1,17,42.9
1038,25,17,C2a,A,A6,2,H,2,309,8,0.429,2,26,50.3
1038,25,17,C2a,A,A6,2,H,2,291,7.868,0.5,3,3,45.7
1038,25,17,C2a,A,A6,2,H,2,446,7.432,0.5,4,32,53.5
1039,25,17,C2a,A,A7,1,L,1,253,8,0.286,1,2,66.3
1039,25,17,C2a,A,A7,1,L,1,309,8,0.286,2,35,91.1
1039,25,17,C2a,A,A7,1,L,1,391,7.868,0.333,3,3,74.8
1039,25,17,C2a,A,A7,1,L,1,446,7.453,0.2,4,34,86
1040,25,17,C2a,A,A8,2,H,2,253,7.652,0.333,1,11,51
1040,25,17,C2a,A,A8,2,H,2,309,7.384,0.5,2,40,89.7
1040,25,17,C2a,A,A8,2,H,2,391,7.238,0.667,3,14,72.1
1040,25,17,C2a,A,A8,2,H,2,446,7.189,0.667,4,42,69.9
1041,25,17,C2a,A,A1,1,L,1,251,8,0.429,1,5,53.8
1041,25,17,C2a,A,A1,1,L,1,308,8,0.571,2,1,50.1
1041,25,17,C2a,A,A1,1,L,1,291,7.737,0.667,3,1,90.4
1041,25,17,C2a,A,A1,1,L,1,446,7.468,0.6,4,12,92.7
1042,25,17,C2a,A,A2,2,H,2,251,8,0.286,1,22,43.2
1042,25,17,C2a,A,A2,2,H,2,308,8,0.286,2,15,75.9
1042,25,17,C2a,A,A2,2,H,2,390,8,0.286,3,1,22.3
1042,25,17,C2a,A,A2,2,H,2,446,8,0.286,4,4,32.1
1043,25,17,C2a,A,A3,2,L,1,251,8,0.143,1,13,45.4
1043,25,17,C2a,A,A3,2,L,1,310,8,0.143,2,1,83.1
1043,25,17,C2a,A,A3,2,L,1,390,8,0.143,3,20,94.3
1044,3,11,G6b,A,A4,2,H,2,243,8,0.286,1,8,57.2
1044,3,11,G6b,A,A4,2,H,2,300,8,0.286,2,13,71.4
1044,3,11,G6b,A,A4,2,H,2,381,8,0.571,3,29,38.5
1044,3,11,G6b,A,A4,2,H,2,437,8,0.571,4,19,57.1
1045,3,11,G6b,A,A5,1,L,1,243,8,0.143,1,14,28.9
1045,3,11,G6b,A,A5,1,L,1,300,8,0.286,2,19,93.4
1045,3,11,G6b,A,A5,1,L,1,381,8,0.286,3,31,27
1045,3,11,G6b,A,A5,1,L,1,437,8,0.286,4,22,52.1
1047,3,11,G6b,A,A7,1,L,1,244,8,0.286,1,3,31.1
1047,3,11,G6b,A,A7,1,L,1,300,8,0.286,2,31,86.2
1047,3,11,G6b,A,A7,1,L,1,382,7.868,0.333,3,2,61.2
1047,3,11,G6b,A,A7,1,L,1,437,7.453,0.2,4,37,60.4
1049,3,15,G3a,A,A1,1,L,1,239,8,0.429,1,8,35.6
1049,3,15,G3a,A,A1,1,L,1,296,8,0.571,2,6,63.6
1049,3,15,G3a,A,A1,1,L,1,378,7.737,0.667,3,15,81.6
1049,3,15,G3a,A,A1,1,L,1,434,7.468,0.6,4,11,88.4
1050,3,15,G3a,A,A2,1,H,2,239,8,0.429,1,24,75.8
1050,3,15,G3a,A,A2,1,H,2,296,8,0.429,2,8,91.4
1050,3,15,G3a,A,A2,1,H,2,378,8,0.429,3,3,67.4
1050,3,15,G3a,A,A2,1,H,2,434,8,0.429,4,1,89.9
1051,3,15,G3a,A,A3,1,L,1,239,8,0.286,1,14,40.3
1051,3,15,G3a,A,A3,1,L,1,297,8,0.286,2,3,87.7
1051,3,15,G3a,A,A3,1,L,1,378,8,0.286,3,21,54.6
1052,25,21,C3a,A,A4,1,H,2,240,8,0.429,1,2,84
1052,25,21,C3a,A,A4,1,H,2,297,8,0.429,2,14,88.9
1052,25,21,C3a,A,A4,1,H,2,378,8,0.714,3,30,86.7
1052,25,21,C3a,A,A4,1,H,2,434,8,0.714,4,20,96
1053,25,21,C3a,A,A5,2,L,1,240,8,0,1,13,57.9
1053,25,21,C3a,A,A5,2,L,1,297,8,0.143,2,21,64.4
1053,25,21,C3a,A,A5,2,L,1,378,8,0.143,3,38,45.9
1053,25,21,C3a,A,A5,2,L,1,434,8,0.143,4,29,80
1054,7,47,A6a,A,A6,2,H,2,238,8,0.429,1,22,49.7
1054,7,47,A6a,A,A6,2,H,2,295,8,0.429,2,30,43.6
1054,7,47,A6a,A,A6,2,H,2,376,7.868,0.5,3,40,56.4
1055,7,47,A6a,A,A7,2,L,1,239,8,0.143,1,7,50.6
1055,7,47,A6a,A,A7,2,L,1,295,8,0.286,2,34,93
1056,7,47,A6a,A,A8,2,H,2,239,7.652,0.333,1,10,39.4
1056,7,47,A6a,A,A8,2,H,2,295,7.384,0.5,2,44,82.5
1056,7,47,A6a,A,A8,2,H,2,377,7.238,0.667,3,9,74.2
1056,7,47,A6a,A,A8,2,H,2,432,7.189,0.667,4,39,64.6
1057,7,47,A6a,A,A1,2,L,1,237,8,0.286,1,6,29.9
1057,7,47,A6a,A,A1,2,L,1,294,8,0.429,2,4,62.6
1057,7,47,A6a,A,A1,2,L,1,376,7.737,0.5,3,13,50.2
1057,7,47,A6a,A,A1,2,L,1,432,7.468,0.4,4,9,81.6
1058,7,47,A6a,A,A2,1,H,2,237,8,0.429,1,19,21.1
1058,7,47,A6a,A,A2,1,H,2,294,8,0.429,2,15,75.9
1058,7,47,A6a,A,A2,1,H,2,376,8,0.429,3,2,58.5
1058,7,47,A6a,A,A2,1,H,2,432,8,0.429,4,2,79.5
1059,8,45,A3a,A,A3,1,L,1,232,8,0.286,1,15,76.1
1059,8,45,A3a,A,A3,1,L,1,290,8,0.286,2,1,93.9
1059,8,45,A3a,A,A3,1,L,1,371,8,0.286,3,19,86.2
1060,8,45,A3a,A,A4,2,H,2,233,8,0.286,1,4,84.9
1060,8,45,A3a,A,A4,2,H,2,290,8,0.286,2,11,74.2
1060,8,45,A3a,A,A4,2,H,2,371,8,0.571,3,27,72.9
1060,8,45,A3a,A,A4,2,H,2,427,8,0.571,4,17,51.7
1062,8,45,A3a,A,A6,2,H,2,233,8,0.429,1,18,48.7
1062,8,45,A3a,A,A6,2,H,2,290,8,0.429,2,28,40.8
1062,8,45,A3a,A,A6,2,H,2,371,7.868,0.5,3,43,63.1
1063,5,42,A2b,A,A7,1,L,1,230,8,0.286,1,8,40.2
1063,5,42,A2b,A,A7,1,L,1,286,8,0.286,2,33,87.3
1063,5,42,A2b,A,A7,1,L,1,368,7.868,0.333,3,6,95.2
1065,5,42,A2b,B,B1,1,L,1,250,8,0.429,1,1,28.9
1065,5,42,A2b,B,B1,1,L,1,312,8,0.429,2,23,60.3
1065,5,42,A2b,B,B1,1,L,1,395,8,0.429,3,1,77.4
1065,5,42,A2b,B,B1,1,L,1,446,7.773,0.4,4,1,58.8
1066,5,42,A2b,B,B2,1,H,2,250,8,0.429,1,12,42.1
1066,5,42,A2b,B,B2,1,H,2,312,8,0.571,2,5,85.3
1066,5,42,A2b,B,B2,1,H,2,396,8,0.857,3,4,65.7
1066,5,42,A2b,B,B2,1,H,2,446,7.773,1,4,7,68.5
1067,31,54,A5a,B,B3,1,L,1,233,8,0.286,1,24,78.4
1067,31,54,A5a,B,B3,1,L,1,295,7.789,0.5,2,28,86.3
1067,31,54,A5a,B,B3,1,L,1,379,7.483,0.5,3,8,66
1068,2,14,B5a,A,A8,1,H,2,223,7.652,0.5,1,14,66
1068,2,14,B5a,A,A8,1,H,2,279,7.384,0.667,2,42,92
1068,2,14,B5a,A,A8,1,H,2,361,7.238,0.833,3,12,92.7
1068,2,14,B5a,A,A8,1,H,2,416,7.189,0.833,4,38,93.6
1069,31,54,A5a,B,B4,2,H,2,234,8,0.286,1,12,49.9
1069,31,54,A5a,B,B4,2,H,2,295,8,0.429,2,15,60.3
1069,31,54,A5a,B,B4,2,H,2,379,7.59,0.4,3,15,57.6
1069,31,54,A5a,B,B4,2,H,2,429,6.053,0,4,16,83.7
1070,31,54,A5a,B,B5,2,L,1,234,8,0.143,1,1,57.9
1070,31,54,A5a,B,B5,2,L,1,295,8,0.286,2,38,69.2
1071,28,40,B3a,B,B6,2,H,2,227,8,0.286,1,23,28.9
1071,28,40,B3a,B,B6,2,H,2,288,8,0.429,2,41,55.4
1072,28,40,B3a,B,B7,1,L,1,228,8,0.429,1,8,82
1072,28,40,B3a,B,B7,1,L,1,289,8,0.571,2,14,91.5
1072,28,40,B3a,B,B7,1,L,1,373,7.868,0.5,3,8,94.1
1072,28,40,B3a,B,B7,1,L,1,422,7.027,0.333,4,25,96.4
1073,28,40,B3a,B,B8,2,H,2,228,8,0.143,1,10,71.3
1073,28,40,B3a,B,B8,2,H,2,289,8,0.571,2,6,86.2
1073,28,40,B3a,B,B8,2,H,2,373,8,0.571,3,11,48.8
1073,28,40,B3a,B,B8,2,H,2,422,7.047,1,4,30,69.7
1074,28,40,B3a,B,B1,2,L,1,226,8,0.286,1,3,41.2
1074,28,40,B3a,B,B1,2,L,1,288,8,0.286,2,21,43.4
1074,28,40,B3a,B,B1,2,L,1,371,8,0.286,3,3,73.4
1074,28,40,B3a,B,B1,2,L,1,422,7.773,0.2,4,2,69.4
1075,28,40,B3a,B,B2,2,H,2,226,8,0.286,1,15,64.8
1075,28,40,B3a,B,B2,2,H,2,288,8,0.429,2,1,78.1
1075,28,40,B3a,B,B2,2,H,2,372,8,0.714,3,3,63.8
1075,28,40,B3a,B,B2,2,H,2,422,7.773,0.8,4,10,59.9
1076,28,40,B3a,B,B3,2,L,1,226,8,0.143,1,17,50.7
1076,28,40,B3a,B,B3,2,L,1,288,7.789,0.333,2,30,50.7
1076,28,40,B3a,B,B3,2,L,1,372,7.483,0.333,3,12,57.3
1076,28,40,B3a,B,B3,2,L,1,422,7.16,0.4,4,13,88.4
1077,28,40,B3a,B,B4,2,H,2,227,8,0.286,1,9,48.1
1077,28,40,B3a,B,B4,2,H,2,288,8,0.429,2,16,80
1078,28,40,A1a,B,B5,2,L,1,227,8,0.143,1,8,60.6
1078,28,40,A1a,B,B5,2,L,1,288,8,0.286,2,35,69.3
1078,28,40,A1a,B,B5,2,L,1,372,7.717,0.2,3,16,84.7
1078,28,40,A1a,B,B5,2,L,1,422,6.92,0.333,4,20,70.2
1079,28,40,A1a,B,B6,2,H,2,227,8,0.286,1,22,34
1079,28,40,A1a,B,B6,2,H,2,288,8,0.429,2,42,66.2
1080,28,40,A1a,B,B7,1,L,1,228,8,0.429,1,5,73.9
1080,28,40,A1a,B,B7,1,L,1,289,8,0.571,2,9,84.3
1080,28,40,A1a,B,B7,1,L,1,373,7.868,0.5,3,7,74.5
1080,28,40,A1a,B,B7,1,L,1,422,7.027,0.333,4,27,98.1
1081,28,40,A1a,B,B8,2,H,2,288,8,0.143,1,58,40.2
1081,28,40,A1a,B,B8,2,H,2,289,8,0.571,2,8,50.7
1081,28,40,A1a,B,B8,2,H,2,373,8,0.571,3,13,89.7
1082,28,40,A1a,B,B1,1,L,1,226,8,0.429,1,7,46.1
1082,28,40,A1a,B,B1,1,L,1,288,8,0.429,2,19,83.6
1082,28,40,A1a,B,B1,1,L,1,371,8,0.429,3,5,79.8
1082,28,40,A1a,B,B1,1,L,1,422,7.773,0.4,4,6,84.8
1083,28,40,A1a,B,B2,2,H,2,226,8,0.286,1,16,44.5
1083,28,40,A1a,B,B2,2,H,2,288,8,0.429,2,4,85.4
1083,28,40,A1a,B,B2,2,H,2,372,8,0.714,3,2,84.5
1084,3,15,D5b,B,B3,2,L,1,215,8,0.143,1,21,50.5
1084,3,15,D5b,B,B3,2,L,1,277,7.789,0.333,2,31,51.6
1084,3,15,D5b,B,B3,2,L,1,361,7.483,0.333,3,10,82
1086,3,15,D5b,B,B5,1,L,1,216,8,0.286,1,3,88.7
1086,3,15,D5b,B,B5,1,L,1,277,8,0.429,2,33,84.2
1086,3,15,D5b,B,B5,1,L,1,361,7.717,0.4,3,19,92.8
1086,3,15,D5b,B,B5,1,L,1,411,6.92,0.667,4,17,95.5
1087,3,15,D5b,B,B6,1,H,2,216,8,0.429,1,19,46.5
1087,3,15,D5b,B,B6,1,H,2,277,8,0.571,2,44,87.6
1087,3,15,D5b,B,B6,1,H,2,362,7.157,0.5,3,4,84.2
1087,3,15,D5b,B,B6,1,H,2,411,6.514,0.667,4,24,89.7
1088,3,15,D5b,B,B7,2,L,1,217,8,0.286,1,3,62.1
1088,3,15,D5b,B,B7,2,L,1,278,8,0.429,2,16,45.5
1089,3,15,D5b,B,B8,1,H,2,217,8,0.286,1,9,92.1
1089,3,15,D5b,B,B8,1,H,2,278,8,0.714,2,7,91.2
1089,3,15,D5b,B,B8,1,H,2,362,8,0.714,3,12,64.8
1090,3,15,D5b,B,B1,1,L,1,215,8,0.429,1,4,52.7
1090,3,15,D5b,B,B1,1,L,1,277,8,0.429,2,24,61.7
1090,3,15,D5b,B,B1,1,L,1,360,8,0.429,3,7,82.9
1090,3,15,D5b,B,B1,1,L,1,411,7.773,0.4,4,4,93
1091,6,44,E3a,B,B2,2,H,2,196,8,0.286,1,11,84
1091,6,44,E3a,B,B2,2,H,2,258,8,0.429,2,6,89.8
1091,6,44,E3a,B,B2,2,H,2,342,8,0.714,3,1,92.4
1091,6,44,E3a,B,B2,2,H,2,392,7.773,0.8,4,8,71.3
1092,6,44,E3a,B,B3,2,L,1,196,8,0.143,1,18,74.3
1093,6,44,E3a,B,B4,2,H,2,197,8,0.286,1,39,88.5
1093,6,44,E3a,B,B4,2,H,2,258,8,0.429,2,11,82.3
1094,6,44,E3a,B,B5,1,L,1,197,8,0.286,1,4,46.4
1094,6,44,E3a,B,B5,1,L,1,258,8,0.429,2,36,49.9
1095,6,44,E3a,B,B6,1,H,2,197,8,0.429,1,16,85.1
1095,6,44,E3a,B,B6,1,H,2,258,8,0.571,2,40,84.9
1095,6,44,E3a,B,B6,1,H,2,343,7.157,0.5,3,3,87.8
1095,6,44,E3a,B,B6,1,H,2,392,6.514,0.667,4,23,88.5
1096,6,44,E3a,B,B7,2,L,1,198,8,0.286,1,6,75.8
1096,6,44,E3a,B,B7,2,L,1,259,8,0.429,2,13,82.3
1096,6,44,E3a,B,B7,2,L,1,343,7.868,0.333,3,5,44.1
1096,6,44,E3a,B,B7,2,L,1,392,7.027,0,4,26,87.1
1097,2,10b,E3a,B,B8,2,H,2,197,8,0.143,1,15,73.7
1097,2,10b,E3a,B,B8,2,H,2,258,8,0.571,2,3,93.8
1098,2,10b,E3a,B,B1,2,L,1,195,8,0.286,1,5,41
1098,2,10b,E3a,B,B1,2,L,1,257,8,0.286,2,18,53.5
1098,2,10b,E3a,B,B1,2,L,1,340,8,0.286,3,4,63.4
1099,2,10b,E3a,B,B2,2,H,2,195,8,0.286,1,10,84.8
1099,2,10b,E3a,B,B2,2,H,2,257,8,0.429,2,8,90.4
1099,2,10b,E3a,B,B2,2,H,2,341,8,0.714,3,6,73.3
1099,2,10b,E3a,B,B2,2,H,2,391,7.773,0.8,4,9,85
1100,2,10b,F3b,B,B3,1,L,1,195,8,0.286,1,22,28.5
1100,2,10b,F3b,B,B3,1,L,1,257,7.789,0.5,2,29,81.2
1100,2,10b,F3b,B,B3,1,L,1,341,7.483,0.5,3,13,96.8
1100,2,10b,F3b,B,B3,1,L,1,380,7.16,0.6,4,14,78.8
1101,2,10b,F3b,B,B4,1,H,2,196,8,0.429,1,14,35.2
1101,2,10b,F3b,B,B4,1,H,2,257,8,0.571,2,12,50.6
1102,2,10b,F3b,B,B5,2,L,1,196,8,0.143,1,5,63.5
1102,2,10b,F3b,B,B5,2,L,1,257,8,0.286,2,32,71.3
1102,2,10b,F3b,B,B5,2,L,1,341,7.717,0.2,3,20,84.2
1102,2,10b,F3b,B,B5,2,L,1,391,6.92,0.333,4,18,87
1103,2,10b,F3b,B,B6,2,H,2,196,8,0.286,1,20,54.5
1103,2,10b,F3b,B,B6,2,H,2,257,8,0.429,2,45,85.7
1103,2,10b,F3b,B,B6,2,H,2,342,7.157,0.25,3,2,87.7
1103,2,10b,F3b,B,B6,2,H,2,391,6.514,0.333,4,22,88
1104,2,10b,F3b,B,B7,2,L,1,197,8,0.286,1,2,51
1104,2,10b,F3b,B,B7,2,L,1,258,8,0.429,2,15,78.8
1105,2,10b,F3b,B,B8,2,H,2,197,8,0.143,1,12,44.7
1105,2,10b,F3b,B,B8,2,H,2,258,8,0.571,2,2,89
1105,2,10b,F3b,B,B8,2,H,2,342,8,0.571,3,9,44.2
1106,1,13,B2b,B,B1,2,L,1,184,8,0.286,1,6,69.3
1106,1,13,B2b,B,B1,2,L,1,246,8,0.286,2,22,86.3
1106,1,13,B2b,B,B1,2,L,1,329,8,0.286,3,6,88
1107,1,13,B2b,B,B2,2,H,2,184,8,0.286,1,14,47.8
1107,1,13,B2b,B,B2,2,H,2,246,8,0.429,2,7,83.6
1108,1,13,B2b,B,B3,1,L,1,184,8,0.286,1,20,39
1108,1,13,B2b,B,B3,1,L,1,246,7.789,0.5,2,27,53.9
1108,1,13,B2b,B,B3,1,L,1,330,7.483,0.5,3,11,77.6
1108,1,13,B2b,B,B3,1,L,1,380,7.16,0.6,4,12,73.2
1109,1,13,B2b,B,B4,2,H,2,185,8,0.286,1,11,50
1109,1,13,B2b,B,B4,2,H,2,246,8,0.429,2,9,85.9
1110,1,13,B2b,B,B5,1,L,1,185,8,0.286,1,6,54.6
1110,1,13,B2b,B,B5,1,L,1,246,8,0.429,2,39,75
1110,1,13,B2b,B,B5,1,L,1,330,7.717,0.4,3,18,73.8
1110,1,13,B2b,B,B5,1,L,1,380,6.92,0.667,4,19,90.3
1111,1,13,B2b,B,B6,2,H,2,185,8,0.286,1,17,38
1111,1,13,B2b,B,B6,2,H,2,246,8,0.429,2,43,55.2
1111,1,13,B2b,B,B6,2,H,2,331,7.157,0.25,3,1,50.8
1111,1,13,B2b,B,B6,2,H,2,380,6.514,0.333,4,21,66
1112,2,14,B6a,B,B7,2,L,1,186,8,0.286,1,7,76.6
1112,2,14,B6a,B,B7,2,L,1,247,8,0.429,2,10,88
1113,2,14,B6a,B,B8,1,H,2,186,8,0.286,1,12,44.7
1113,2,14,B6a,B,B8,1,H,2,247,8,0.714,2,4,80.1
1114,2,14,B6a,B,B1,1,L,1,184,8,0.429,1,8,59.3
1114,2,14,B6a,B,B1,1,L,1,246,8,0.429,2,20,85.3
1115,2,14,B6a,B,B2,2,H,2,184,8,0.286,1,9,48.7
1115,2,14,B6a,B,B2,2,H,2,246,8,0.429,2,3,91.8
1115,2,14,B6a,B,B2,2,H,2,330,8,0.714,3,7,79.7
1115,2,14,B6a,B,B2,2,H,2,380,7.773,0.8,4,6,84.8
1116,2,14,B6a,B,B3,2,L,1,184,8,0.143,1,19,91
1116,2,14,B6a,B,B3,2,L,1,246,7.789,0.333,2,25,89.5
1116,2,14,B6a,B,B3,2,L,1,330,7.483,0.333,3,9,69.7
1116,2,14,B6a,B,B3,2,L,1,380,7.16,0.4,4,11,82.3
1117,2,14,B6a,B,B4,1,H,2,185,8,0.429,1,10,48.9
1117,2,14,B6a,B,B4,1,H,2,246,8,0.571,2,13,88.8
1118,2,14,B6a,B,B5,1,L,1,185,8,0.286,1,2,58.5
1118,2,14,B6a,B,B5,1,L,1,246,8,0.429,2,37,41.8
1118,2,14,B6a,B,B5,1,L,1,330,7.717,0.4,3,17,85.4
1119,2,14,B6a,B,B6,1,H,2,185,8,0.429,1,18,45.7
1119,2,14,B6a,B,B6,1,H,2,246,8,0.571,2,46,68
1120,2,14,C2a,B,B7,1,L,1,186,8,0.429,1,1,74.9
1120,2,14,C2a,B,B7,1,L,1,247,8,0.571,2,12,91.7
1121,2,14,C2a,B,B8,1,H,2,186,8,0.286,1,13,59.5
1121,2,14,C2a,B,B8,1,H,2,247,8,0.714,2,5,90.4
1122,2,14,C2a,B,B1,1,L,1,184,8,0.429,1,2,74.7
1122,2,14,C2a,B,B1,1,L,1,246,8,0.429,2,17,51.5
1122,2,14,C2a,B,B1,1,L,1,329,8,0.429,3,2,77.5
1122,2,14,C2a,B,B1,1,L,1,380,7.773,0.4,4,3,93.5
1123,2,14,C2a,B,B2,1,H,2,184,8,0.429,1,13,56.2
1123,2,14,C2a,B,B2,1,H,2,246,8,0.571,2,2,74.1
1123,2,14,C2a,B,B2,1,H,2,330,8,0.857,3,5,61.3
1124,2,14,C2a,B,B3,1,L,1,184,8,0.286,1,23,31
1124,2,14,C2a,B,B3,1,L,1,246,7.789,0.5,2,26,77.1
1125,2,14,C2a,B,B4,1,H,2,185,8,0.429,1,15,38
1125,2,14,C2a,B,B4,1,H,2,246,8,0.571,2,14,82.6
1125,2,14,C2a,B,B4,1,H,2,330,7.59,0.6,3,14,68.6
1125,2,14,C2a,B,B4,1,H,2,380,6.053,1,4,15,87.7
1126,7,48,C1a,B,B5,1,L,1,181,8,0.286,1,7,72
1126,7,48,C1a,B,B5,1,L,1,242,8,0.429,2,34,85.1
1128,7,48,C1a,B,B7,1,L,1,182,8,0.429,1,4,89.5
1128,7,48,C1a,B,B7,1,L,1,243,8,0.571,2,11,91.3
1128,7,48,C1a,B,B7,1,L,1,327,7.868,0.5,3,6,97.1
1128,7,48,C1a,B,B7,1,L,1,376,7.027,0.333,4,28,91.5
1129,7,48,C1a,B,B8,2,H,2,182,8,0.143,1,14,41.8
1129,7,48,C1a,B,B8,2,H,2,243,8,0.571,2,1,59.8
1129,7,48,C1a,B,B8,2,H,2,327,8,0.571,3,10,31.2
1129,7,48,C1a,B,B8,2,H,2,376,7.047,1,4,29,72.3
1131,7,48,C1a,D,D2,2,H,2,227,8,0.429,1,11,57.2
1131,7,48,C1a,D,D2,2,H,2,283,7.584,0.5,2,12,50.5
1131,7,48,C1a,D,D2,2,H,2,369,6.766,0.75,3,10,89.9
1131,7,48,C1a,D,D2,2,H,2,423,6.051,0.5,4,8,81.3
1132,7,48,C1a,D,D3,1,L,1,227,8,0.429,1,17,66.8
1132,7,48,C1a,D,D3,1,L,1,283,8,0.429,2,19,60.9
1132,7,48,C1a,D,D3,1,L,1,369,8,0.429,3,15,90.4
1132,7,48,C1a,D,D3,1,L,1,423,7.894,0.333,4,10,91
1133,7,48,C1a,D,D4,1,H,2,227,8,0.571,1,26,84.9
1133,7,48,C1a,D,D4,1,H,2,283,7.789,0.5,2,22,89.5
1133,7,48,C1a,D,D4,1,H,2,369,7.038,0.75,3,20,95.9
1133,7,48,C1a,D,D4,1,H,2,423,6.573,0.75,4,16,93
1134,7,48,C1a,D,D5,1,L,1,227,7.652,0.5,1,35,37.6
1134,7,48,C1a,D,D5,1,L,1,283,7.384,0.5,2,33,61
1134,7,48,C1a,D,D5,1,L,1,369,7.238,0.5,3,23,82.2
1134,7,48,C1a,D,D5,1,L,1,424,7.189,0.5,4,10,92.1
1136,7,48,A5b,D,D7,1,L,1,228,8,0.286,1,11,70.6
1136,7,48,A5b,D,D7,1,L,1,284,8,0.429,2,2,90.3
1136,7,48,A5b,D,D7,1,L,1,369,8,0.571,3,40,95.7
1136,7,48,A5b,D,D7,1,L,1,424,7.894,0.5,4,15,98.3
1137,7,48,A5b,D,D8,1,H,2,228,8,0.429,1,18,80
1137,7,48,A5b,D,D8,1,H,2,284,8,0.429,2,9,86.7
1137,7,48,A5b,D,D8,1,H,2,369,8,0.429,3,50,96.4
1137,7,48,A5b,D,D8,1,H,2,424,8,0.429,4,18,95
1138,7,48,A5b,E,E1,2,L,1,229,8,0.143,1,8,83.6
1138,7,48,A5b,E,E1,2,L,1,284,8,0.429,2,20,69.3
1138,7,48,A5b,E,E1,2,L,1,370,7.322,0.4,3,4,90.4
1138,7,48,A5b,E,E1,2,L,1,425,6.909,0.5,4,1,97.6
1140,7,48,A5b,E,E3,2,L,1,229,8,0.286,1,24,82.4
1140,7,48,A5b,E,E3,2,L,1,284,8,0.714,2,33,91.7
1141,7,48,A5b,E,E4,2,H,2,229,8,0.429,1,25,79.8
1141,7,48,A5b,E,E4,2,H,2,285,7.789,0.667,2,2,80.4
1141,7,48,A5b,E,E4,2,H,2,370,7.483,0.833,3,20,48.5
1141,7,48,A5b,E,E4,2,H,2,425,7.031,1,4,16,81.6
1142,31,54,D6a,E,E5,2,L,1,226,8,0.571,1,6,67.6
1142,31,54,D6a,E,E5,2,L,1,281,8,0.571,2,9,95.3
1142,31,54,D6a,E,E5,2,L,1,366,7.868,0.667,3,25,83.7
1143,31,54,D6a,E,E6,1,H,2,226,8,0.571,1,16,76
1143,31,54,D6a,E,E6,1,H,2,281,8,0.571,2,23,92.4
1143,31,54,D6a,E,E6,1,H,2,366,8,0.571,3,34,89.7
1143,31,54,D6a,E,E6,1,H,2,421,7.894,0.5,4,24,96
1144,31,54,D6a,E,E7,2,L,1,226,8,0.571,1,23,89.1
1144,31,54,D6a,E,E7,2,L,1,281,8,0.571,2,26,95.3
1145,31,54,D6a,E,E8,1,H,2,226,8,0.571,1,26,68.4
1145,31,54,D6a,E,E8,1,H,2,281,8,0.571,2,32,64.9
1145,31,54,D6a,E,E8,1,H,2,366,8,0.714,3,43,58.5
1145,31,54,D6a,E,E8,1,H,2,421,8,0.714,4,31,67
1146,31,54,D6a,D,D1,2,L,1,223,8,0.143,1,4,82
1146,31,54,D6a,D,D1,2,L,1,279,8,0.429,2,3,93.1
1146,31,54,D6a,D,D1,2,L,1,365,7.609,0.5,3,2,88.5
1146,31,54,D6a,D,D1,2,L,1,419,7.483,0.5,4,4,82.2
1147,31,54,D6a,D,D2,2,H,2,223,8,0.429,1,13,32.2
1147,31,54,D6a,D,D2,2,H,2,279,7.584,0.5,2,8,76.2
1147,31,54,D6a,D,D2,2,H,2,365,6.766,0.75,3,7,91.4
1148,31,54,D6a,D,D3,1,L,1,223,8,0.429,1,18,72
1148,31,54,D6a,D,D3,1,L,1,279,8,0.429,2,21,73.4
1148,31,54,D6a,D,D3,1,L,1,365,8,0.429,3,17,73.9
1148,31,54,D6a,D,D3,1,L,1,419,7.894,0.333,4,15,75.9
1149,31,54,D6a,D,D4,1,H,2,223,8,0.571,1,24,81.5
1149,31,54,D6a,D,D4,1,H,2,279,7.789,0.5,2,27,65.4
1149,31,54,D6a,D,D4,1,H,2,365,7.038,0.75,3,21,92.9
1149,31,54,D6a,D,D4,1,H,2,419,6.573,0.75,4,18,74.3
1150,31,54,D6a,D,D5,1,L,1,223,7.652,0.5,1,38,73.2
1150,31,54,D6a,D,D5,1,L,1,279,7.384,0.5,2,30,67.9
1150,31,54,D6a,D,D5,1,L,1,365,7.238,0.5,3,27,90.3
1150,31,54,D6a,D,D5,1,L,1,420,7.189,0.5,4,6,62.3
1151,31,54,G6a,D,D6,1,H,2,224,8,0.429,1,3,80.4
1151,31,54,G6a,D,D6,1,H,2,279,7.584,0.5,2,37,67.3
1152,31,54,G6a,D,D7,1,L,1,224,8,0.286,1,14,71.9
1152,31,54,G6a,D,D7,1,L,1,280,8,0.429,2,5,76.5
1152,31,54,G6a,D,D7,1,L,1,365,8,0.571,3,39,90.3
1152,31,54,G6a,D,D7,1,L,1,420,7.894,0.5,4,11,94.5
1153,31,54,G6a,D,D8,2,H,2,224,8,0.286,1,24,69.4
1153,31,54,G6a,D,D8,2,H,2,280,8,0.286,2,13,55.5
1153,31,54,G6a,D,D8,2,H,2,365,8,0.286,3,45,95.6
1153,31,54,G6a,D,D8,2,H,2,420,8,0.286,4,22,93.1
1154,31,54,G6a,E,E1,2,L,1,225,8,0.143,1,6,65.9
1154,31,54,G6a,E,E1,2,L,1,280,8,0.429,2,25,46
1154,31,54,G6a,E,E1,2,L,1,366,7.322,0.4,3,5,83.1
1154,31,54,G6a,E,E1,2,L,1,421,6.909,0.5,4,3,69.1
1155,31,54,G6a,E,E2,1,H,2,225,8,0.5,1,12,41.6
1155,31,54,G6a,E,E2,1,H,2,280,8,0.429,2,28,50.9
1155,31,54,G6a,E,E2,1,H,2,366,7.464,0.4,3,9,92.8
1155,31,54,G6a,E,E2,1,H,2,421,7.016,0.25,4,5,86.3
1156,31,54,G6a,E,E3,2,L,1,225,8,0.286,1,20,74.5
1156,31,54,G6a,E,E3,2,L,1,280,8,0.714,2,35,91.9
1156,31,54,G6a,E,E3,2,L,1,366,8,1,3,13,95.2
1156,31,54,G6a,E,E3,2,L,1,421,7.67,1,4,10,97.6
1157,31,54,G6a,E,E4,2,H,2,225,8,0.429,1,31,40.6
1157,31,54,G6a,E,E4,2,H,2,281,7.789,0.667,2,3,87.6
1158,31,54,G6a,E,E5,2,L,1,226,8,0.571,1,3,54.2
1158,31,54,G6a,E,E5,2,L,1,281,8,0.571,2,14,58.3
1158,31,54,G6a,E,E5,2,L,1,366,7.868,0.667,3,24,64.4
1158,31,54,G6a,E,E5,2,L,1,421,6.828,0,4,20,61.1
1159,31,54,G6a,E,E6,1,H,2,226,8,0.571,1,15,80.9
1159,31,54,G6a,E,E6,1,H,2,281,8,0.571,2,21,81.6
1159,31,54,G6a,E,E6,1,H,2,366,8,0.571,3,32,66.9
1159,31,54,G6a,E,E6,1,H,2,421,7.894,0.5,4,26,81.8
1160,4b,16b,E6b,E,E7,2,L,1,225,8,0.571,1,18,83.6
1160,4b,16b,E6b,E,E7,2,L,1,280,8,0.571,2,25,65.1
1161,4b,16b,E6b,E,E8,1,H,2,225,8,0.571,1,31,80
1161,4b,16b,E6b,E,E8,1,H,2,280,8,0.571,2,38,95.1
1161,4b,16b,E6b,E,E8,1,H,2,365,8,0.714,3,42,80.9
1161,4b,16b,E6b,E,E8,1,H,2,420,8,0.714,4,35,67.5
1162,4b,16b,E6b,D,D1,2,L,1,222,8,0.143,1,5,49.8
1162,4b,16b,E6b,D,D1,2,L,1,279,8,0.429,2,18,46.4
1162,4b,16b,E6b,D,D1,2,L,1,364,7.609,0.5,3,4,68.1
1162,4b,16b,E6b,D,D1,2,L,1,418,7.483,0.5,4,7,68.9
1164,4b,16b,E6b,D,D3,1,L,1,222,8,0.429,1,19,81
1164,4b,16b,E6b,D,D3,1,L,1,278,8,0.429,2,17,87.7
1164,4b,16b,E6b,D,D3,1,L,1,364,8,0.429,3,12,96.5
1164,4b,16b,E6b,D,D3,1,L,1,418,7.894,0.333,4,12,92.6
1165,4b,16b,E6b,D,D4,1,H,2,222,8,0.571,1,31,59.4
1166,1,9,B1b,D,D5,2,L,1,220,7.652,0.333,1,32,47.2
1166,1,9,B1b,D,D5,2,L,1,276,7.384,0.333,2,31,91
1166,1,9,B1b,D,D5,2,L,1,362,7.238,0.333,3,24,94.2
1166,1,9,B1b,D,D5,2,L,1,417,7.189,0.333,4,8,94.6
1167,1,9,B1b,D,D6,2,H,2,221,8,0.286,1,5,77.7
1167,1,9,B1b,D,D6,2,H,2,276,7.584,0.333,2,36,81.7
1167,1,9,B1b,D,D6,2,H,2,362,7.219,0.6,3,32,89.6
1167,1,9,B1b,D,D6,2,H,2,417,6.957,0.6,4,2,85.8
1168,1,9,B1b,D,D7,1,L,1,221,8,0.286,1,9,79.3
1168,1,9,B1b,D,D7,1,L,1,277,8,0.429,2,3,63
1168,1,9,B1b,D,D7,1,L,1,362,8,0.571,3,38,45.7
1169,1,9,B1b,D,D8,1,H,2,221,8,0.429,1,25,68.7
1169,1,9,B1b,D,D8,1,H,2,277,8,0.429,2,11,84.7
1169,1,9,B1b,D,D8,1,H,2,362,8,0.429,3,49,92.7
1169,1,9,B1b,D,D8,1,H,2,417,8,0.429,4,16,89.5
1170,1,9,B1b,E,E1,2,L,1,222,8,0.143,1,4,65.4
1170,1,9,B1b,E,E1,2,L,1,277,8,0.429,2,21,74.8
1170,1,9,B1b,E,E1,2,L,1,363,7.322,0.4,3,3,90.9
1171,1,9,A6b,E,E2,2,H,2,222,8,0.333,1,10,83.2
1172,1,9,A6b,E,E3,2,L,1,222,8,0.286,1,23,73.9
1172,1,9,A6b,E,E3,2,L,1,277,8,0.714,2,31,83.5
1172,1,9,A6b,E,E3,2,L,1,363,8,1,3,16,96.7
1172,1,9,A6b,E,E3,2,L,1,418,7.67,1,4,9,77.3
1173,1,9,A6b,E,E4,1,H,2,222,8,0.571,1,26,71.3
1173,1,9,A6b,E,E4,1,H,2,278,7.789,0.833,2,1,86.4
1174,1,9,A6b,E,E5,1,L,1,223,8,0.714,1,7,89.3
1174,1,9,A6b,E,E5,1,L,1,278,8,0.714,2,13,83.1
1174,1,9,A6b,E,E5,1,L,1,363,7.868,0.833,3,22,75.5
1174,1,9,A6b,E,E5,1,L,1,418,6.828,0.5,4,21,75.4
1175,32,55,B2a,E,E6,2,H,2,221,8,0.429,1,13,51.4
1175,32,55,B2a,E,E6,2,H,2,276,8,0.429,2,18,69.6
1175,32,55,B2a,E,E6,2,H,2,361,8,0.429,3,30,92.9
1176,32,55,B2a,E,E7,1,L,1,221,8,0.714,1,21,81.4
1176,32,55,B2a,E,E7,1,L,1,276,8,0.714,2,27,95.9
1176,32,55,B2a,E,E7,1,L,1,361,7.717,0.8,3,38,85.5
1177,32,55,B2a,E,E8,2,H,2,221,8,0.429,1,29,78.9
1177,32,55,B2a,E,E8,2,H,2,276,8,0.429,2,36,86.3
1177,32,55,B2a,E,E8,2,H,2,361,8,0.571,3,41,92
1177,32,55,B2a,E,E8,2,H,2,416,8,0.571,4,30,90.9
1178,32,55,B2a,D,D1,1,L,1,218,8,0.286,1,1,70.7
1178,32,55,B2a,D,D1,1,L,1,274,8,0.571,2,1,83.1
1178,32,55,B2a,D,D1,1,L,1,360,7.609,0.667,3,6,85.7
1178,32,55,B2a,D,D1,1,L,1,414,7.483,0.667,4,3,75.1
1179,32,55,B2a,D,D2,1,H,2,218,8,0.571,1,10,76.8
1179,32,55,B2a,D,D2,1,H,2,274,7.584,0.667,2,9,86.2
1180,32,55,B2a,D,D3,2,L,1,218,8,0.286,1,22,45.3
1180,32,55,B2a,D,D3,2,L,1,274,8,0.286,2,18,53.4
1181,32,55,B2a,D,D4,2,H,2,218,8,0.429,1,27,66.8
1181,32,55,B2a,D,D4,2,H,2,274,7.789,0.333,2,23,74.6
1182,25,37b,F6b,D,D5,1,L,1,216,7.652,0.5,1,36,61
1182,25,37b,F6b,D,D5,1,L,1,272,7.384,0.5,2,32,76.7
1182,25,37b,F6b,D,D5,1,L,1,358,7.238,0.5,3,25,82.8
1182,25,37b,F6b,D,D5,1,L,1,413,7.189,0.5,4,5,89.2
1183,25,37b,F6b,D,D6,1,H,2,217,8,0.429,1,1,84.3
1183,25,37b,F6b,D,D6,1,H,2,272,7.584,0.5,2,39,83.7
1183,25,37b,F6b,D,D6,1,H,2,358,7.219,0.8,3,34,87.7
1184,25,37b,F6b,D,D7,1,L,1,217,8,0.286,1,16,74.6
1184,25,37b,F6b,D,D7,1,L,1,273,8,0.429,2,8,80.4
1184,25,37b,F6b,D,D7,1,L,1,358,8,0.571,3,37,90.1
1184,25,37b,F6b,D,D7,1,L,1,413,7.894,0.5,4,13,79.2
1185,25,37b,F6b,D,D8,1,H,2,217,8,0.429,1,19,87.7
1185,25,37b,F6b,D,D8,1,H,2,273,8,0.429,2,16,90.2
1185,25,37b,F6b,D,D8,1,H,2,358,8,0.429,3,46,91.9
1185,25,37b,F6b,D,D8,1,H,2,413,8,0.429,4,19,96.2
1186,25,37b,F6b,E,E1,2,L,1,218,8,0.143,1,1,41
1188,28,40,F3a,E,E3,2,L,1,215,8,0.286,1,22,73.1
1188,28,40,F3a,E,E3,2,L,1,270,8,0.714,2,38,79.4
1188,28,40,F3a,E,E3,2,L,1,356,8,1,3,11,91.7
1188,28,40,F3a,E,E3,2,L,1,411,7.67,1,4,12,64
1189,28,40,F3a,E,E4,2,H,2,168,8,0.429,1,9,89.7
1189,28,40,F3a,E,E4,2,H,2,271,7.789,0.667,2,5,62.7
1189,28,40,F3a,E,E4,2,H,2,356,7.483,0.833,3,18,75.5
1189,28,40,F3a,E,E4,2,H,2,411,7.031,1,4,17,71.1
1190,28,40,F3a,E,E5,2,L,1,216,8,0.571,1,2,77.2
1190,28,40,F3a,E,E5,2,L,1,271,8,0.571,2,8,84
1191,28,40,F3a,E,E6,2,H,2,216,8,0.429,1,14,77.4
1191,28,40,F3a,E,E6,2,H,2,271,8,0.429,2,22,50.9
1191,28,40,F3a,E,E6,2,H,2,356,8,0.429,3,27,81.7
1192,28,40,F3a,E,E7,2,L,1,216,8,0.571,1,22,76.6
1192,28,40,F3a,E,E7,2,L,1,271,8,0.571,2,28,60.5
1192,28,40,F3a,E,E7,2,L,1,356,7.717,0.6,3,36,84.3
1193,28,40,F3a,E,E8,2,H,2,216,8,0.429,1,27,88.5
1193,28,40,F3a,E,E8,2,H,2,271,8,0.429,2,33,91.5
1193,28,40,F3a,E,E8,2,H,2,411,8,0.571,4,32,87
1194,28,40,B5b,D,D1,2,L,1,213,8,0.143,1,7,54.3
1194,28,40,B5b,D,D1,2,L,1,269,8,0.429,2,5,69
1194,28,40,B5b,D,D1,2,L,1,355,7.609,0.5,3,3,93.7
1194,28,40,B5b,D,D1,2,L,1,409,7.483,0.5,4,1,43.2
1195,28,40,B5b,D,D2,2,H,2,213,8,0.429,1,12,59.4
1195,28,40,B5b,D,D2,2,H,2,270,7.584,0.5,2,19,53
1196,28,40,B5b,D,D3,2,L,1,213,8,0.286,1,21,78.1
1196,28,40,B5b,D,D3,2,L,1,269,8,0.286,2,20,84
1196,28,40,B5b,D,D3,2,L,1,355,8,0.286,3,11,91.8
1197,28,40,B5b,D,D4,2,H,2,213,8,0.429,1,28,49
1197,28,40,B5b,D,D4,2,H,2,269,7.789,0.333,2,26,62.1
1197,28,40,B5b,D,D4,2,H,2,355,7.038,0.5,3,19,92.8
1198,28,40,B5b,D,D5,2,L,1,213,7.652,0.333,1,37,68.4
1198,28,40,B5b,D,D5,2,L,1,269,7.384,0.333,2,34,46.1
1198,28,40,B5b,D,D5,2,L,1,355,7.238,0.333,3,28,89.4
1198,28,40,B5b,D,D5,2,L,1,410,7.189,0.333,4,4,92.8
1199,28,40,B5b,D,D6,2,H,2,214,8,0.286,1,7,80.8
1199,28,40,B5b,D,D6,2,H,2,269,7.584,0.333,2,40,68.9
1199,28,40,B5b,D,D6,2,H,2,355,7.219,0.6,3,30,89.3
1199,28,40,B5b,D,D6,2,H,2,410,6.957,0.6,4,1,87.5
1200,28,40,B5b,D,D7,2,L,1,214,8,0.143,1,8,88.7
1200,28,40,B5b,D,D7,2,L,1,270,8,0.286,2,1,75.4
1200,28,40,B5b,D,D7,2,L,1,355,8,0.429,3,36,92.2
1201,28,40,B5b,D,D8,2,H,2,214,8,0.286,1,23,82.4
1201,28,40,B5b,D,D8,2,H,2,270,8,0.286,2,12,91.6
1201,28,40,B5b,D,D8,2,H,2,355,8,0.286,3,44,92.5
1201,28,40,B5b,D,D8,2,H,2,410,8,0.286,4,21,95
1202,28,40,B5b,E,E1,1,L,1,215,8,0.286,1,3,80.6
1202,28,40,B5b,E,E1,1,L,1,270,8,0.571,2,24,78.5
1202,28,40,B5b,E,E1,1,L,1,356,7.322,0.6,3,1,65.4
1203,1,13,E3b,E,E2,1,H,2,205,8,0.5,1,15,41.6
1203,1,13,E3b,E,E2,1,H,2,260,8,0.429,2,27,91.7
1203,1,13,E3b,E,E2,1,H,2,346,7.464,0.4,3,10,90.2
1203,1,13,E3b,E,E2,1,H,2,401,7.016,0.25,4,7,97.1
1204,1,13,E3b,E,E3,2,L,1,205,8,0.286,1,18,51.6
1204,1,13,E3b,E,E3,2,L,1,260,8,0.714,2,32,50.6
1206,1,13,E3b,E,E5,2,L,1,206,8,0.571,1,1,46.2
1206,1,13,E3b,E,E5,2,L,1,261,8,0.571,2,10,82.9
1206,1,13,E3b,E,E5,2,L,1,346,7.868,0.667,3,23,80.5
1207,1,13,E3b,E,E6,2,H,2,206,8,0.429,1,9,54.1
1207,1,13,E3b,E,E6,2,H,2,261,8,0.429,2,17,96.1
1207,1,13,E3b,E,E6,2,H,2,346,8,0.429,3,29,85.6
1208,1,13,E3b,E,E7,2,L,1,206,8,0.571,1,17,87.8
1208,1,13,E3b,E,E7,2,L,1,261,8,0.571,2,30,92.5
1208,1,13,E3b,E,E7,2,L,1,346,7.717,0.6,3,35,67.3
1208,1,13,E3b,E,E7,2,L,1,401,7.206,0.5,4,27,84.7
1209,1,13,E3b,E,E8,2,H,2,206,8,0.429,1,30,72.6
1209,1,13,E3b,E,E8,2,H,2,261,8,0.429,2,34,93.7
1209,1,13,E3b,E,E8,2,H,2,346,8,0.571,3,47,74.1
1210,1,13,E3b,D,D1,2,L,1,203,8,0.143,1,6,90.9
1210,1,13,E3b,D,D1,2,L,1,259,8,0.429,2,4,56.7
1210,1,13,E3b,D,D1,2,L,1,345,7.609,0.5,3,1,74
1210,1,13,E3b,D,D1,2,L,1,399,7.483,0.5,4,2,48.9
1211,1,13,B3b,D,D2,2,H,2,203,8,0.429,1,9,42.4
1211,1,13,B3b,D,D2,2,H,2,259,7.584,0.5,2,10,65.8
1211,1,13,B3b,D,D2,2,H,2,345,6.766,0.75,3,9,63.7
1212,1,13,B3b,D,D3,2,L,1,203,8,0.286,1,23,66.4
1212,1,13,B3b,D,D3,2,L,1,259,8,0.286,2,13,30.4
1212,1,13,B3b,D,D3,2,L,1,345,8,0.286,3,16,90.5
1212,1,13,B3b,D,D3,2,L,1,399,7.894,0.167,4,14,54.1
1213,1,13,B3b,D,D4,2,H,2,203,8,0.429,1,30,81.7
1215,1,13,B3b,D,D6,1,H,2,204,8,0.429,1,4,76.2
1215,1,13,B3b,D,D6,1,H,2,259,7.584,0.5,2,38,91.9
1215,1,13,B3b,D,D6,1,H,2,345,7.219,0.8,3,35,92.3
1216,1,13,B3b,D,D7,2,L,1,204,8,0.143,1,13,48.9
1216,1,13,B3b,D,D7,2,L,1,260,8,0.286,2,4,91.5
1216,1,13,B3b,D,D7,2,L,1,345,8,0.429,3,41,82.2
1216,1,13,B3b,D,D7,2,L,1,400,7.894,0.333,4,12,85.1
1217,2,10b,B6b,D,D8,2,H,2,197,8,0.286,1,20,80.6
1217,2,10b,B6b,D,D8,2,H,2,253,8,0.286,2,17,58.8
1217,2,10b,B6b,D,D8,2,H,2,338,8,0.286,3,51,61.2
1217,2,10b,B6b,D,D8,2,H,2,393,8,0.286,4,23,58.9
1218,2,10b,B6b,E,E1,1,L,1,198,8,0.286,1,2,84.3
1218,2,10b,B6b,E,E1,1,L,1,253,8,0.571,2,23,65.8
1219,2,10b,B6b,E,E2,2,H,2,198,8,0.333,1,16,41.5
1219,2,10b,B6b,E,E2,2,H,2,253,8,0.286,2,29,57.1
1220,2,10b,B6b,E,E3,2,L,1,198,8,0.286,1,19,88.3
1220,2,10b,B6b,E,E3,2,L,1,253,8,0.714,2,34,85.4
1220,2,10b,B6b,E,E3,2,L,1,339,8,1,3,12,60.7
1220,2,10b,B6b,E,E3,2,L,1,394,7.67,1,4,11,35.9
1221,2,10b,B6b,E,E4,2,H,2,198,8,0.429,1,29,75.3
1221,2,10b,B6b,E,E4,2,H,2,254,7.789,0.667,2,7,88.1
1221,2,10b,B6b,E,E4,2,H,2,339,7.483,0.833,3,21,89.8
1221,2,10b,B6b,E,E4,2,H,2,394,7.031,1,4,15,45.1
1222,2,10b,B6b,E,E5,1,L,1,199,8,0.714,1,8,58.3
1222,2,10b,B6b,E,E5,1,L,1,254,8,0.714,2,12,89
1222,2,10b,B6b,E,E5,1,L,1,339,7.868,0.833,3,26,86.8
1222,2,10b,B6b,E,E5,1,L,1,394,6.828,0.5,4,19,52.9
1223,2,10b,B6b,E,E6,1,H,2,199,8,0.571,1,11,87.5
1223,2,10b,B6b,E,E6,1,H,2,254,8,0.571,2,16,78.7
1223,2,10b,B6b,E,E6,1,H,2,339,8,0.571,3,31,82.3
1223,2,10b,B6b,E,E6,1,H,2,394,7.894,0.5,4,25,88.4
1224,2,10b,B6b,E,E7,1,L,1,199,8,0.714,1,24,88
1224,2,10b,B6b,E,E7,1,L,1,254,8,0.714,2,29,86.8
1225,2,10b,E6a,E,E8,2,H,2,199,8,0.429,1,32,76.2
1225,2,10b,E6a,E,E8,2,H,2,254,8,0.429,2,35,95
1225,2,10b,E6a,E,E8,2,H,2,339,8,0.571,3,45,94.2
1225,2,10b,E6a,E,E8,2,H,2,394,8,0.571,4,34,96.9
1226,2,10b,E6a,D,D1,1,L,1,196,8,0.286,1,8,70.6
1227,2,10b,E6a,D,D2,1,H,2,196,8,0.571,1,14,79.6
1227,2,10b,E6a,D,D2,1,H,2,252,7.584,0.667,2,11,34.5
1228,2,10b,E6a,D,D3,1,L,1,196,8,0.429,1,16,40.5
1228,2,10b,E6a,D,D3,1,L,1,252,8,0.429,2,16,48.9
1228,2,10b,E6a,D,D3,1,L,1,338,8,0.429,3,13,89.1
1228,2,10b,E6a,D,D3,1,L,1,392,7.894,0.333,4,13,82.2
1229,2,10b,E6a,D,D4,2,H,2,196,8,0.429,1,25,37.4
1229,2,10b,E6a,D,D4,2,H,2,252,7.789,0.333,2,24,91.9
1229,2,10b,E6a,D,D4,2,H,2,338,7.038,0.5,3,18,90.2
1229,2,10b,E6a,D,D4,2,H,2,392,6.573,0.5,4,19,67.5
1230,2,10b,E6a,D,D5,2,L,1,196,7.652,0.333,1,33,42.4
1230,2,10b,E6a,D,D5,2,L,1,252,7.384,0.333,2,28,71.1
1230,2,10b,E6a,D,D5,2,L,1,338,7.238,0.333,3,29,92.4
1230,2,10b,E6a,D,D5,2,L,1,393,7.189,0.333,4,7,61.8
1231,2,10b,E6a,D,D6,2,H,2,197,8,0.286,1,2,75.9
1231,2,10b,E6a,D,D6,2,H,2,252,7.584,0.333,2,41,91.7
1231,2,10b,E6a,D,D6,2,H,2,338,7.219,0.6,3,33,93.6
1232,2,10b,E6a,D,D7,2,L,1,197,8,0.143,1,10,79.8
1232,2,10b,E6a,D,D7,2,L,1,253,8,0.286,2,6,87.5
1232,2,10b,E6a,D,D7,2,L,1,338,8,0.429,3,42,91
1233,2,34,G5a,D,D8,1,H,2,190,8,0.429,1,22,90.5
1233,2,34,G5a,D,D8,1,H,2,246,8,0.429,2,10,91.1
1233,2,34,G5a,D,D8,1,H,2,331,8,0.429,3,48,96.6
1233,2,34,G5a,D,D8,1,H,2,386,8,0.429,4,17,96
1235,2,34,G5a,E,E2,1,H,2,191,8,0.5,1,9,74.9
1235,2,34,G5a,E,E2,1,H,2,246,8,0.429,2,30,84.1
1235,2,34,G5a,E,E2,1,H,2,332,7.464,0.4,3,8,93.4
1235,2,34,G5a,E,E2,1,H,2,387,7.016,0.25,4,4,92.5
1236,2,34,G5a,E,E3,2,L,1,191,8,0.286,1,17,77.6
1236,2,34,G5a,E,E3,2,L,1,246,8,0.714,2,37,91.3
1236,2,34,G5a,E,E3,2,L,1,332,8,1,3,14,53.1
1237,2,34,G5a,E,E4,2,H,2,191,8,0.429,1,27,54.2
1237,2,34,G5a,E,E4,2,H,2,247,7.789,0.667,2,4,93.2
1237,2,34,G5a,E,E4,2,H,2,332,7.483,0.833,3,19,94.4
1237,2,34,G5a,E,E4,2,H,2,387,7.031,1,4,18,86.3
1238,2,34,G5a,E,E5,1,L,1,192,8,0.714,1,5,77.5
1238,2,34,G5a,E,E5,1,L,1,247,8,0.714,2,11,87.5
1239,2,34,G5a,E,E6,2,H,2,192,8,0.429,1,12,77.5
1239,2,34,G5a,E,E6,2,H,2,247,8,0.429,2,20,92.5
1239,2,34,G5a,E,E6,2,H,2,332,8,0.429,3,28,92.6
1239,2,34,G5a,E,E6,2,H,2,387,7.894,0.333,4,22,96.4
1240,2,34,G5a,E,E7,2,L,1,192,8,0.571,1,20,90.5
1240,2,34,G5a,E,E7,2,L,1,247,8,0.571,2,24,95.1
1240,2,34,G5a,E,E7,2,L,1,332,7.717,0.6,3,37,93.6
1241,4b,12,D5a,E,E8,2,H,2,182,8,0.429,1,28,74.9
1241,4b,12,D5a,E,E8,2,H,2,237,8,0.429,2,37,69.6
1241,4b,12,D5a,E,E8,2,H,2,322,8,0.571,3,44,81.9
1241,4b,12,D5a,E,E8,2,H,2,377,8,0.571,4,33,51.6
1242,4b,12,D5a,D,D1,1,L,1,179,8,0.286,1,3,86.7
1242,4b,12,D5a,D,D1,1,L,1,235,8,0.571,2,6,72.9
1242,4b,12,D5a,D,D1,1,L,1,321,7.609,0.667,3,5,73.9
1242,4b,12,D5a,D,D1,1,L,1,375,7.483,0.667,4,6,85.5
1243,4b,12,D5a,D,D2,1,H,2,180,8,0.571,1,17,75.5
1243,4b,12,D5a,D,D2,1,H,2,235,7.584,0.667,2,7,84.8
1243,4b,12,D5a,D,D2,1,H,2,321,6.766,1,3,8,86.8
1243,4b,12,D5a,D,D2,1,H,2,375,6.051,1,4,9,90.3
1244,4b,12,D5a,D,D3,1,L,1,179,8,0.429,1,20,84.5
1244,4b,12,D5a,D,D3,1,L,1,235,8,0.429,2,14,82.8
1244,4b,12,D5a,D,D3,1,L,1,321,8,0.429,3,14,92.7
1244,4b,12,D5a,D,D3,1,L,1,375,7.894,0.333,4,11,91.8
1245,4b,12,D5a,D,D4,2,H,2,179,8,0.429,1,29,74.5
1245,4b,12,D5a,D,D4,2,H,2,235,7.789,0.333,2,25,74.5
1245,4b,12,D5a,D,D4,2,H,2,321,7.038,0.5,3,22,90.7
1245,4b,12,D5a,D,D4,2,H,2,375,6.573,0.5,4,17,72.1
1246,4b,12,D5a,D,D5,1,L,1,179,7.652,0.5,1,34,45.9
1246,4b,12,D5a,D,D5,1,L,1,235,7.384,0.5,2,29,53.5
1246,4b,12,D5a,D,D5,1,L,1,321,7.238,0.5,3,26,89.1
1246,4b,12,D5a,D,D5,1,L,1,376,7.189,0.5,4,9,96.5
1247,4b,12,D5a,D,D6,2,H,2,180,8,0.286,1,6,81.7
1247,4b,12,D5a,D,D6,2,H,2,235,7.584,0.333,2,35,65.2
1247,4b,12,D5a,D,D6,2,H,2,321,7.219,0.6,3,31,59
1247,4b,12,D5a,D,D6,2,H,2,376,6.957,0.6,4,3,93.7
1248,4b,12,D5a,D,D7,2,L,1,180,8,0.143,1,12,82.3
1248,4b,12,D5a,D,D7,2,L,1,236,8,0.286,2,7,86.1
1248,4b,12,D5a,D,D7,2,L,1,321,8,0.429,3,43,91.3
1248,4b,12,D5a,D,D7,2,L,1,376,7.894,0.333,4,14,94
1249,4b,12,D5a,D,D8,1,H,2,180,8,0.429,1,21,74.2
1249,4b,12,D5a,D,D8,1,H,2,236,8,0.429,2,14,62.4
1249,4b,12,D5a,D,D8,1,H,2,321,8,0.429,3,47,90.1
1249,4b,12,D5a,D,D8,1,H,2,376,8,0.429,4,20,89.3
1250,4b,12,D4b,E,E1,1,L,1,181,8,0.286,1,5,85.6
1250,4b,12,D4b,E,E1,1,L,1,236,8,0.571,2,22,77.1
1250,4b,12,D4b,E,E1,1,L,1,322,7.322,0.6,3,2,93.5
1250,4b,12,D4b,E,E1,1,L,1,377,6.909,0.75,4,2,84.2
1251,4b,12,D4b,E,E2,2,H,2,181,8,0.333,1,14,71.1
1251,4b,12,D4b,E,E2,2,H,2,236,8,0.286,2,26,73
1251,4b,12,D4b,E,E2,2,H,2,322,7.464,0.2,3,6,74
1251,4b,12,D4b,E,E2,2,H,2,377,7.016,0,4,8,86.6
1252,4b,12,D4b,E,E3,2,L,1,181,8,0.286,1,21,68.4
1252,4b,12,D4b,E,E3,2,L,1,236,8,0.714,2,36,47.3
1252,4b,12,D4b,E,E3,2,L,1,322,8,1,3,15,91.8
1252,4b,12,D4b,E,E3,2,L,1,377,7.67,1,4,13,73.9
1253,4b,12,D4b,E,E4,2,H,2,181,8,0.429,1,28,67.2
1253,4b,12,D4b,E,E4,2,H,2,237,7.789,0.667,2,6,82.4
1253,4b,12,D4b,E,E4,2,H,2,322,7.483,0.833,3,17,36.4
1253,4b,12,D4b,E,E4,2,H,2,377,7.031,1,4,14,42.2
1254,4b,12,D4b,E,E5,2,L,1,182,8,0.571,1,4,65.2
1254,4b,12,D4b,E,E5,2,L,1,237,8,0.571,2,15,82.9
1255,4b,12,D4b,E,E6,1,H,2,182,8,0.571,1,10,37.9
1255,4b,12,D4b,E,E6,1,H,2,237,8,0.571,2,19,47.8
1255,4b,12,D4b,E,E6,1,H,2,322,8,0.571,3,33,85.9
1255,4b,12,D4b,E,E6,1,H,2,377,7.894,0.5,4,23,92.7
1256,7,48,E2a,E,E7,1,L,1,178,8,0.714,1,19,89.3
1256,7,48,E2a,E,E7,1,L,1,233,8,0.714,2,31,92.3
1256,7,48,E2a,E,E7,1,L,1,318,7.717,0.8,3,39,95.9
1256,7,48,E2a,E,E7,1,L,1,373,7.206,0.75,4,28,95.1
1257,7,48,E2a,E,E8,1,H,2,178,8,0.571,1,25,91.8
1257,7,48,E2a,E,E8,1,H,2,233,8,0.571,2,39,92.4
1257,7,48,E2a,E,E8,1,H,2,318,8,0.714,3,46,71.5
1257,7,48,E2a,E,E8,1,H,2,373,8,0.714,4,29,96.4
1258,7,48,E2a,F,F1,2,L,1,204,8,0.429,1,6,61.9
1258,7,48,E2a,F,F1,2,L,1,260,8,0.429,2,3,86.1
1258,7,48,E2a,F,F1,2,L,1,344,8,0.714,3,10,92
1259,7,48,E2a,F,F2,1,H,2,204,8,0.429,1,13,41
1259,7,48,E2a,F,F2,1,H,2,260,8,0.429,2,12,76.7
1259,7,48,E2a,F,F2,1,H,2,344,7.419,0.5,3,2,92.2
1259,7,48,E2a,F,F2,1,H,2,401,6.856,0.5,4,8,74.7
1260,7,48,E2a,F,F3,1,L,1,204,8,0.429,1,31,44.9
1260,7,48,E2a,F,F3,1,L,1,260,8,0.429,2,18,85.5
1260,7,48,E2a,F,F3,1,L,1,344,8,0.714,3,17,82
1260,7,48,E2a,F,F3,1,L,1,401,7.531,0.5,4,12,89.8
1261,7,48,E2a,F,F4,2,H,2,204,8,0.714,1,21,46
1262,7,48,E2a,F,F5,2,L,1,204,8,0.714,1,36,75.5
1262,7,48,E2a,F,F5,2,L,1,261,8,0.714,2,8,47.9
1262,7,48,E2a,F,F5,2,L,1,344,7.868,0.667,3,31,69.1
1262,7,48,E2a,F,F5,2,L,1,401,7.453,0.6,4,21,72.2
1263,7,48,E2a,F,F6,2,H,2,204,8,0.429,1,47,75.2
1263,7,48,E2a,F,F6,2,H,2,261,8,0.429,2,24,90.5
1263,7,48,E2a,F,F6,2,H,2,344,8,1,3,32,94.3
1263,7,48,E2a,F,F6,2,H,2,400,8,1,4,4,98.2
1264,26,18,G6b,F,F7,2,L,1,201,8,0.286,1,5,57.4
1264,26,18,G6b,F,F7,2,L,1,258,8,0.571,2,1,85.8
1264,26,18,G6b,F,F7,2,L,1,342,7.737,0.667,3,1,83.1
1264,26,18,G6b,F,F7,2,L,1,396,7.221,0.5,4,9,85.4
1265,26,18,G6b,F,F8,1,H,2,201,8,0.286,1,15,74.1
1265,26,18,G6b,F,F8,1,H,2,258,7.789,0.333,2,14,92.1
1265,26,18,G6b,F,F8,1,H,2,342,7.341,0.8,3,9,93.7
1265,26,18,G6b,F,F8,1,H,2,396,6.648,0.667,4,15,92.7
1266,26,18,G6b,F,F1,2,L,1,200,8,0.429,1,2,69.1
1266,26,18,G6b,F,F1,2,L,1,256,8,0.429,2,2,86.6
1266,26,18,G6b,F,F1,2,L,1,340,8,0.714,3,6,77.4
1268,26,18,G6b,F,F3,1,L,1,200,8,0.429,1,28,75
1268,26,18,G6b,F,F3,1,L,1,256,8,0.429,2,23,94.6
1268,26,18,G6b,F,F3,1,L,1,340,8,0.714,3,20,86.2
1268,26,18,G6b,F,F3,1,L,1,397,7.531,0.5,4,11,90.9
1269,26,18,G6b,F,F4,2,H,2,200,8,0.714,1,19,67.2
1269,26,18,G6b,F,F4,2,H,2,257,7.789,0.833,2,4,90.6
1270,26,18,G6b,F,F5,2,L,1,200,8,0.714,1,39,66.4
1270,26,18,G6b,F,F5,2,L,1,257,8,0.714,2,10,92.5
1270,26,18,G6b,F,F5,2,L,1,340,7.868,0.667,3,27,77.2
1271,26,18,G6b,F,F6,2,H,2,200,8,0.429,1,43,56.2
1271,26,18,G6b,F,F6,2,H,2,257,8,0.429,2,17,89.1
1271,26,18,G6b,F,F6,2,H,2,340,8,1,3,33,94.4
1271,26,18,G6b,F,F6,2,H,2,396,8,1,4,3,91.3
1272,28,20,C2b,F,F7,2,L,1,196,8,0.286,1,7,81.9
1272,28,20,C2b,F,F7,2,L,1,253,8,0.571,2,7,89.5
1273,28,20,C2b,F,F8,2,H,2,196,8,0.143,1,10,78.4
1273,28,20,C2b,F,F8,2,H,2,253,7.789,0.167,2,13,89.5
1274,28,20,C2b,F,F1,1,L,1,195,8,0.571,1,8,79.2
1274,28,20,C2b,F,F1,1,L,1,251,8,0.571,2,7,90.8
1274,28,20,C2b,F,F1,1,L,1,335,8,0.857,3,11,80.6
1274,28,20,C2b,F,F1,1,L,1,392,8,0.857,4,5,94.8
1275,28,20,C2b,F,F2,2,H,2,195,8,0.286,1,9,73.5
1275,28,20,C2b,F,F2,2,H,2,251,8,0.286,2,15,88.2
1275,28,20,C2b,F,F2,2,H,2,335,7.419,0.25,3,4,94.1
1275,28,20,C2b,F,F2,2,H,2,392,6.856,0.25,4,7,95.9
1276,28,20,C2b,F,F3,2,L,1,195,8,0.286,1,32,42.4
1276,28,20,C2b,F,F3,2,L,1,251,8,0.286,2,25,91.4
1276,28,20,C2b,F,F3,2,L,1,335,8,0.571,3,18,86.3
1277,28,20,C2b,F,F4,2,H,2,195,8,0.714,1,23,82.2
1277,28,20,C2b,F,F4,2,H,2,252,7.789,0.833,2,1,94.4
1278,28,20,C2b,F,F5,2,L,1,195,8,0.714,1,35,77.5
1278,28,20,C2b,F,F5,2,L,1,252,8,0.714,2,11,95.2
1278,28,20,C2b,F,F5,2,L,1,335,7.868,0.667,3,26,93.5
1278,28,20,C2b,F,F5,2,L,1,392,7.453,0.6,4,17,94.7
1279,28,20,C2b,F,F6,2,H,2,195,8,0.429,1,44,67.1
1279,28,20,C2b,F,F6,2,H,2,252,8,0.429,2,22,88.4
1279,28,20,C2b,F,F6,2,H,2,335,8,1,3,39,73.3
1279,28,20,C2b,F,F6,2,H,2,391,8,1,4,6,95.3
1280,28,20,G3b,F,F7,2,L,1,196,8,0.286,1,8,88.4
1280,28,20,G3b,F,F7,2,L,1,253,8,0.571,2,4,51.2
1281,28,20,G3b,F,F8,2,H,2,196,8,0.143,1,12,93
1281,28,20,G3b,F,F8,2,H,2,253,7.789,0.167,2,11,90.9
1282,28,20,G3b,F,F1,2,L,1,195,8,0.429,1,3,83.7
1282,28,20,G3b,F,F1,2,L,1,251,8,0.429,2,5,92.5
1282,28,20,G3b,F,F1,2,L,1,335,8,0.714,3,12,92.1
1282,28,20,G3b,F,F1,2,L,1,392,8,0.714,4,2,84
1283,28,20,G3b,F,F2,2,H,2,195,8,0.286,1,14,72.9
1283,28,20,G3b,F,F2,2,H,2,251,8,0.286,2,13,89.3
1284,28,20,G3b,F,F3,2,L,1,195,8,0.286,1,25,52.1
1284,28,20,G3b,F,F3,2,L,1,251,8,0.286,2,22,88.4
1285,28,20,G3b,F,F4,2,H,2,195,8,0.714,1,24,64.8
1285,28,20,G3b,F,F4,2,H,2,252,7.789,0.833,2,5,83.2
1285,28,20,G3b,F,F4,2,H,2,335,7.483,1,3,21,65.7
1285,28,20,G3b,F,F4,2,H,2,392,7.031,1,4,15,86.8
1286,28,20,G3b,F,F5,2,L,1,195,8,0.714,1,40,76.1
1286,28,20,G3b,F,F5,2,L,1,252,8,0.714,2,14,82.6
1287,28,20,G3b,F,F6,2,H,2,195,8,0.429,1,48,68.1
1287,28,20,G3b,F,F6,2,H,2,252,8,0.429,2,23,78.3
1287,28,20,G3b,F,F6,2,H,2,335,8,1,3,35,78.8
1287,28,20,G3b,F,F6,2,H,2,391,8,1,4,5,95.7
1288,1,9,D6b,F,F7,1,L,1,189,8,0.429,1,6,90.5
1288,1,9,D6b,F,F7,1,L,1,246,8,0.714,2,5,94.2
1288,1,9,D6b,F,F7,1,L,1,330,7.737,0.833,3,5,85
1288,1,9,D6b,F,F7,1,L,1,384,7.221,0.75,4,13,91.1
1290,1,9,D6b,F,F1,2,L,1,188,8,0.429,1,4,52.8
1290,1,9,D6b,F,F1,2,L,1,244,8,0.429,2,1,65
1290,1,9,D6b,F,F1,2,L,1,328,8,0.714,3,8,64.1
1291,5,57,E5b,F,F2,2,H,2,186,8,0.286,1,15,53.6
1291,5,57,E5b,F,F2,2,H,2,242,8,0.286,2,14,53.5
1291,5,57,E5b,F,F2,2,H,2,326,7.419,0.25,3,3,79.4
1292,5,57,E5b,F,F3,1,L,1,186,8,0.429,1,27,38.9
1292,5,57,E5b,F,F3,1,L,1,242,8,0.429,2,24,73.8
1292,5,57,E5b,F,F3,1,L,1,326,8,0.714,3,19,57.2
1292,5,57,E5b,F,F3,1,L,1,383,7.531,0.5,4,10,94.1
1293,25,37b,G5b,F,F4,2,H,2,183,8,0.714,1,18,71.4
1293,25,37b,G5b,F,F4,2,H,2,240,7.789,0.833,2,6,74.9
1293,25,37b,G5b,F,F4,2,H,2,323,7.483,1,3,23,84.4
1294,25,37b,G5b,F,F5,2,L,1,183,8,0.714,1,37,29.7
1294,25,37b,G5b,F,F5,2,L,1,240,8,0.714,2,15,90.4
1294,25,37b,G5b,F,F5,2,L,1,323,7.868,0.667,3,30,47.2
1294,25,37b,G5b,F,F5,2,L,1,380,7.453,0.6,4,19,65.9
1295,25,37b,G5b,F,F6,2,H,2,183,8,0.429,1,41,49.6
1295,25,37b,G5b,F,F6,2,H,2,240,8,0.429,2,19,53.4
1295,25,37b,G5b,F,F6,2,H,2,323,8,1,3,36,45.2
1295,25,37b,G5b,F,F6,2,H,2,379,8,1,4,2,85.1
1296,25,37b,G5b,F,F7,2,L,1,184,8,0.286,1,2,41.5
1296,25,37b,G5b,F,F7,2,L,1,241,8,0.571,2,3,88.7
1296,25,37b,G5b,F,F7,2,L,1,325,7.737,0.667,3,3,94.2
1296,25,37b,G5b,F,F7,2,L,1,379,7.221,0.5,4,11,86.1
1297,25,37b,G5b,F,F8,2,H,2,184,8,0.143,1,14,59.8
1297,25,37b,G5b,F,F8,2,H,2,241,7.789,0.167,2,10,42.9
1297,25,37b,G5b,F,F8,2,H,2,325,7.341,0.6,3,10,31.8
1297,25,37b,G5b,F,F8,2,H,2,379,6.648,0.333,4,14,40.2
1298,25,21,D3b,F,F1,2,L,1,179,8,0.429,1,7,52
1298,25,21,D3b,F,F1,2,L,1,235,8,0.429,2,6,96.4
1298,25,21,D3b,F,F1,2,L,1,319,8,0.714,3,7,95.4
1298,25,21,D3b,F,F1,2,L,1,376,8,0.714,4,4,73
1299,25,21,D3b,F,F2,2,H,2,179,8,0.286,1,11,69.9
1299,25,21,D3b,F,F2,2,H,2,235,8,0.286,2,11,77.9
1299,25,21,D3b,F,F2,2,H,2,319,7.419,0.25,3,5,69.8
1300,25,21,D3b,F,F3,2,L,1,179,8,0.286,1,30,56
1300,25,21,D3b,F,F3,2,L,1,235,8,0.286,2,21,92.7
1300,25,21,D3b,F,F3,2,L,1,319,8,0.571,3,15,86.8
1300,25,21,D3b,F,F3,2,L,1,376,7.531,0.25,4,9,97.7
1301,25,21,D3b,F,F4,2,H,2,179,8,0.714,1,22,50.3
1301,25,21,D3b,F,F4,2,H,2,236,7.789,0.833,2,2,42
1301,25,21,D3b,F,F4,2,H,2,319,7.483,1,3,22,61.9
1302,25,21,D3b,F,F5,2,L,1,179,8,0.714,1,34,85.3
1302,25,21,D3b,F,F5,2,L,1,236,8,0.714,2,12,93.5
1303,25,21,D3b,F,F6,2,H,2,179,8,0.429,1,46,72.7
1303,25,21,D3b,F,F6,2,H,2,236,8,0.429,2,21,69.7
1303,25,21,D3b,F,F6,2,H,2,319,8,1,3,38,57.2
1303,25,21,D3b,F,F6,2,H,2,375,8,1,4,8,95.4
1304,25,21,D3b,F,F7,1,L,1,180,8,0.429,1,4,55.8
1304,25,21,D3b,F,F7,1,L,1,237,8,0.714,2,2,50.9
1304,25,21,D3b,F,F7,1,L,1,321,7.737,0.833,3,2,60.1
1304,25,21,D3b,F,F7,1,L,1,375,7.221,0.75,4,10,71.3
1305,25,21,D3b,F,F8,2,H,2,180,8,0.143,1,17,48.9
1305,25,21,D3b,F,F8,2,H,2,237,7.789,0.167,2,12,87.4
1305,25,21,D3b,F,F8,2,H,2,321,7.341,0.6,3,7,83.8
1306,25,21,D3b,F,F1,2,L,1,179,8,0.429,1,5,46.6
1306,25,21,D3b,F,F1,2,L,1,235,8,0.429,2,8,64.4
1306,25,21,D3b,F,F1,2,L,1,319,8,0.714,3,13,84.5
1306,25,21,D3b,F,F1,2,L,1,376,8,0.714,4,3,85.9
1307,25,21,D3b,F,F2,1,H,2,179,8,0.429,1,16,71.8
1307,25,21,D3b,F,F2,1,H,2,235,8,0.429,2,17,77.1
1307,25,21,D3b,F,F2,1,H,2,319,7.419,0.5,3,1,61.3
1307,25,21,D3b,F,F2,1,H,2,376,6.856,0.5,4,6,94.6
1308,25,21,D1a,F,F3,2,L,1,179,8,0.286,1,26,76.3
1308,25,21,D1a,F,F3,2,L,1,235,8,0.286,2,20,90.2
1309,25,21,D1a,F,F4,2,H,2,179,8,0.714,1,20,50.5
1309,25,21,D1a,F,F4,2,H,2,236,7.789,0.833,2,3,38.7
1309,25,21,D1a,F,F4,2,H,2,319,7.483,1,3,24,80.7
1309,25,21,D1a,F,F4,2,H,2,376,7.031,1,4,14,92.6
1310,25,21,D1a,F,F5,1,L,1,179,8,0.857,1,33,80.9
1310,25,21,D1a,F,F5,1,L,1,236,8,0.857,2,9,97.4
1310,25,21,D1a,F,F5,1,L,1,319,7.868,0.833,3,28,94.3
1310,25,21,D1a,F,F5,1,L,1,376,7.453,0.8,4,20,97.2
1311,25,21,D1a,F,F6,2,H,2,179,8,0.429,1,45,81.8
1311,25,21,D1a,F,F6,2,H,2,236,8,0.429,2,18,93.5
1311,25,21,D1a,F,F6,2,H,2,319,8,1,3,37,76.2
1311,25,21,D1a,F,F6,2,H,2,375,8,1,4,7,72.2
1312,25,21,D1a,F,F7,2,L,1,180,8,0.286,1,3,85.2
1313,25,21,D1a,F,F8,1,H,2,180,8,0.286,1,9,53.1
1313,25,21,D1a,F,F8,1,H,2,321,7.341,0.8,3,6,95.5
1314,25,21,D1a,F,F1,1,L,1,179,8,0.714,1,1,41.6
1314,25,21,D1a,F,F1,1,L,1,235,8,0.571,2,4,75.4
1314,25,21,D1a,F,F1,1,L,1,319,8,0.857,3,9,62.4
1314,25,21,D1a,F,F1,1,L,1,376,8,0.857,4,1,46.5
1315,25,21,D1a,F,F2,1,H,2,179,8,0.429,1,12,67.2
1315,25,21,D1a,F,F2,1,H,2,235,8,0.429,2,9,72.1
1316,1,33,F2b,F,F3,2,L,1,176,8,0.286,1,29,77.6
1316,1,33,F2b,F,F3,2,L,1,232,8,0.286,2,19,92.1
1316,1,33,F2b,F,F3,2,L,1,316,8,0.571,3,14,90
1317,1,33,F2b,F,F4,2,H,2,176,8,0.714,1,17,56.9
1317,1,33,F2b,F,F4,2,H,2,233,7.789,0.833,2,7,71.4
1317,1,33,F2b,F,F4,2,H,2,316,7.483,1,3,25,60.4
1317,1,33,F2b,F,F4,2,H,2,373,7.031,1,4,13,93.9
1318,1,33,F2b,F,F5,1,L,1,176,8,0.857,1,38,36.9
1318,1,33,F2b,F,F5,1,L,1,233,8,0.857,2,13,81.7
1318,1,33,F2b,F,F5,1,L,1,316,7.868,0.833,3,29,84.1
1318,1,33,F2b,F,F5,1,L,1,373,7.453,0.8,4,18,61.5
1319,1,33,F2b,F,F6,2,H,2,176,8,0.429,1,42,65.6
1319,1,33,F2b,F,F6,2,H,2,233,8,0.429,2,20,70.5
1319,1,33,F2b,F,F6,2,H,2,316,8,1,3,34,78.1
1319,1,33,F2b,F,F6,2,H,2,372,8,1,4,1,95.5
1320,1,33,F2b,F,F7,2,L,1,177,8,0.286,1,1,35.7
1320,1,33,F2b,F,F7,2,L,1,234,8,0.571,2,6,66.2
1320,1,33,F2b,F,F7,2,L,1,318,7.737,0.667,3,4,73.3
1320,1,33,F2b,F,F7,2,L,1,372,7.221,0.5,4,12,39.5
1321,1,33,F2b,F,F8,2,H,2,177,8,0.143,1,11,61.7
1321,1,33,F2b,F,F8,2,H,2,234,7.789,0.167,2,9,86.3
1321,1,33,F2b,F,F8,2,H,2,318,7.341,0.6,3,8,94.3
1322,2,34,C1b,G,G1,1,L,1,217,8,0.429,1,5,52.1
1322,2,34,C1b,G,G1,1,L,1,273,8,0.714,2,7,91.7
1323,2,34,C1b,G,G2,1,H,2,217,8,0.429,1,16,56.6
1323,2,34,C1b,G,G2,1,H,2,273,8,0.714,2,9,85.3
1324,2,34,C1b,G,G3,2,L,1,217,8,0,1,24,44.8
1324,2,34,C1b,G,G3,2,L,1,273,8,0.714,2,21,70
1325,7,47,E1a,G,G4,2,H,2,204,8,0.286,1,31,53.3
1325,7,47,E1a,G,G4,2,H,2,260,7.789,0.5,2,24,74.2
1325,7,47,E1a,G,G4,2,H,2,343,7.175,0.5,3,18,63.3
1325,7,47,E1a,G,G4,2,H,2,400,6.528,0.333,4,15,90
1326,7,47,E1a,G,G5,1,L,1,205,8,0.429,1,3,41.8
1326,7,47,E1a,G,G5,1,L,1,261,8,0.714,2,2,56.4
1326,7,47,E1a,G,G5,1,L,1,344,8,0.714,3,6,90.2
1326,7,47,E1a,G,G5,1,L,1,401,8,0.714,4,2,68.5
1327,7,47,E1a,G,G6,2,H,2,205,8,0.286,1,9,37.3
1327,7,47,E1a,G,G6,2,H,2,261,8,0.429,2,14,60.8
1327,7,47,E1a,G,G6,2,H,2,344,8,0.429,3,9,80.6
1327,7,47,E1a,G,G6,2,H,2,401,8,0.429,4,8,83.3
1328,7,47,E1a,G,G7,1,L,1,205,8,0.143,1,24,38
1328,7,47,E1a,G,G7,1,L,1,261,8,0.429,2,24,75.1
1328,7,47,E1a,G,G7,1,L,1,345,8,0.571,3,7,89.2
1328,7,47,E1a,G,G7,1,L,1,401,7.894,0.667,4,20,89.3
1329,7,47,E1a,G,G8,2,H,2,261,8,0.571,2,32,76.2
1330,7,47,E1a,G,G1,1,L,1,204,8,0.429,1,4,65.5
1330,7,47,E1a,G,G1,1,L,1,260,8,0.714,2,6,95.7
1330,7,47,E1a,G,G1,1,L,1,343,7.419,1,3,5,74.7
1330,7,47,E1a,G,G1,1,L,1,400,6.856,1,4,4,79
1331,7,47,E1a,G,G2,2,H,2,204,8,0.286,1,14,35.9
1332,7,47,E1a,G,G3,2,L,1,204,8,0,1,20,40.8
1332,7,47,E1a,G,G3,2,L,1,260,8,0.714,2,20,57.8
1332,7,47,E1a,G,G3,2,L,1,343,7.868,0.667,3,13,83.3
1332,7,47,E1a,G,G3,2,L,1,400,7.432,0.75,4,11,85.5
1333,7,47,E1a,G,G4,2,H,2,204,8,0.286,1,30,47.1
1333,7,47,E1a,G,G4,2,H,2,260,7.789,0.5,2,29,74.1
1333,7,47,E1a,G,G4,2,H,2,343,7.175,0.5,3,19,85
1333,7,47,E1a,G,G4,2,H,2,400,6.528,0.333,4,14,72.5
1334,7,48,C3b,G,G5,2,L,1,203,8,0.286,1,4,42.9
1334,7,48,C3b,G,G5,2,L,1,259,8,0.571,2,6,55
1334,7,48,C3b,G,G5,2,L,1,342,8,0.571,3,3,93.2
1334,7,48,C3b,G,G5,2,L,1,399,8,0.571,4,1,30.9
1335,7,48,C3b,G,G6,2,H,2,203,8,0.286,1,12,43
1335,7,48,C3b,G,G6,2,H,2,259,8,0.429,2,15,57.7
1335,7,48,C3b,G,G6,2,H,2,342,8,0.429,3,11,99
1335,7,48,C3b,G,G6,2,H,2,399,8,0.429,4,12,87.2
1336,7,48,C3b,G,G7,1,L,1,203,8,0.143,1,20,41.1
1336,7,48,C3b,G,G7,1,L,1,259,8,0.429,2,23,45
1336,7,48,C3b,G,G7,1,L,1,343,8,0.571,3,5,97.1
1336,7,48,C3b,G,G7,1,L,1,384,7.894,0.667,4,19,78.1
1337,7,48,C3b,G,G8,2,H,2,203,8,0.143,1,29,35
1337,7,48,C3b,G,G8,2,H,2,259,8,0.571,2,25,94
1337,7,48,C3b,G,G8,2,H,2,343,7.868,0.667,3,13,92.4
1338,7,48,C3b,G,G1,2,L,1,202,8,0.286,1,7,49.3
1338,7,48,C3b,G,G1,2,L,1,258,8,0.571,2,1,95.9
1338,7,48,C3b,G,G1,2,L,1,341,7.419,0.75,3,2,95.8
1339,7,48,C3b,G,G2,2,H,2,202,8,0.286,1,13,51.8
1339,7,48,C3b,G,G2,2,H,2,258,8,0.571,2,8,84.1
1339,7,48,C3b,G,G2,2,H,2,341,7.737,0.667,3,9,52.5
1340,7,48,C3b,G,G3,2,L,1,202,8,0,1,17,88.8
1340,7,48,C3b,G,G3,2,L,1,258,8,0.714,2,15,94.3
1340,7,48,C3b,G,G3,2,L,1,341,7.868,0.667,3,14,91
1340,7,48,C3b,G,G3,2,L,1,398,7.432,0.75,4,10,92.2
1341,25,37b,F4b,G,G4,2,H,2,189,8,0.286,1,29,35.1
1341,25,37b,F4b,G,G4,2,H,2,245,7.789,0.5,2,26,59
1342,25,37b,F4b,G,G5,1,L,1,190,8,0.429,1,7,55.3
1342,25,37b,F4b,G,G5,1,L,1,246,8,0.714,2,8,85.1
1342,25,37b,F4b,G,G5,1,L,1,329,8,0.714,3,5,94
1342,25,37b,F4b,G,G5,1,L,1,386,8,0.714,4,3,70.9
1343,25,37b,F4b,G,G6,1,H,2,190,8,0.429,1,14,65.8
1343,25,37b,F4b,G,G6,1,H,2,246,8,0.571,2,9,92.1
1343,25,37b,F4b,G,G6,1,H,2,329,8,0.571,3,15,56
1343,25,37b,F4b,G,G6,1,H,2,386,8,0.571,4,15,89.2
1344,25,37b,F4b,G,G7,1,L,1,190,8,0.143,1,17,32.7
1344,25,37b,F4b,G,G7,1,L,1,246,8,0.429,2,21,88.6
1344,25,37b,F4b,G,G7,1,L,1,330,8,0.571,3,6,97.8
1345,25,37b,F4b,G,G8,2,H,2,190,8,0.143,1,26,27.3
1345,25,37b,F4b,G,G8,2,H,2,246,8,0.571,2,28,53.5
1345,25,37b,F4b,G,G8,2,H,2,330,7.868,0.667,3,10,54.9
1345,25,37b,F4b,G,G8,2,H,2,386,7.318,0.5,4,24,47.7
1346,25,37b,F4b,G,G1,2,L,1,189,8,0.286,1,6,61.1
1346,25,37b,F4b,G,G1,2,L,1,245,8,0.571,2,3,31.8
1346,25,37b,F4b,G,G1,2,L,1,328,7.419,0.75,3,3,87.2
1346,25,37b,F4b,G,G1,2,L,1,385,6.856,0.75,4,2,65.3
1347,25,37b,F4b,G,G2,2,H,2,189,8,0.286,1,11,40.4
1347,25,37b,F4b,G,G2,2,H,2,245,8,0.571,2,12,45
1347,25,37b,F4b,G,G2,2,H,2,328,7.737,0.667,3,6,49.9
1347,25,37b,F4b,G,G2,2,H,2,385,6.934,0.667,4,7,57.1
1348,25,37b,F4b,G,G3,2,L,1,189,8,0,1,21,53.4
1348,25,37b,F4b,G,G3,2,L,1,245,8,0.714,2,18,49.5
1348,25,37b,F4b,G,G3,2,L,1,328,7.868,0.667,3,11,63
1349,28,40,F5b,G,G4,2,H,2,188,8,0.286,1,27,51.1
1349,28,40,F5b,G,G4,2,H,2,244,7.789,0.5,2,25,75.4
1349,28,40,F5b,G,G4,2,H,2,327,7.175,0.5,3,20,78.3
1350,28,40,F5b,G,G5,2,L,1,189,8,0.286,1,1,57.6
1350,28,40,F5b,G,G5,2,L,1,245,8,0.571,2,5,86.7
1350,28,40,F5b,G,G5,2,L,1,328,8,0.571,3,4,73.2
1351,28,40,F5b,G,G6,1,H,2,189,8,0.429,1,13,40.6
1351,28,40,F5b,G,G6,1,H,2,245,8,0.571,2,12,70.7
1351,28,40,F5b,G,G6,1,H,2,328,8,0.571,3,14,81.9
1351,28,40,F5b,G,G6,1,H,2,385,8,0.571,4,14,91.7
1352,28,40,F5b,G,G7,2,L,1,189,8,0,1,19,42.1
1352,28,40,F5b,G,G7,2,L,1,245,8,0.286,2,18,91.9
1352,28,40,F5b,G,G7,2,L,1,329,8,0.429,3,8,93.4
1352,28,40,F5b,G,G7,2,L,1,385,7.894,0.5,4,21,79.7
1353,5,57,F6b,G,G8,1,H,2,189,8,0.286,1,25,41.9
1353,5,57,F6b,G,G8,1,H,2,245,8,0.714,2,29,57.7
1353,5,57,F6b,G,G8,1,H,2,329,7.868,0.833,3,11,82.1
1353,5,57,F6b,G,G8,1,H,2,385,7.318,0.75,4,23,43.2
1354,5,57,F6b,G,G1,2,L,1,188,8,0.286,1,2,47
1354,5,57,F6b,G,G1,2,L,1,244,8,0.571,2,2,70.1
1354,5,57,F6b,G,G1,2,L,1,327,7.419,0.75,3,4,90.3
1354,5,57,F6b,G,G1,2,L,1,384,6.856,0.75,4,1,69.8
1355,5,57,F6b,G,G2,1,H,2,188,8,0.429,1,12,34.2
1355,5,57,F6b,G,G2,1,H,2,244,8,0.714,2,10,49.5
1355,5,57,F6b,G,G2,1,H,2,327,7.737,0.833,3,8,72.1
1355,5,57,F6b,G,G2,1,H,2,384,6.934,1,4,8,76.1
1356,5,57,F6b,G,G3,1,L,1,188,8,0.143,1,23,70.7
1356,5,57,F6b,G,G3,1,L,1,244,8,0.857,2,16,80
1356,5,57,F6b,G,G3,1,L,1,327,7.868,0.833,3,12,96.3
1356,5,57,F6b,G,G3,1,L,1,384,7.432,1,4,13,93.8
1357,5,57,F6b,G,G4,1,H,2,188,8,0.429,1,28,35.8
1357,5,57,F6b,G,G4,1,H,2,244,7.789,0.667,2,28,82.1
1357,5,57,F6b,G,G4,1,H,2,327,7.175,0.75,3,22,91.7
1357,5,57,F6b,G,G4,1,H,2,384,6.528,0.667,4,17,45.8
1358,5,57,F6b,G,G5,2,L,1,189,8,0.286,1,8,38.3
1358,5,57,F6b,G,G5,2,L,1,245,8,0.571,2,4,97.9
1358,5,57,F6b,G,G5,2,L,1,328,8,0.571,3,2,92.4
1358,5,57,F6b,G,G5,2,L,1,385,8,0.571,4,6,59.7
1359,5,57,F6b,G,G6,2,H,2,189,8,0.286,1,10,33.7
1359,5,57,F6b,G,G6,2,H,2,245,8,0.429,2,11,94
1359,5,57,F6b,G,G6,2,H,2,328,8,0.429,3,16,54.8
1359,5,57,F6b,G,G6,2,H,2,385,8,0.429,4,13,78.3
1360,5,57,F6b,G,G7,1,L,1,189,8,0.143,1,18,50.9
1360,5,57,F6b,G,G7,1,L,1,245,8,0.429,2,22,90.8
1360,5,57,F6b,G,G7,1,L,1,329,8,0.571,3,2,95.6
1361,5,57,F6b,G,G8,1,H,2,189,8,0.286,1,28,37.9
1361,5,57,F6b,G,G8,1,H,2,245,8,0.714,2,26,91.5
1361,5,57,F6b,G,G8,1,H,2,329,7.868,0.833,3,12,94.9
1362,5,57,F6b,G,G1,2,L,1,188,8,0.286,1,3,44.7
1362,5,57,F6b,G,G1,2,L,1,244,8,0.571,2,5,81
1363,5,57,F6b,G,G2,2,H,2,188,8,0.286,1,15,54.5
1363,5,57,F6b,G,G2,2,H,2,244,8,0.571,2,13,84.9
1363,5,57,F6b,G,G2,2,H,2,327,7.737,0.667,3,10,73.7
1363,5,57,F6b,G,G2,2,H,2,384,6.934,0.667,4,5,75.1
1364,6,43,C3a,G,G3,2,L,1,187,8,0,1,18,55.4
1364,6,43,C3a,G,G3,2,L,1,243,8,0.714,2,19,79.6
1364,6,43,C3a,G,G3,2,L,1,326,7.868,0.667,3,15,68.9
1365,6,43,C3a,G,G4,1,H,2,187,8,0.429,1,32,41.4
1365,6,43,C3a,G,G4,1,H,2,243,7.789,0.667,2,27,77.9
1365,6,43,C3a,G,G4,1,H,2,326,7.175,0.75,3,21,82.8
1365,6,43,C3a,G,G4,1,H,2,383,6.528,0.667,4,16,56.1
1366,6,43,C3a,G,G5,2,L,1,188,8,0.286,1,5,52.6
1366,6,43,C3a,G,G5,2,L,1,244,8,0.571,2,7,67.3
1366,6,43,C3a,G,G5,2,L,1,327,8,0.571,3,8,65
1366,6,43,C3a,G,G5,2,L,1,384,8,0.571,4,7,70.4
1367,6,43,C3a,G,G6,1,H,2,188,8,0.429,1,15,63
1367,6,43,C3a,G,G6,1,H,2,244,8,0.571,2,13,60.7
1367,6,43,C3a,G,G6,1,H,2,327,8,0.571,3,13,69.5
1367,6,43,C3a,G,G6,1,H,2,384,8,0.571,4,11,85.2
1368,6,43,C3a,G,G7,2,L,1,188,8,0,1,23,53.3
1368,6,43,C3a,G,G7,2,L,1,244,8,0.286,2,17,90.1
1368,6,43,C3a,G,G7,2,L,1,328,8,0.429,3,3,75.2
1368,6,43,C3a,G,G7,1,L,1,384,7.894,0.5,4,16,53.5
1369,6,43,C3a,G,G8,2,H,2,188,8,0.143,1,27,28.1
1369,6,43,C3a,G,G8,2,H,2,244,8,0.571,2,27,48.8
1369,6,43,C3a,G,G8,2,H,2,328,7.868,0.667,3,9,64.5
1370,6,43,C3a,G,G1,2,L,1,187,8,0.286,1,8,74.2
1371,6,43,C3a,G,G2,2,H,2,187,8,0.286,1,10,56.7
1371,6,43,C3a,G,G2,2,H,2,243,8,0.571,2,14,92.8
1372,6,43,C3a,G,G3,2,L,1,187,8,0,1,22,56.4
1372,6,43,C3a,G,G3,2,L,1,243,8,0.714,2,22,77.5
1372,6,43,C3a,G,G3,2,L,1,326,7.868,0.667,3,17,42.2
1373,25,21,G1a,G,G4,2,H,2,175,8,0.286,1,25,80.3
1373,25,21,G1a,G,G4,2,H,2,231,7.789,0.5,2,23,90.9
1374,25,21,G1a,G,G5,1,L,1,176,8,0.429,1,2,73.1
1374,25,21,G1a,G,G5,1,L,1,232,8,0.714,2,3,82.4
1374,25,21,G1a,G,G5,1,L,1,315,8,0.714,3,7,90.3
1374,25,21,G1a,G,G5,1,L,1,372,8,0.714,4,4,88.6
1375,25,21,G1a,G,G6,2,H,2,176,8,0.286,1,11,49.3
1375,25,21,G1a,G,G6,2,H,2,232,8,0.429,2,10,95.5
1375,25,21,G1a,G,G6,2,H,2,315,8,0.429,3,12,97.3
1375,25,21,G1a,G,G6,2,H,2,372,8,0.429,4,10,95.5
1376,25,21,G1a,G,G7,2,L,1,176,8,0,1,22,35.8
1376,25,21,G1a,G,G7,2,L,1,232,8,0.286,2,20,64.2
1376,25,21,G1a,G,G7,2,L,1,316,8,0.429,3,1,60.8
1376,25,21,G1a,G,G7,2,L,1,372,7.894,0.5,4,18,46.8
1377,25,21,G1a,G,G8,2,H,2,176,8,0.143,1,31,41.3
1377,25,21,G1a,G,G8,2,H,2,232,8,0.571,2,30,81.9
1377,25,21,G1a,G,G8,2,H,2,372,7.318,0.5,4,22,90
1378,25,21,G1a,G,G1,2,L,1,175,8,0.286,1,1,63.3
1378,25,21,G1a,G,G1,2,L,1,231,8,0.571,2,4,79.9
1378,25,21,G1a,G,G1,2,L,1,314,7.419,0.75,3,1,50.9
1378,25,21,G1a,G,G1,2,L,1,371,6.856,0.75,4,3,41.6
1379,25,21,G2a,G,G2,2,H,2,175,8,0.286,1,9,29.8
1379,25,21,G2a,G,G2,2,H,2,231,8,0.571,2,11,69.5
1379,25,21,G2a,G,G2,2,H,2,314,7.737,0.667,3,7,95.3
1379,25,21,G2a,G,G2,2,H,2,371,6.934,0.667,4,6,90.3
1380,25,21,G2a,G,G3,2,L,1,175,8,0,1,19,74.3
1380,25,21,G2a,G,G3,2,L,1,231,8,0.714,2,17,80.8
1380,25,21,G2a,G,G3,2,L,1,314,7.868,0.667,3,16,74.9
1380,25,21,G2a,G,G3,2,L,1,371,7.432,0.75,4,12,69
1381,25,21,G2a,G,G4,1,H,2,175,8,0.429,1,26,62.7
1382,25,21,G2a,G,G5,2,L,1,176,8,0.286,1,6,89.4
1382,25,21,G2a,G,G5,2,L,1,232,8,0.571,2,1,87.1
1382,25,21,G2a,G,G5,2,L,1,315,8,0.571,3,1,88.8
1382,25,21,G2a,G,G5,2,L,1,372,8,0.571,4,5,63.4
1383,25,21,G2a,G,G6,1,H,2,176,8,0.429,1,16,43.5
1383,25,21,G2a,G,G6,1,H,2,232,8,0.571,2,16,70.9
1383,25,21,G2a,G,G6,1,H,2,315,8,0.571,3,10,75
1383,25,21,G2a,G,G6,1,H,2,372,8,0.571,4,9,75.5
1384,2,34,G4a,G,G7,2,L,1,174,8,0,1,21,56.8
1384,2,34,G4a,G,G7,2,L,1,230,8,0.286,2,19,84.2
1384,2,34,G4a,G,G7,2,L,1,314,8,0.429,3,4,98.8
1384,2,34,G4a,G,G7,2,L,1,370,7.894,0.5,4,17,83.8
1385,2,34,G4a,G,G8,1,H,2,174,8,0.286,1,30,46
1385,2,34,G4a,G,G8,1,H,2,230,8,0.714,2,31,77.8
