nb,codemother,datebirth,codejuve,svl,weight,sex,treatment,population_id,statut_birth,statut_release
581,0+525,7/2/2008,0+1000,23,0.166,M,3,D24,2,1
591,0+123,7/2/2008,0+1001,23,0.202,M,2,D2,1,1
592,0+123,7/2/2008,0+1002,24,0.192,F,4,D23,1,1
593,0+123,7/2/2008,0+1003,23,0.206,M,3,D8,1,1
594,0+123,7/2/2008,0+1004,23,0.208,M,2,D18,1,1
595,0+123,7/2/2008,0+1005,22,0.196,M,1,D19,1,1
596,0+123,7/2/2008,0+1006,23,0.198,M,5,D3,1,1
603,472+1,7/2/2008,0+1007,23,0.202,M,3,D8,1,1
604,472+1,7/2/2008,0+1008,23,0.208,M,1,D11,1,1
605,472+1,7/2/2008,0+1010,23,0.2,M,5,D12,1,1
606,472+1,7/2/2008,0+1011,24,0.2,F,3,D4,1,1
607,472+1,7/2/2008,0+1012,23,0.194,M,4,D20,1,1
608,472+1,7/2/2008,0+1013,25,0.2,M,2,D2,1,1
634,1306+9,7/3/2008,0+1014,24,0.184,F,5,D3,1,1
635,1306+9,7/3/2008,0+1015,23,0.2,M,2,D10,1,1
636,1306+9,7/3/2008,0+1016,24,0.198,F,4,D23,1,1
637,1306+9,7/3/2008,0+1017,22,0.178,M,1,D15,1,1
638,1306+9,7/3/2008,0+1018,22,0.174,M,4,D20,1,1
639,1306+9,7/3/2008,0+1020,23,0.19,F,3,D8,1,1
640,1306+9,7/3/2008,0+1021,23,0.188,M,3,D4,1,1
641,3371+9,7/3/2008,0+1022,22,0.172,M,1,D17,1,1
642,3371+9,7/3/2008,0+1023,22,0.166,M,2,D14,1,1
649,91+9,7/4/2008,0+1024,24,0.184,M,1,D22,1,1
652,0+268,7/4/2008,0+1025,25,0.232,F,1,D1,1,1
653,0+268,7/4/2008,0+1026,24,0.21,M,4,D6,1,1
654,0+268,7/4/2008,0+1027,24,0.22,M,2,D18,1,1
655,0+268,7/4/2008,0+1028,25,0.2,F,3,D24,1,1
656,0+268,7/4/2008,0+1030,23,0.216,M,3,D16,1,1
657,0+268,7/4/2008,0+1031,26,0.212,F,5,D12,1,1
658,0+268,7/4/2008,0+1032,25,0.216,F,4,D20,1,1
663,0+158,7/5/2008,0+1033,22,0.132,M,5,D3,2,0
664,0+158,7/5/2008,0+1034,24,0.158,M,3,D16,2,0
665,0+158,7/5/2008,0+1035,24,0.15,F,1,D9,2,0
678,462+9,7/5/2008,0+1036,22,0.16,M,1,D15,1,1
679,462+9,7/5/2008,0+1037,23,0.16,F,3,D8,1,1
680,462+9,7/5/2008,0+1038,23,0.16,M,4,D20,1,1
681,462+9,7/5/2008,0+1040,22,0.164,M,3,D24,1,1
682,462+9,7/5/2008,0+1041,22,0.154,M,2,D21,1,1
683,462+9,7/5/2008,0+1042+9,23,0.164,M,5,D12,1,1
690,17+9,7/5/2008,0+1043,21,0.144,M,1,D9,1,1
691,17+9,7/5/2008,0+1044,22,0.142,F,4,D6,1,1
692,17+9,7/5/2008,0+1045,21,0.146,F,3,D16,1,1
693,17+9,7/5/2008,0+1046,21,0.16,M,5,D12,1,1
694,17+9,7/5/2008,0+1047,21,0.124,M,3,D8,1,1
695,17+9,7/5/2008,0+1048,21,0.146,M,4,D20,2,1
711,0+162+10,7/6/2008,0+1050,23,0.194,M,3,D4,1,1
712,0+162+10,7/6/2008,0+1051,24,0.2,F,4,D20,1,1
713,0+162+10,7/6/2008,0+1052,24,0.212,F,3,D8,1,1
714,0+162+10,7/6/2008,0+1054,24,0.19,F,1,D5,1,1
715,0+162+10,7/6/2008,0+1055,24,0.184,F,2,D10,1,1
716,0+162+10,7/6/2008,0+1056,24,0.192,F,5,D12,1,1
717,0+162+10,7/6/2008,0+1057,23,0.19,M,5,D3,1,1
718,0+162+10,7/6/2008,0+1058,22,0.186,M,4,D6,1,1
724,0+162+10,7/7/2008,0+1060,24,0.204,F,1,D7,1,1
725,0+162+10,7/7/2008,0+1061,22,0.178,M,2,D18,1,1
730,3343+9,7/7/2008,0+1062,23,0.174,F,5,D3,1,1
731,3343+9,7/7/2008,0+1063,21,0.152,M,3,D4,1,1
732,3343+9,7/7/2008,0+1064,25,0.196,F,3,D16,1,1
733,3343+9,7/7/2008,0+1065,24,0.19,F,4,D23,1,1
734,3343+9,7/7/2008,0+1066,21,0.182,M,1,D19,1,1
735,3343+9,7/7/2008,0+1067,24,0.174,F,2,D14,1,1
747,0+2740,7/9/2008,0+1068,23,0.176,M,3,D8,1,1
748,0+2740,7/9/2008,0+1070,23,0.156,F,4,D23,1,1
749,0+2740,7/9/2008,0+1071,23,0.17,F,3,D24,1,1
750,0+2740,7/9/2008,0+1072,22,0.168,M,4,D6,1,1
751,0+2740,7/9/2008,0+1073,21,0.158,M,1,D22,1,1
752,0+2740,7/9/2008,0+1074,21,0.174,M,2,D14,1,1
758,0+634+9,7/10/2008,0+1075,23,0.184,M,1,D7,1,1
759,0+634+9,7/10/2008,0+1076,24,0.196,F,5,D3,1,1
760,0+634+9,7/10/2008,0+1077,22,0.182,M,3,D24,1,1
761,0+634+9,7/10/2008,0+1078,24,0.186,F,1,D19,1,1
762,0+634+9,7/10/2008,0+1080,24,0.19,F,2,D21,1,1
770,360+9,7/10/2008,0+1081,23,0.18,F,5,D12,2,1
771,360+9,7/10/2008,0+1082,23,0.164,F,1,D13,2,1
772,360+9,7/10/2008,0+1083,23,0.176,M,4,D20,2,1
776,0+235,7/10/2008,0+1084,22,0.188,M,1,D15,1,1
783,300+9,7/11/2008,0+1086,22,0.174,M,3,D8,1,1
784,300+9,7/11/2008,0+1087,22,0.172,M,4,D23,1,1
785,300+9,7/11/2008,0+1088,22,0.176,M,3,D16,1,1
786,300+9,7/11/2008,0+1090,21,0.164,M,5,D3,1,1
787,300+9,7/11/2008,0+1091,22,0.164,F,4,D6,1,1
789,300+9,7/11/2008,0+1093,21,0.154,M,2,D2,2,1
793,291+9,7/12/2008,0+1094,25,0.216,F,2,D14,1,1
794,291+9,7/12/2008,0+1095,24,0.21,M,4,D23,1,1
795,291+9,7/12/2008,0+1096,23,0.21,M,5,D12,1,1
796,291+9,7/12/2008,0+1097,24,0.212,M,3,D4,1,1
812,466+9,7/14/2008,0+1103,23,0.174,M,3,D24,1,1
813,466+9,7/14/2008,0+1104,22,0.182,M,4,D6,1,1
814,466+9,7/14/2008,0+1105,23,0.16,M,1,D1,1,1
815,466+9,7/14/2008,0+1106,22,0.182,M,2,D21,1,1
816,466+9,7/14/2008,0+1107,23,0.182,M,5,D12,1,1
829,0+192,7/14/2008,0+1112,24,0.16,F,5,D3,1,1
843,0+556,7/15/2008,0+1114,25,0.194,F,3,D16,1,1
845,0+556,7/15/2008,0+1116,24,0.178,F,1,D9,1,1
854,0+635,7/15/2008,0+1117,22,0.152,M,2,D21,1,1
855,0+635,7/15/2008,0+1118,23,0.16,M,4,D20,1,1
430,3505+9,6/28/2008,0+1865,24,0.228,F,5,D3,1,1
20,0+980+9,6/8/2008,0+661,22,0.196,F,1,D7,1,1
21,0+980+9,6/8/2008,0+662,23,0.21,M,2,D14,1,1
22,0+980+9,6/8/2008,0+663,24,0.216,M,3,D8,1,1
23,0+980+9,6/8/2008,0+664,24,0.21,F,4,D6,1,1
24,0+980+9,6/8/2008,0+665,24,0.206,F,5,D12,1,1
53,0+1627+9,6/9/2008,0+666,23,0.194,F,5,D3,1,1
54,0+1627+9,6/9/2008,0+667,22,0.19,M,4,D23,1,1
97,302+9,6/16/2008,0+668,24,0.208,M,4,D20,1,1
98,302+9,6/16/2008,0+670,25,0.198,F,5,D12,1,1
99,302+9,6/16/2008,0+671,23,0.208,M,5,D3,1,1
100,302+9,6/16/2008,0+672,24,0.21,M,3,D24,1,1
128,0+3613,6/16/2008,0+673,25,0.18,F,5,D3,3,0
129,0+3613,6/16/2008,0+674,25,0.18,F,3,D16,3,0
130,0+3613,6/16/2008,0+675,23,0.196,M,5,D12,3,1
131,0+3613,6/16/2008,0+676,22,0.174,F,4,D20,3,1
132,0+3613,6/16/2008,0+677,22,0.17,F,4,D23,3,1
161,123+9,6/18/2008,0+678,24,0.202,F,2,D18,1,1
162,123+9,6/18/2008,0+680,23,0.194,M,2,D10,1,1
163,123+9,6/18/2008,0+681,24,0.202,M,4,D6,1,1
164,123+9,6/18/2008,0+682,23,0.194,M,1,D22,1,1
165,123+9,6/18/2008,0+683,24,0.188,M,5,D12,1,1
166,123+9,6/18/2008,0+684,24,0.184,F,3,D24,1,1
167,123+9,6/18/2008,0+685,25,0.206,F,5,D12,1,1
169,123+9,6/18/2008,0+687,21,0.19,F,4,D20,1,1
187,123+9,6/20/2008,0+688,23,0.198,F,5,D3,1,1
216,600+181+2,6/22/2008,0+770,24,0.202,M,4,D23,1,1
217,600+181+2,6/22/2008,0+771,20,0.186,M,5,D3,1,1
218,600+181+2,6/22/2008,0+772,22,0.196,M,5,D12,1,1
219,600+181+2,6/22/2008,0+773,21,0.192,M,2,D21,1,1
220,600+181+2,6/22/2008,0+774,22,0.194,M,3,D4,1,1
221,600+181+2,6/22/2008,0+775,23,0.192,F,3,D16,1,1
222,600+181+2,6/22/2008,0+776,22,0.202,F,5,D3,1,1
223,600+181+2,6/22/2008,0+777,22,0.204,M,4,D20,1,1
224,600+181+2,6/22/2008,0+778,21,0.194,M,5,D12,1,1
229,116+9,6/23/2008,0+780,19,0.146,M,5,D12,1,1
230,116+9,6/23/2008,0+781,20,0.17,M,3,D24,1,1
231,116+9,6/23/2008,0+782,21,0.17,F,4,D23,1,1
232,116+9,6/23/2008,0+783,21,0.178,M,4,D6,1,1
233,116+9,6/23/2008,0+784,20,0.172,M,2,D2,1,1
234,116+9,6/23/2008,0+785,21,0.16,F,5,D12,1,1
235,116+9,6/23/2008,0+786,22,0.174,F,5,D3,2,1
246,0+205,6/23/2008,0+787,20,0.174,M,1,D5,1,1
247,0+205,6/23/2008,0+788,22,0.17,F,5,D12,1,1
248,0+205,6/23/2008,0+790,21,0.166,M,3,D4,1,1
249,0+205,6/23/2008,0+791,21,0.176,M,4,D20,1,1
250,0+205,6/23/2008,0+792,21,0.176,M,2,D14,1,1
251,0+205,6/23/2008,0+793,22,0.186,F,4,D23,1,1
252,0+205,6/23/2008,0+794,22,0.174,F,5,D3,2,1
254,0+3602,6/24/2008,0+795,23,0.204,F,2,D2,1,1
255,0+3602,6/24/2008,0+796,23,0.208,F,1,D9,1,1
256,0+3602,6/24/2008,0+797,23,0.206,F,2,D21,1,1
257,0+3602,6/24/2008,0+798,22,0.21,M,1,D17,1,1
258,0+3602,6/24/2008,0+800,22,0.186,M,1,D15,1,1
259,0+3602,6/24/2008,0+801,22,0.206,M,2,D18,1,1
269,3668+9,6/24/2008,0+802,23,0.192,F,2,D10,1,1
270,3668+9,6/24/2008,0+803,22,0.224,M,1,D7,1,1
271,3668+9,6/24/2008,0+804,21,0.2,F,1,D5,1,1
272,3668+9,6/24/2008,0+805,23,0.222,F,1,D22,1,1
273,3668+9,6/24/2008,0+806,22,0.214,M,2,D2,1,1
274,3668+9,6/24/2008,0+807,24,0.198,F,2,D14,1,1
275,3668+9,6/24/2008,0+808,23,0.212,F,3,D8,1,1
290,0+108,6/25/2008,0+810,24,0.23,M,1,D9,1,1
291,0+108,6/25/2008,0+811,23,0.226,F,2,D14,1,1
292,0+108,6/25/2008,0+812,24,0.214,F,1,D11,1,1
293,0+108,6/25/2008,0+813,26,0.232,F,3,D8,1,1
306,0+1592+40,6/25/2008,0+814,23,0.194,F,2,D10,1,1
307,0+1592+40,6/25/2008,0+815,23,0.22,M,1,D19,1,1
308,0+1592+40,6/25/2008,0+816,22,0.212,M,2,D18,1,1
309,0+1592+40,6/25/2008,0+817,22,0.196,M,1,D13,1,1
310,0+1592+40,6/25/2008,0+818,24,0.224,F,1,D15,1,1
311,0+1592+40,6/25/2008,0+820,23,0.188,F,3,D4,2,1
321,0+3402+9,6/25/2008,0+821,22,0.15,F,4,D20,1,1
322,0+3402+9,6/25/2008,0+822,21,0.142,M,2,D21,1,1
323,0+3402+9,6/25/2008,0+823,21,0.154,M,1,D9,1,1
324,0+3402+9,6/25/2008,0+824,22,0.168,F,3,D4,1,1
325,0+3402+9,6/25/2008,0+825,21,0.152,M,2,D14,1,1
326,0+3402+9,6/25/2008,0+826,20,0.164,M,3,D8,1,1
327,0+3402+9,6/25/2008,0+827,21,0.164,M,4,D23,2,1
328,0+3402+9,6/25/2008,0+828,22,0.148,M,5,D3,2,1
331,221+9,6/26/2008,0+830,23,0.236,M,3,D16,1,1
332,221+9,6/26/2008,0+831,24,0.248,M,4,D6,1,1
333,221+9,6/26/2008,0+832,24,0.234,M,1,D15,1,1
334,221+9,6/26/2008,0+833,25,0.238,F,1,D1,1,1
335,221+9,6/26/2008,0+834,24,0.24,F,4,D23,1,1
336,221+9,6/26/2008,0+835,23,0.238,M,4,D20,1,1
337,221+9,6/26/2008,0+836,24,0.238,F,3,D8,1,1
338,221+9,6/26/2008,0+837,24,0.248,F,3,D24,1,1
339,221+9,6/26/2008,0+838,24,0.248,F,2,D2,1,1
340,221+9,6/26/2008,0+840,24,0.23,F,2,D21,1,1
350,0+3105,6/27/2008,0+842,23,0.19,F,1,D13,1,1
351,0+3105,6/27/2008,0+843,23,0.164,F,3,D8,1,1
352,0+3105,6/27/2008,0+844,22,0.194,M,5,D12,1,1
383,3640+9,6/27/2008,0+854,24,0.216,F,1,D22,1,1
384,3640+9,6/27/2008,0+855,23,0.194,F,4,D20,1,1
385,3640+9,6/27/2008,0+856+7,24,0.21,M,3,D4,1,1
386,3640+9,6/27/2008,0+858,22,0.18,M,3,D8,1,1
388,3640+9,6/27/2008,0+860,23,0.192,F,4,D23,1,1
389,3640+9,6/27/2008,0+861,23,0.196,F,4,D6,1,1
349,0+3105,6/27/2008,0+861+9,23,0.17,F,4,D20,1,1
390,3640+9,6/27/2008,0+862,24,0.222,F,5,D12,1,1
391,3640+9,6/27/2008,0+863,23,0.222,M,3,D16,1,1
392,3640+9,6/27/2008,0+864,22,0.202,M,2,D21,1,1
387,3640+9,6/27/2008,0+865,23,0.196,M,4,D20,1,1
431,3505+9,6/28/2008,0+866,22,0.206,M,3,D16,1,1
432,3505+9,6/28/2008,0+867,23,0.236,M,3,D4,1,1
433,3505+9,6/28/2008,0+868,25,0.214,F,4,D6,1,1
434,3505+9,6/28/2008,0+870,24,0.23,F,5,D12,1,1
435,3505+9,6/28/2008,0+871,24,0.216,F,1,D9,1,1
436,3505+9,6/28/2008,0+872,24,0.214,M,2,D10,1,1
437,3505+9,6/28/2008,0+873,25,0.228,F,1,D19,1,1
470,0+133,6/29/2008,0+886,24,0.206,F,3,D4,1,1
471,0+133,6/29/2008,0+887,23,0.204,M,4,D20,1,1
472,0+133,6/29/2008,0+888,23,0.19,M,1,D1,1,1
473,0+133,6/29/2008,0+890,23,0.202,M,2,D18,1,1
474,0+133,6/29/2008,0+891,23,0.206,M,3,D16,1,1
475,0+133,6/29/2008,0+892,22,0.198,M,5,D12,1,1
476,0+133,6/29/2008,0+893,24,0.2,M,1,D5,1,1
477,0+133,6/29/2008,0+894,23,0.206,M,5,D3,1,1
482,0+3335,6/30/2008,0+895,24,0.226,F,3,D8,1,1
483,0+3335,6/30/2008,0+896,26,0.228,F,1,D5,1,1
484,0+3335,6/30/2008,0+897,25,0.224,F,2,D10,1,1
197,2100+1,6/22/2008,0+940,22,0.194,M,2,D18,1,1
198,2100+1,6/22/2008,0+941,24,0.2,F,2,D14,1,1
199,2100+1,6/22/2008,0+942,24,0.202,F,5,D3,1,1
200,2100+1,6/22/2008,0+943,22,0.202,M,4,D23,1,1
201,2100+1,6/22/2008,0+944,25,0.214,F,3,D8,1,1
202,2100+1,6/22/2008,0+945,23,0.2,M,4,D20,1,1
203,2100+1,6/22/2008,0+946,22,0.186,M,3,D16,1,1
204,2100+1,6/22/2008,0+947,22,0.194,M,5,D3,1,1
205,2100+1,6/22/2008,0+948,22,0.19,F,1,D13,1,1
206,2100+1,6/22/2008,0+950,22,0.196,M,5,D12,1,1
494,2807+9,6/30/2008,0+951,24,0.202,F,1,D17,1,1
495,2807+9,6/30/2008,0+952,23,0.196,F,2,D18,1,1
496,2807+9,6/30/2008,0+953,24,0.2,F,4,D20,1,1
497,2807+9,6/30/2008,0+954,24,0.194,F,5,D12,1,1
498,2807+9,6/30/2008,0+955,23,0.206,F,4,D23,1,1
499,2807+9,6/30/2008,0+956,23,0.198,F,3,D4,1,1
500,2807+9,6/30/2008,0+957,23,0.2,F,2,D14,1,1
513,0+3452,6/30/2008,0+958,23,0.204,M,3,D8,1,1
514,0+3452,6/30/2008,0+960,23,0.232,M,4,D6,1,1
515,0+3452,6/30/2008,0+961,25,0.232,M,1,D13,1,1
516,0+3452,6/30/2008,0+962,23,0.212,M,3,D4,1,1
517,0+3452,6/30/2008,0+963,22,0.228,M,4,D20,1,1
518,0+3452,6/30/2008,0+964,24,0.22,M,1,D19,1,1
527,932,6/30/2008,0+965,21,0.168,M,4,D6,2,1
528,932,6/30/2008,0+966,24,0.184,F,1,D1,2,1
529,932,6/30/2008,0+967,23,0.184,M,2,D2,2,1
530,932,6/30/2008,0+968,22,0.172,M,1,D22,2,1
531,932,6/30/2008,0+970,23,0.192,M,3,D4,2,1
532,932,6/30/2008,0+971,23,0.192,M,3,D8,2,1
533,932,6/30/2008,0+972,23,0.182,M,2,D14,2,1
534,932,6/30/2008,0+973,24,0.176,M,3,D24,2,1
535,932,6/30/2008,0+974,23,0.182,M,5,D3,2,1
539,0+3662,7/1/2008,0+975,24,0.204,F,4,D20,1,1
540,0+3662,7/1/2008,0+976,23,0.194,F,3,D4,1,1
541,0+3662,7/1/2008,0+977,24,0.212,F,5,D3,1,1
542,0+3662,7/1/2008,0+978,23,0.208,M,3,D24,1,1
543,0+3662,7/1/2008,0+981,24,0.204,F,2,D2,1,1
544,0+3662,7/1/2008,0+982,23,0.194,F,1,D7,1,1
545,0+3662,7/1/2008,0+983,23,0.208,M,4,D23,1,1
563,0+3653,7/2/2008,0+984,25,0.206,F,5,D12,1,1
564,0+3653,7/2/2008,0+987,24,0.204,F,3,D24,1,1
565,0+3653,7/2/2008,0+990,24,0.196,M,3,D4,1,1
566,0+3653,7/2/2008,0+991,24,0.194,M,4,D20,1,1
567,0+3653,7/2/2008,0+992,24,0.214,F,1,D17,1,1
568,0+3653,7/2/2008,0+993,23,0.206,M,2,D21,1,1
569,0+3653,7/2/2008,0+994,23,0.192,M,1,D5,1,1
577,0+525,7/2/2008,0+995,23,0.16,F,5,D12,1,1
578,0+525,7/2/2008,0+996,24,0.186,F,2,D14,1,1
579,0+525,7/2/2008,0+997,22,0.148,M,4,D6,1,1
580,0+525,7/2/2008,0+998,23,0.16,M,1,D1,1,1
575,0+3277,7/2/2008,1000+9,23,0.182,F,5,D3,1,1
576,0+3277,7/2/2008,1001+9,24,0.208,M,3,D16,1,1
582,3307+9,7/2/2008,1002+9,23,0.188,M,1,D13,1,1
583,3307+9,7/2/2008,1003+9,23,0.172,M,4,D23,1,1
584,3307+9,7/2/2008,1004+9,23,0.178,F,2,D21,1,1
585,3307+9,7/2/2008,1005+9,22,0.172,M,3,D8,1,1
586,3307+9,7/2/2008,1006+9,20,0.128,M,2,D10,1,1
587,3307+9,7/2/2008,1007+9,23,0.172,M,5,D3,1,1
588,3307+9,7/2/2008,1008+9,22,0.178,M,4,D6,1,1
589,3307+9,7/2/2008,1010+9,23,0.176,M,3,D16,1,1
590,3307+9,7/2/2008,1011+9,21,0.17,M,5,D12,1,1
598,71+9,7/2/2008,1012+9,22,0.212,M,4,D23,1,1
599,71+9,7/2/2008,1013+9,23,0.192,F,1,D11,1,1
600,71+9,7/2/2008,1014+9,22,0.22,M,2,D21,1,1
601,71+9,7/2/2008,1015+9,23,0.204,M,5,D3,1,1
602,71+9,7/2/2008,1016+9,23,0.188,M,1,D7,1,1
629,361+9,7/3/2008,1017+9,24,0.194,F,2,D21,1,1
630,361+9,7/3/2008,1018+9,22,0.196,M,5,D3,1,1
631,361+9,7/3/2008,1020+9,23,0.196,F,3,D24,1,1
632,361+9,7/3/2008,1021+9,24,0.192,F,4,D6,1,1
633,361+9,7/3/2008,1022+9,24,0.188,F,1,D13,1,1
643,464+9,7/3/2008,1023+9,23,0.192,M,5,D12,1,1
644,464+9,7/3/2008,1025+9,24,0.196,F,2,D18,1,1
645,464+9,7/3/2008,1026+9,25,0.196,F,4,D23,1,1
646,464+9,7/3/2008,1027+9,24,0.19,F,3,D16,1,1
650,0+114,7/4/2008,1028+9,25,0.248,M,3,D4,1,1
651,0+114,7/4/2008,1030+9,24,0.21,M,5,D12,1,1
659,0+484,7/5/2008,1031+9,22,0.168,M,3,D24,1,1
660,0+484,7/5/2008,1032+9,23,0.166,F,2,D2,1,1
661,0+484,7/5/2008,1033+9,22,0.178,M,4,D23,1,1
662,0+484,7/5/2008,1034+9,22,0.17,M,5,D12,1,1
670,347,7/5/2008,1035+9,23,0.208,M,1,D11,1,1
671,347,7/5/2008,1036+9,23,0.21,M,4,D6,1,1
672,347,7/5/2008,1037+9,23,0.2,M,4,D23,1,1
673,347,7/5/2008,1038+9,24,0.196,F,5,D3,1,1
674,347,7/5/2008,1040+9,23,0.204,M,2,D14,1,1
675,347,7/5/2008,1041+9,24,0.204,M,2,D10,1,1
676,347,7/5/2008,1042+9,24,0.212,M,1,D17,1,1
677,347,7/5/2008,1043+9,23,0.2,M,4,D23,1,1
684,0+3857,7/5/2008,1044+9,23,0.178,M,2,D18,1,1
685,0+3857,7/5/2008,1045+9,23,0.196,M,5,D3,1,1
686,0+3857,7/5/2008,1046+9,24,0.182,F,4,D6,1,1
687,0+3857,7/5/2008,1047+9,23,0.192,F,1,D5,1,1
688,0+3857,7/5/2008,1048+9,25,0.202,F,2,D14,1,1
689,0+3857,7/5/2008,1050+9,23,0.18,M,3,D8,1,1
702,0+3656,7/6/2008,1051+9,23,0.186,M,2,D2,1,1
703,0+3656,7/6/2008,1052+9,23,0.182,M,4,D6,1,1
704,0+3656,7/6/2008,1053+9,24,0.192,F,1,D19,1,1
705,0+3656,7/6/2008,1054+9,24,0.216,M,3,D16,1,1
706,0+3656,7/6/2008,1055+9,24,0.198,M,1,D13,1,1
707,0+3656,7/6/2008,1056+9,26,0.212,F,5,D3,1,1
708,0+3656,7/6/2008,1057+9,24,0.192,M,4,D23,1,1
709,0+3656,7/6/2008,1058+9,25,0.194,F,3,D4,1,1
710,0+3656,7/6/2008,1060+9,25,0.19,F,4,D20,1,1
719,0+3220,7/6/2008,1061+9,24,0.244,M,1,D1,1,1
720,0+3220,7/6/2008,1062+9,26,0.234,M,3,D24,1,1
721,0+3220,7/6/2008,1063+9,23,0.234,M,2,D21,1,1
722,0+3220,7/6/2008,1064+9,27,0.25,F,5,D12,1,1
723,0+3220,7/6/2008,1065+9,25,0.238,F,2,D2,1,1
726,0+3110,7/7/2008,1066+9,24,0.206,M,5,D3,1,1
727,0+3110,7/7/2008,1067+9,23,0.134,M,5,D12,1,1
728,0+3110,7/7/2008,1068+9,25,0.228,M,4,D20,1,1
742,3481+9,7/9/2008,1071+9,25,0.2,F,1,D11,1,1
743,3481+9,7/9/2008,1072+9,24,0.186,F,4,D6,1,1
744,3481+9,7/9/2008,1073+9,24,0.19,F,3,D4,1,1
745,3481+9,7/9/2008,1074+9,24,0.178,F,2,D10,1,1
746,3481+9,7/9/2008,1075+9,23,0.186,M,5,D3,1,1
753,0+434,7/9/2008,1076+9,23,0.194,M,1,D5,1,1
754,0+434,7/9/2008,1077+9,21,0.162,F,5,D12,1,1
755,0+434,7/9/2008,1078+9,24,0.168,M,2,D2,1,1
756,0+434,7/9/2008,1080+9,23,0.174,F,3,D24,1,1
757,0+434,7/9/2008,1081+9,25,0.192,F,4,D20,1,1
763,0+3800,7/10/2008,1082+9,24,0.23,M,4,D23,1,1
764,0+3800,7/10/2008,1083+9,24,0.214,M,5,D12,1,1
765,0+3800,7/10/2008,1084+9,24,0.238,F,2,D18,1,1
773,91+9,7/10/2008,1085+9,22,0.16,M,3,D16,1,1
774,91+9,7/10/2008,1086+5+9,23,0.174,M,2,D10,1,1
777,0+90,7/11/2008,1087+9,23,0.144,M,2,D18,1,1
778,0+90,7/11/2008,1088+9,22,0.154,F,3,D4,1,1
779,0+90,7/11/2008,1090+9,22,0.15,M,4,D20,1,1
792,187+9,7/11/2008,1091+9,23,0.172,F,1,D9,1,1
798,187+9,7/12/2008,1092+9,26,0.242,F,1,D17,1,1
799,187+9,7/12/2008,1093+9,23,0.214,M,4,D6,1,1
800,187+9,7/12/2008,1094+9,23,0.186,F,5,D3,1,1
818,420+9,7/14/2008,1097+9,22,0.162,M,2,D10,1,1
819,420+9,7/14/2008,1098+9,22,0.16,M,1,D22,1,1
825,0+360,7/14/2008,1100+9,23,0.202,M,3,D8,1,1
826,0+360,7/14/2008,1101+9,22,0.204,M,4,D20,1,1
827,0+360,7/14/2008,1102+9,23,0.22,M,3,D16,1,1
828,0+360,7/14/2008,1103+9,22,0.196,M,5,D3,1,1
836,0+526,7/15/2008,1108+9,23,0.186,M,3,D16,1,1
837,0+526,7/15/2008,1110+9,23,0.178,M,1,D19,1,1
838,0+526,7/15/2008,1111+9,21,0.186,M,5,D12,1,1
839,0+526,7/15/2008,1112+9,24,0.198,M,5,D3,1,1
19,447+1,6/8/2008,660+9,23,0.218,F,3,D4,1,1
40,3666+9,6/9/2008,661+9,24,0.184,F,1,D15,1,1
41,3666+9,6/9/2008,662+9,23,0.184,F,2,D2,1,1
42,3666+9,6/9/2008,663+9,20,0.16,M,3,D16,1,1
43,3666+9,6/9/2008,664+9,22,0.172,M,4,D20,1,1
55,3675+9,6/10/2008,667+9,25,0.232,F,5,D12,1,1
56,3675+9,6/10/2008,668+9,24,0.194,F,4,D6,1,1
113,20,6/16/2008,670+9,26,0.216,F,2,D21,1,1
114,20,6/16/2008,671+9,24,0.226,M,5,D12,1,1
115,20,6/16/2008,672+9,24,0.22,M,4,D6,1,1
116,20,6/16/2008,673+9,25,0.222,F,3,D8,1,1
117,20,6/16/2008,674+9,26,0.226,F,5,D3,1,1
154,0+292,6/18/2008,675+9,24,0.184,F,5,D3,1,1
155,0+292,6/18/2008,676+9,23,0.178,F,4,D23,1,1
156,0+292,6/18/2008,677+9,22,0.184,F,3,D4,1,1
157,0+292,6/18/2008,678+9,23,0.178,F,4,D20,1,1
158,0+292,6/18/2008,680+9,22,0.186,M,5,D3,1,1
159,0+292,6/18/2008,681+9,22,0.184,F,3,D24,1,1
160,0+292,6/18/2008,682+9,23,0.188,M,5,D12,1,0
188,0+84,6/21/2008,683+9,22,0.182,M,2,D10,1,1
189,0+84,6/21/2008,684+9,22,0.19,M,1,D1,1,1
190,0+84,6/21/2008,685+9,22,0.214,M,3,D4,1,1
191,0+84,6/21/2008,686+9,20,0.18,F,4,D23,1,1
192,0+84,6/21/2008,687+9,23,0.188,F,5,D12,1,1
193,0+84,6/21/2008,688+9,23,0.184,F,4,D6,1,1
194,0+84,6/21/2008,690+9,23,0.194,F,4,D20,1,1
195,0+84,6/21/2008,691+9,22,0.19,M,5,D3,1,1
196,0+84,6/21/2008,692+9,23,0.182,F,3,D16,1,1
208,233+9,6/22/2008,693+9,22,0.184,F,2,D10,1,1
209,233+9,6/22/2008,694+9,21,0.174,F,5,D12,1,1
210,233+9,6/22/2008,695+9,22,0.184,M,3,D16,1,1
211,233+9,6/22/2008,696+9,23,0.184,F,3,D24,1,1
212,233+9,6/22/2008,697+9,21,0.184,M,5,D3,1,1
213,233+9,6/22/2008,698+9,22,0.184,M,4,D6,1,1
226,233+9,6/23/2008,770+9,22,0.204,M,4,D23,1,1
227,233+9,6/23/2008,771+9,23,0.184,F,1,D19,1,1
228,233+9,6/23/2008,772+9,24,0.192,F,2,D14,1,1
238,0+2825,6/23/2008,773+9,24,0.222,F,5,D12,1,1
239,0+2825,6/23/2008,774+9,23,0.214,F,4,D6,1,1
241,0+2825,6/23/2008,776+9,23,0.226,F,4,D20,1,1
242,0+2825,6/23/2008,777+9,23,0.2,F,2,D18,1,1
243,0+2825,6/23/2008,778+9,23,0.22,M,3,D8,1,1
244,0+2825,6/23/2008,780+9,23,0.204,F,5,D3,1,1
245,0+2825,6/23/2008,781+9,21,0.186,M,5,D12,2,1
253,INCONNUE,6/24/2008,782+9,22,0.13,M,1,D11,1,1
240,0+2825,6/23/2008,785+9,24,0.206,F,3,D4,1,1
276,165+9,6/24/2008,793+9,19,0.138,F,1,D1,1,1
277,165+9,6/24/2008,794+9,20,0.138,M,1,D19,1,1
278,165+9,6/24/2008,795+9,20,0.142,M,2,D21,1,0
279,165+9,6/24/2008,796+9,22,0.138,F,2,D18,1,1
280,165+9,6/24/2008,797+9,19,0.14,M,1,D13,1,1
281,165+9,6/24/2008,798+9,20,0.146,F,1,D17,1,1
282,165+9,6/24/2008,800+9,20,0.138,M,3,D24,2,1
283,165+9,6/24/2008,801+9,19,0.114,F,1,D11,2,1
284,165+9,6/24/2008,802+9,20,0.126,F,2,D2,2,1
295,205+9,6/25/2008,803+9,21,0.178,M,1,D7,1,1
296,205+9,6/25/2008,804+9,21,0.182,M,2,D2,1,1
297,205+9,6/25/2008,805+9,21,0.196,M,3,D24,1,1
298,205+9,6/25/2008,806+9,22,0.172,M,2,D14,1,1
299,205+9,6/25/2008,807+9,20,0.146,M,5,D3,1,1
300,205+9,6/25/2008,808+9,22,0.182,M,4,D6,1,1
301,205+9,6/25/2008,810+9,21,0.17,M,1,D22,1,1
302,205+9,6/25/2008,811+9,20,0.166,M,3,D4,1,1
303,205+9,6/25/2008,812+9,21,0.164,F,1,D17,1,1
304,205+9,6/25/2008,813+9,22,0.164,F,1,D9,1,1
305,205+9,6/25/2008,814+9,18,0.13,M,3,D8,2,1
314,2357+9,6/25/2008,815+9,25,0.228,F,1,D7,1,1
315,2357+9,6/25/2008,816+9,23,0.192,M,1,D1,1,1
316,2357+9,6/25/2008,817+9,24,0.228,F,3,D16,1,1
317,2357+9,6/25/2008,818+9,24,0.228,F,2,D21,1,1
318,2357+9,6/25/2008,820+9,24,0.21,F,1,D5,1,1
319,2357+9,6/25/2008,821+9,24,0.202,F,3,D24,1,1
320,2357+9,6/25/2008,822+9,23,0.222,M,2,D10,1,1
341,176+9,6/26/2008,823+9,22,0.182,F,4,D6,1,1
342,176+9,6/26/2008,824+9,22,0.186,M,3,D4,1,1
343,176+9,6/26/2008,825+9,23,0.198,M,3,D24,1,1
344,176+9,6/26/2008,826+9,23,0.18,F,4,D23,1,1
345,176+9,6/26/2008,827+9,24,0.194,F,1,D19,1,1
346,176+9,6/26/2008,828+9,23,0.182,F,3,D16,1,1
347,176+9,6/26/2008,830+9,24,0.198,M,2,D18,2,1
348,176+9,6/26/2008,831+9,22,0.196,M,4,D23,2,1
354,0+3285,6/27/2008,832+9,24,0.2,F,4,D20,1,1
355,0+3285,6/27/2008,833+9,22,0.176,F,3,D24,1,1
356,0+3285,6/27/2008,834+9,23,0.184,F,4,D23,1,1
357,0+3285,6/27/2008,835+9,23,0.2,M,4,D6,1,1
358,0+3285,6/27/2008,836+9,23,0.186,F,2,D10,1,1
359,0+3285,6/27/2008,837+9,24,0.192,F,3,D4,1,1
360,0+3285,6/27/2008,838+9,23,0.196,F,2,D18,1,1
361,0+3285,6/27/2008,840+9,24,0.216,M,1,D11,1,1
362,0+3285,6/27/2008,841+9,23,0.19,M,3,D8,1,1
363,0+3285,6/27/2008,842+9,24,0.206,M,4,D23,1,1
364,0+3285,6/27/2008,843+9,24,0.206,M,3,D16,1,1
393,64+9,6/28/2008,846+9,23,0.224,M,4,D20,1,1
394,64+9,6/28/2008,847+9,23,0.172,F,3,D16,1,1
395,64+9,6/28/2008,848+9,24,0.238,M,5,D3,1,1
396,64+9,6/28/2008,850+9,24,0.218,F,1,D11,1,1
397,64+9,6/28/2008,851+9,24,0.216,M,2,D2,1,1
413,3438+9,6/28/2008,852+9,22,0.204,M,4,D6,1,1
414,3438+9,6/28/2008,853+9,22,0.198,M,5,D12,1,1
415,3438+9,6/28/2008,854+9,23,0.182,F,3,D8,1,1
416,3438+9,6/28/2008,855+9,24,0.188,F,1,D13,1,1
417,3438+9,6/28/2008,856+9,24,0.182,F,4,D6,1,1
418,3438+9,6/28/2008,857+9,21,0.16,M,4,D23,1,1
419,3438+9,6/28/2008,858+9,23,0.186,F,2,D21,1,1
420,3438+9,6/28/2008,860+9,22,0.182,F,5,D3,1,1
421,3438+9,6/28/2008,861+9,23,0.18,F,3,D4,1,1
422,3438+9,6/28/2008,862+9,23,0.188,F,2,D18,1,1
423,3438+9,6/28/2008,863+9,23,0.208,M,1,D17,1,1
424,0+273,6/28/2008,864+9,22,0.204,M,3,D24,1,1
425,0+273,6/28/2008,865+9,23,0.198,M,1,D5,1,1
426,0+273,6/28/2008,866+9,23,0.19,M,2,D10,1,1
427,0+273,6/28/2008,867+9,23,0.182,F,3,D16,1,1
428,0+273,6/28/2008,868+9,22,0.182,M,5,D3,1,1
429,0+273,6/28/2008,870+9,22,0.186,M,4,D6,1,1
438,3684+9,6/28/2008,871+9,24,0.21,F,4,D6,1,1
440,3684+9,6/28/2008,872+9,23,0.22,F,2,D2,1,1
439,3684+9,6/28/2008,873+9,23,0.194,M,1,D17,1,1
441,3684+9,6/28/2008,874+9,24,0.202,F,4,D23,1,1
442,3684+9,6/28/2008,875+9,23,0.198,F,3,D16,1,1
443,3684+9,6/28/2008,876+9,24,0.218,F,5,D12,1,1
444,3684+9,6/28/2008,877+9,22,0.2,F,2,D14,1,1
412,0+317,6/28/2008,881+9,23,0.174,M,4,D23,2,1
460,250+9,6/29/2008,882+9,24,0.21,F,1,D15,1,1
461,250+9,6/29/2008,883+9,23,0.19,M,2,D2,1,1
462,250+9,6/29/2008,884+9,25,0.22,F,4,D20,1,1
463,250+9,6/29/2008,885+9,25,0.206,F,1,D22,1,1
464,250+9,6/29/2008,886+9,24,0.214,F,3,D24,1,1
465,250+9,6/29/2008,887+9,23,0.18,F,2,D10,1,1
466,250+9,6/29/2008,888+9,23,0.206,M,5,D3,1,1
467,250+9,6/29/2008,890+9,23,0.214,M,3,D8,1,1
468,250+9,6/29/2008,891+9,24,0.21,F,4,D23,1,1
469,250+9,6/29/2008,892+9,25,0.208,F,5,D12,1,1
478,315+9,6/30/2008,893+9,24,0.206,F,1,D7,1,1
479,315+9,6/30/2008,894+9,23,0.218,M,4,D23,1,1
480,315+9,6/30/2008,895+9,23,0.206,F,3,D16,1,1
481,315+9,6/30/2008,896+9,23,0.212,M,2,D18,1,1
485,92+9,6/30/2008,897+9,22,0.174,F,5,D12,1,1
487,0+2481,6/30/2008,940+9,23,0.202,M,1,D11,1,1
488,0+2481,6/30/2008,941+9,25,0.202,F,2,D2,1,1
489,0+2481,6/30/2008,942+9,24,0.21,F,3,D24,1,1
490,0+2481,6/30/2008,943+9,25,0.192,M,2,D21,1,1
491,0+2481,6/30/2008,944+9,23,0.216,M,4,D6,1,1
492,0+2481,6/30/2008,945+9,24,0.21,F,5,D3,1,1
493,0+2481,6/30/2008,946+9,23,0.21,M,5,D12,1,1
505,0+3380,6/30/2008,947+9,24,0.222,M,4,D23,1,1
504,0+3380,6/30/2008,948+9,25,0.206,F,3,D8,1,1
506,0+3380,6/30/2008,950+9,23,0.218,M,3,D24,1,1
207,2100+1,6/22/2008,951+9,23,0.17,F,4,D6,1,1
507,0+3380,6/30/2008,952+9,24,0.226,M,2,D14,1,1
509,0+3380,6/30/2008,953+9,22,0.21,M,3,D16,1,1
508,0+3380,6/30/2008,954+9,23,0.224,M,5,D3,1,1
510,0+3380,6/30/2008,955+9,24,0.222,F,4,D20,1,1
511,0+3380,6/30/2008,956+9,24,0.202,F,4,D6,1,1
512,0+3380,6/30/2008,957+9,22,0.202,M,2,D10,1,1
519,678+100+PAG,6/30/2008,958+9,25,0.236,F,2,D21,1,1
520,678+100+PAG,6/30/2008,960+9,23,0.244,M,4,D20,1,1
521,678+100+PAG,6/30/2008,961+9,25,0.264,M,1,D9,1,1
522,678+100+PAG,6/30/2008,962+9,25,0.232,F,5,D3,1,1
523,678+100+PAG,6/30/2008,963+9,25,0.238,F,4,D6,1,1
524,678+100+PAG,6/30/2008,964+9,23,0.21,M,5,D12,1,1
525,678+100+PAG,6/30/2008,965+9,24,0.248,M,1,D7,1,1
526,678+100+PAG,6/30/2008,966+9,23,0.202,F,3,D24,1,1
536,92+9,7/1/2008,967+9,21,0.186,M,5,D3,1,1
537,92+9,7/1/2008,968+9,23,0.204,M,2,D21,1,1
538,92+9,7/1/2008,970+9,19,0.112,M,4,D20,1,1
546,3390+9,7/1/2008,971+9,24,0.222,F,4,D6,1,1
547,3390+9,7/1/2008,972+9,24,0.25,M,2,D14,1,1
548,3390+9,7/1/2008,973+9,24,0.24,M,1,D15,1,1
549,3390+9,7/1/2008,974+9,25,0.26,M,5,D3,1,1
550,3390+9,7/1/2008,975+9,24,0.252,F,5,D12,1,1
551,3390+9,7/1/2008,976+9,26,0.252,M,4,D23,1,1
552,3390+9,7/1/2008,977+9,24,0.242,M,3,D24,1,1
553,0+3205,7/1/2008,978+9,24,0.194,F,2,D18,1,1
556,0+3205,7/1/2008,981+9,24,0.188,F,3,D8,1,1
554,0+3205,7/1/2008,982+9,23,0.18,F,1,D15,1,1
555,0+3205,7/1/2008,983+9,24,0.192,F,4,D23,1,1
557,0+3205,7/1/2008,984+9,23,0.194,M,3,D4,1,1
558,0+3205,7/1/2008,987+9,22,0.182,M,5,D12,1,1
559,0+3205,7/1/2008,990+9,23,0.198,M,4,D20,1,1
560,0+3205,7/1/2008,991+9,24,0.188,F,5,D3,1,1
561,0+3205,7/1/2008,992+9,23,0.2,M,1,D9,1,1
562,0+3205,7/1/2008,993+9,23,0.18,F,3,D16,2,1
570,0+3277,7/2/2008,994+9,24,0.208,F,1,D22,1,1
571,0+3277,7/2/2008,995+9,24,0.198,M,4,D6,1,1
572,0+3277,7/2/2008,996+9,23,0.196,M,5,D12,1,1
573,0+3277,7/2/2008,997+9,24,0.194,F,4,D20,1,1
574,0+3277,7/2/2008,998+9,24,0.22,F,2,D10,1,1
