videoname,numericdate,date,takenonwrongday,numerictime,time,nestbox,observer,sex,antenna.yforpresent,perchpresent.1forpresent,method,arrivallatency,nestboxcontact,perchcontact,peckcontact,pecks,inbox,birdorderentry,firstvisitlength,secondvisitlength,compJune2015,comp.1human.2paper.3other,juliandate,year,entrylatency,partnerboldshy,testorder,meanexperience,imc.experience,logentrylatency,offspring,meanoffspring,imc.offspring,socialbrood,natalbrood,asrid,asrpartner,asrdam,ManuallyAssignedID
VI9999,40026,01/08/2009,0,NA,NA,W5,IW,M,n,1,1,16,16,16,23.2,8,25.9,1,1.2,1.3,0,0,213,2009,9.9,shy,1,1,0,-2.341805806,1,1,0,147,149,2209,3409,761,n
VI9994,40025,31/07/2009,0,NA,NA,W14,IW,F,n,1,1,1.5,1.5,1.5,2.3,3,2.4,1,0.3,0.5,0,0,212,2009,0.9,bold,1,1.333333333,-0.333333333,-0.336472237,4,3.5,0.5,812,813,2764,2809,483,n
VK0127,40696,02/06/2011,0,0.30625,7:21:00,W14,IW,F,y,1,1,28.2,28.2,28.2,NA,NA,28.3,2,NA,NA,1,1,153,2011,0.1,bold,1,1.333333333,-0.333333333,0.510825624,3,3.5,-0.5,812,813,2764,2809,483,n
VK0127,40696,02/06/2011,0,0.30625,7:21:00,W14,IW,M,y,1,1,1.8,2,2,NA,NA,2.2,1,NA,NA,0,0,153,2011,0.2,bold,1,1.333333333,-0.333333333,0.356674944,3,3,0,829,829,2809,2764,504,n
VK0117,40693,30/05/2011,0,0.379861111,9:07:00,LM35,IW,M,n,1,1,13.9,13.9,13.9,38,22,44.3,2,NA,NA,1,1,150,2011,30.4,shy,1,2,-1,-3.430756184,3,3,0,849,849,2892,3386,532,n
VK0415,40768,13/08/2011,0,0.361805556,8:41:00,LM35,IW,M,n,1,3,3.5,3.5,3.5,NA,NA,34,2,NA,NA,1,1,225,2011,30.5,shy,3,2,1,-3.433987204,3,3,0,849,849,2892,3386,532,n
VI0000,40036,11/08/2009,0,NA,NA,LM1,IW,M,n,1,1,2.2,2.2,2.2,2.4,4,25.1,2,0.4,0.6,1,2,223,2009,22.9,shy,1,2.2,-1.2,-3.152736022,2,2,0,910,911,3090,3362,2850,n
VK0032,40673,10/05/2011,0,0.520833333,12:30:00,F7,JS,M,y,1,1,3,6.3,7.1,7.2,NA,12.4,2,NA,NA,1,2,130,2011,6.1,bold,1,1.9,-0.9,-1.887069649,3,3.2,-0.2,930,930,3153,3846,2780,n
VL0076,41068,08/06/2012,0,0.673611111,16:10:00,F7,IW,M,y,1,1,6.2,6.2,6.2,6.3,4,6.5,1,0.3,0.2,0,0,160,2012,0.3,bold,1,1.9,-0.9,0.223143551,2,3.2,-1.2,930,930,3153,4242,2780,n
VL0219,41108,18/07/2012,0,0.409722222,9:50:00,F7,IW,M,y,1,1,17,17,17,33.2,10,35.2,2,0.3,0.1,1,1,200,2012,18.2,shy,2,1.9,0.1,-2.928523524,3,3.2,-0.2,930,930,3153,4242,2780,n
VL0358,41143,22/08/2012,0,0.275694444,6:37:00,F7,IW,M,y,1,1,2.5,2.5,2.5,4,8,7.8,1,0.7,0.5,0,0,235,2012,5.3,bold,3,1.9,1.1,-1.757857918,2,3.2,-1.2,930,930,3153,4242,2780,n
VM0056,41407,13/05/2013,0,0.286805556,6:53:00,F7,IW,M,y,1,1,1.5,1.6,1.6,1.8,7,14.1,1,0.3,0.4,0,0,133,2013,12.5,shy,1,1.9,-0.9,-2.564949357,4,3.2,0.8,930,930,3153,4242,2780,n
VM0352,41447,22/06/2013,0,0.2375,5:42:00,F7,IW,M,y,1,1,13.2,13.2,13.2,13.4,3,13.8,1,0.6,3,0,0,173,2013,0.6,shy,2,1.9,0.1,-0.09531018,4,3.2,0.8,930,930,3153,4242,2780,n
VM0606,41485,30/07/2013,0,0.435416667,10:27:00,F7,IW,M,y,1,1,18.8,18.8,18.8,19.1,3,23.6,1,0.4,1.7,0,0,211,2013,4.8,shy,3,1.9,1.1,-1.667706821,3,3.2,-0.2,930,930,3153,4242,2780,n
VN0062,41763,04/05/2014,0,0.274305556,6:35:00,F7,IW,M,y,1,1,10.4,10.4,10.4,15,9,52.6,2,0.2,NA,1,2,124,2014,42.2,shy,1,1.9,-0.9,-3.75419892,5,3.2,1.8,930,930,3153,4242,2780,n
VN0404,41803,13/06/2014,0,0.2125,5:06:00,F7,IW,M,y,1,1,6.5,9.5,9.5,30.6,8,42.2,1,0.3,NA,0,0,164,2014,32.7,shy,2,1.9,0.1,-3.502549876,3,3.2,-0.2,930,930,3153,4242,2780,n
VN0712,41837,17/07/2014,0,0.434722222,10:26:00,F7,IW,M,y,1,1,5.7,5.7,5.7,5.8,4,6.4,1,0.1,0.1,0,0,198,2014,0.7,bold,3,1.9,1.1,-0.182321557,3,3.2,-0.2,930,930,3153,4242,2780,n
VI0000,40036,11/08/2009,0,NA,NA,LM1,IW,F,n,1,1,1.4,1.4,1.4,5.6,8,6.8,1,1.3,0.1,0,0,223,2009,5.4,shy,1,1,0,-1.774952351,2,2,0,989,989,3362,3090,784,n
VK0304,40737,13/07/2011,0,0.704861111,16:55:00,LM30,IW,F,n,1,1,3.1,3.1,3.1,3.8,7,4.9,2,NA,NA,0,0,194,2011,1.8,bold,1,1,0,-0.832909123,3,3,0,991,991,3365,3764,3149,n
VK0043,40674,11/05/2011,0,0.607638889,14:35:00,W24,JS,F,y,1,1,NA,9.6,9.6,10.3,NA,11.4,2,NA,NA,1,2,131,2011,1.8,bold,1,1.5,-0.5,-0.832909123,3,3.5,-0.5,992,992,3376,3840,2764,n
VK0370,40752,28/07/2011,0,0.443055556,10:38:00,W24,IW,F,y,1,3,1.2,1.2,1.2,1.4,3,1.9,1,NA,NA,0,0,209,2011,0.7,bold,2,1.5,0.5,-0.182321557,4,3.5,0.5,992,992,3376,3840,2764,n
VK0117,40693,30/05/2011,0,0.379861111,9:07:00,LM35,IW,F,n,1,1,3.3,3.3,3.3,16.4,27,39.7,1,NA,NA,1,1,150,2011,36.4,shy,1,1.909090909,-0.909090909,-3.608211551,3,2.75,0.25,995,995,3386,2892,2841,y
VK0415,40768,13/08/2011,0,0.361805556,8:41:00,LM35,IW,F,n,1,3,2.9,2.9,2.9,7.8,10,9.7,1,NA,NA,1,1,225,2011,6.8,shy,3,1.909090909,1.090909091,-1.987874348,3,2.75,0.25,995,995,3386,2892,2841,n
VL0097,41071,11/06/2012,0,0.251388889,6:02:00,LM35,IW,F,n,1,1,0.7,0.7,0.7,7.7,2,7.8,1,10.3,12.5,0,0,163,2012,7.1,shy,1,1.909090909,-0.909090909,-2.028148247,5,2.75,2.25,995,995,3386,3854,2841,n
VL0242,41113,23/07/2012,0,0.392361111,9:25:00,LM34,IW,F,n,1,1,1.2,6.9,6.9,32.8,17,50.7,2,0.2,5.8,1,1,205,2012,43.8,bold,2,1.909090909,0.090909091,-3.790984677,1,2.75,-1.75,995,995,3386,3854,2841,n
VM0063,41408,14/05/2013,0,0.697222222,16:44:00,LM34,IW,F,n,1,1,5.9,5.9,5.9,6.1,11,22.4,2,11.8,3.3,0,0,134,2013,16.5,bold,1,1.909090909,-0.909090909,-2.833213344,2,2.75,-0.75,995,995,3386,3854,2841,y
VM0321,41442,17/06/2013,0,0.331944444,7:58:00,LM35,IW,F,n,1,1,12.9,12.9,12.9,25.1,13,28.9,2,0.5,1.6,1,2,168,2013,16,bold,2,1.909090909,0.090909091,-2.803360381,4,2.75,1.25,995,995,3386,3854,2841,n
VM0573,41482,27/07/2013,0,0.295138889,7:05:00,LM29,IW,F,n,1,1,1.4,3.9,3.9,4.5,4,16.7,2,0.3,2,1,1,208,2013,12.8,bold,3,1.909090909,1.090909091,-2.587764035,3,2.75,0.25,995,995,3386,3854,2841,n
VN0340,41796,06/06/2014,2,0.377083333,9:03:00,LM29,IW,F,n,1,1,20.5,26.7,27.3,33,13,37.8,1,5.2,0.2,0,0,157,2014,11.1,shy,2,1.909090909,0.090909091,-2.451005098,1,2.75,-1.75,995,995,3386,3854,2841,n
VK0030,40672,09/05/2011,0,0.510416667,12:15:00,LM19,JS,F,n,1,1,NA,6.3,6.3,6.9,NA,7,2,NA,NA,0,0,129,2011,0.7,bold,1,2,-1,-0.182321557,4,4,0,NA,NA,3389,3913,2749,n
VK0071,40677,14/05/2011,0,0.606944444,14:34:00,ML7,IW,M,n,1,1,54.8,54.8,54.8,55.5,10,58.9,2,NA,NA,0,0,134,2011,4.1,bold,1,1,0,-1.526056303,2,2,0,996,996,3395,3879,2568,n
VK0016,40670,07/05/2011,0,0.297916667,7:09:00,LM23,JS,M,n,1,1,NA,2.2,2.2,5.1,NA,5.3,2,NA,NA,0,0,127,2011,3.1,bold,1,1.5,-0.5,-1.280933845,5,5,0,996,996,3396,3403,2568,n
VK0344,40748,24/07/2011,0,0.411111111,9:52:00,LM21,IW,M,n,1,3,3,3,3,3.1,8,11.1,2,NA,NA,1,1,205,2011,8.1,bold,2,1.5,0.5,-2.151762203,5,5,0,996,996,3396,3403,2568,n
VI9996,40017,23/07/2009,1,NA,NA,W21,IW,M,n,1,1,4.1,4.1,4.1,4.2,4,4.5,2,8.4,9.2,1,2,204,2009,0.4,bold,2,1.333333333,0.666666667,0.105360516,2,2.5,-0.5,997,997,3397,3410,1708,n
VK0270,40732,08/07/2011,0,0.401388889,9:38:00,W21,IW,M,y,1,1,2.7,2.7,2.7,2.8,5,4.2,2,NA,NA,0,0,189,2011,1.5,bold,1,1.333333333,-0.333333333,-0.693147181,3,2.5,0.5,997,997,3397,3950,1708,n
VK0016,40670,07/05/2011,0,0.297916667,7:09:00,LM23,JS,F,n,1,1,NA,1.3,1.3,2.6,NA,4,1,NA,NA,0,0,127,2011,2.7,bold,1,1.5,-0.5,-1.16315081,5,5,0,998,998,3403,3396,3063,n
VK0344,40748,24/07/2011,0,0.411111111,9:52:00,LM21,IW,F,n,1,3,0.4,0.4,0.4,1,4,1.4,1,NA,NA,1,1,205,2011,1,bold,2,1.5,0.5,-0.405465108,5,5,0,998,998,3403,3396,3063,n
VI9999,40026,01/08/2009,0,NA,NA,W5,IW,F,n,1,1,27.1,27.1,27.1,28.9,4,32.3,2,1.4,0.7,0,0,213,2009,5.2,bold,1,1.666666667,-0.666666667,-1.740466175,1,2.833333333,-1.833333333,1001,1001,3409,2209,3149,n
VK0014,40669,06/05/2011,0,0.724305556,17:23:00,W4,IW,F,y,1,1,1.5,1.5,1.5,7.1,25,12.6,1,NA,NA,0,0,126,2011,11.1,bold,1,1.666666667,-0.666666667,-2.451005098,2,2.833333333,-0.833333333,1001,1001,3409,3844,3149,n
VK0345,40748,24/07/2011,0,0.454166667,10:54:00,W4,IW,F,y,1,3,1.3,1.3,1.3,1.6,5,3.9,1,NA,NA,0,0,205,2011,2.6,bold,2,1.666666667,0.333333333,-1.131402111,4,2.833333333,1.166666667,1001,1001,3409,3844,3149,n
VL0051,41062,02/06/2012,0,0.459027778,11:01:00,W4,IW,F,y,1,1,4.9,4.9,4.9,NA,NA,5.4,1,1.1,7.6,0,0,154,2012,0.5,bold,1,1.666666667,-0.666666667,0,2,2.833333333,-0.833333333,1001,1001,3409,3917,3149,n
VL0177,41097,07/07/2012,0,0.340277778,8:10:00,W3,IW,F,n,1,1,6.9,6.9,6.9,25.9,8,26.4,2,1.5,1,1,1,189,2012,19.5,bold,2,1.666666667,0.333333333,-2.995732274,4,2.833333333,1.166666667,1001,1001,3409,3917,3149,n
VL0324,41136,15/08/2012,0,0.3125,7:30:00,W4,IW,F,y,1,1,1.3,1.3,1.3,6,2,6.1,2,0.4,0.4,1,2,228,2012,4.8,bold,3,1.666666667,1.333333333,-1.667706821,4,2.833333333,1.166666667,1001,1001,3409,3917,3149,n
VI9996,40017,23/07/2009,1,NA,NA,W21,IW,F,n,1,1,2.9,2.9,2.9,NA,NA,3.1,1,0.9,3.1,0,0,204,2009,0.2,bold,2,1.5,0.5,0.356674944,2,2,0,1003,1003,3410,3397,784,n
VK0009,40669,06/05/2011,0,0.265277778,6:22:00,F2,IW,M,n,1,1,13.5,13.5,13.5,20,4,22.4,2,NA,NA,1,2,126,2011,8.9,bold,1,1.5,-0.5,-2.240709689,3,2.5,0.5,1002,1002,3419,3834,3589,n
VK0307,40737,13/07/2011,0,0.443055556,10:38:00,F1,IW,M,n,1,1,9.7,18.7,19,19,2,20.3,2,NA,NA,0,0,194,2011,1.6,bold,2,1.5,0.5,-0.741937345,2,2.5,-0.5,1002,1002,3419,3834,3589,n
VK0377,40753,29/07/2011,0,0.359722222,8:38:00,W12,IW,M,n,1,1,6,6,6.1,10,2,10.3,2,NA,NA,0,0,210,2011,4.3,bold,2,1.5,0.5,-1.568615918,3,3,0,1005,1005,3429,3922,2764,n
VK0060,40676,13/05/2011,0,0.499305556,11:59:00,W22,JS,F,y,1,1,NA,6.3,6.3,6.7,NA,7,1,NA,NA,0,0,133,2011,0.7,bold,1,1.5,-0.5,-0.182321557,4,3,1,1005,1005,3430,3821,2764,n
VK0384,40754,30/07/2011,0,0.666666667,16:00:00,W22,IW,F,y,1,3,4.7,4.7,4.7,4.7,12,6.4,2,NA,NA,0,0,211,2011,1.7,bold,2,1.5,0.5,-0.78845736,2,3,-1,1005,1005,3430,3821,2764,n
VK0146,40701,07/06/2011,0,0.299305556,7:11:00,LM37,IW,F,n,1,1,6.5,6.5,6.5,31.2,35,35.9,1,NA,NA,1,1,158,2011,29.4,shy,1,1.5,-0.5,-3.39785848,3,2.5,0.5,NA,NA,3589,3090,586,n
VK0320,40741,17/07/2011,0,0.334722222,8:02:00,LM37,IW,F,n,1,1,6.5,6.5,6.5,12.5,4,12.8,1,NA,NA,1,1,198,2011,6.3,shy,2,1.5,0.5,-1.916922612,2,2.5,-0.5,NA,NA,3589,3090,586,n
VI9995,40024,30/07/2009,0,NA,NA,W24,IW,F,n,1,1,39.9,42.4,42.5,43.3,28,49,1,0.6,NA,1,1,211,2009,6.6,shy,1,1,0,-1.960094784,2,2,0,NA,NA,3674,3367,2841,n
VK0367,40752,28/07/2011,0,0.817361111,19:37:00,W17,IW,M,n,1,3,3.4,3.4,3.4,4.3,1,4.3,2,NA,NA,0,0,209,2011,0.9,bold,2,1.5,0.5,-0.336472237,3,3,0,NA,NA,3675,3776,2749,n
VL0069,41067,07/06/2012,0,0.365972222,8:47:00,S3,IW,F,n,1,1,3.2,6.6,6.6,NA,NA,7.4,2,0.3,0.1,0,0,159,2012,0.8,bold,1,2,-1,-0.262364264,4,3,1,1083,1084,3712,3793,2764,n
VL0223,41109,19/07/2012,0,0.286805556,6:53:00,S3,IW,F,n,1,1,12.6,12.6,12.6,12.7,44,28.5,1,31.5,NA,0,0,201,2012,15.9,shy,2,2,0,-2.797281335,2,3,-1,1083,1084,3712,3793,2764,n
VL0373,41145,24/08/2012,0,0.3,7:12:00,S3,IW,F,n,1,1,6.9,6.9,6.9,7.5,7,8.2,1,2.6,0.2,0,0,237,2012,1.3,bold,3,2,1,-0.587786665,3,3,0,1083,1084,3712,3793,2764,n
VM0032,41402,08/05/2013,0,0.364583333,8:45:00,S3,IW,F,n,1,1,3.7,3.8,3.8,5.4,11,10.3,1,14,5.5,0,0,128,2013,6.5,NA,1,2,-1,-1.945910149,1,3,-2,1083,1084,3712,3793,2764,n
VM0251,41435,10/06/2013,0,0.39375,9:27:00,S3,IW,F,n,1,1,7.3,7.3,7.3,10,5,14.3,1,8,NA,0,0,161,2013,7,shy,2,2,0,-2.014903021,4,3,1,1083,1084,3712,3793,2764,n
VM0513,41473,18/07/2013,0,0.483333333,11:36:00,S3,IW,F,n,1,1,3,3,3,6.4,2,6.5,1,3.2,0.2,0,0,199,2013,3.5,shy,3,2,1,-1.386294361,4,3,1,1083,1084,3712,3793,2764,n
VN0085,41766,07/05/2014,0,0.29375,7:03:00,S3,IW,F,n,1,1,3.5,3.9,3.9,6.4,12,8.4,1,1.8,0.2,0,0,127,2014,4.5,shy,1,2,-1,-1.609437912,3,3,0,1083,1084,3712,3793,2764,n
VN0412,41804,14/06/2014,0,0.208333333,5:00:00,S3,IW,F,n,1,1,3.5,3.5,3.5,5,3,5.1,1,7.7,0.1,0,0,165,2014,1.6,shy,2,2,0,-0.741937345,5,3,2,1083,1084,3712,3793,2764,n
VN0743,41842,22/07/2014,0,0.433333333,10:24:00,S3,IW,F,n,1,1,6.2,22.5,22.5,26.6,5,27,1,0.2,NA,1,1,203,2014,4.5,shy,3,2,1,-1.609437912,1,3,-2,1083,1084,3712,3793,2764,n
VK0015,40670,07/05/2011,0,0.277083333,6:39:00,S1,JS,F,n,1,1,NA,6.1,6.1,6.2,NA,8.7,1,NA,NA,0,0,127,2011,2.6,bold,1,1,0,-1.131402111,4,4,0,1086,1086,3719,3829,3344,n
VK0378,40753,29/07/2011,0,0.375,9:00:00,W20,IW,M,y,1,1,17.2,17.2,17.2,17.3,2,18.2,2,NA,NA,1,1,210,2011,1,bold,1,1,0,-0.405465108,2,2,0,1094,1093,3743,3916,3393,n
VK0023,40671,08/05/2011,0,0.403472222,9:41:00,LM41,JS,F,y,1,1,NA,1.8,2,7.7,NA,7.8,2,NA,NA,1,1,128,2011,6,bold,1,1,0,-1.871802177,5,5,0,1093,1094,3745,3777,784,n
VK0304,40737,13/07/2011,0,0.704861111,16:55:00,LM30,IW,M,n,1,1,1.8,1.8,1.8,3.3,7,3.7,1,NA,NA,0,0,194,2011,1.9,bold,2,1.5,0.5,-0.875468737,3,3,0,1103,1102,3764,3365,3673,n
VK0068,40677,14/05/2011,0,0.446527778,10:43:00,W17,IW,F,n,1,1,3.4,3.4,3.4,3.7,5,6.8,1,NA,NA,0,0,134,2011,3.4,shy,1,1.666666667,-0.666666667,-1.360976553,2,3.444444444,-1.444444444,1105,1105,3776,3675,3674,n
VK0367,40752,28/07/2011,0,0.817361111,19:37:00,W17,IW,F,n,1,3,1.5,1.5,1.5,1.7,2,1.8,1,NA,NA,0,0,209,2011,0.3,bold,2,1.666666667,0.333333333,0.223143551,3,3.444444444,-0.444444444,1105,1105,3776,3675,3674,n
VL0082,41069,09/06/2012,0,0.35625,8:33:00,W20,IW,F,y,1,1,1.6,1.6,1.6,4.6,2,4.8,1,34.2,0.6,1,1,161,2012,3.2,shy,1,1.666666667,-0.666666667,-1.30833282,4,3.444444444,0.555555556,1105,1105,3776,4740,3674,n
VL0347,41141,20/08/2012,0,0.443055556,10:38:00,W17,IW,F,n,1,1,1.3,1.3,1.3,19.3,2,19.4,2,2.5,0.9,1,2,233,2012,18.1,bold,2,1.666666667,0.333333333,-2.923161581,5,3.444444444,1.555555556,1105,1105,3776,4740,3674,n
VM0171,41426,01/06/2013,0,0.25,6:00:00,W16,IW,F,y,1,1,1.2,1.2,1.2,2.7,3,7.9,1,52.1,NA,0,0,152,2013,6.7,shy,1,1.666666667,-0.666666667,-1.974081026,3,3.444444444,-0.444444444,1105,1105,3776,4382,3674,n
VM0432,41463,08/07/2013,0,0.325694444,7:49:00,W17,IW,F,n,1,1,1,1,1,13,1,13,1,23.9,0.3,0,0,189,2013,12,shy,2,1.666666667,0.333333333,-2.525728644,5,3.444444444,1.555555556,1105,1105,3776,4382,3674,n
VN0176,41777,18/05/2014,0,0.2625,6:18:00,W17,IW,F,n,1,1,1.8,1.8,2.2,3.8,6,6.6,1,2.2,0.4,0,0,138,2014,4.8,shy,1,1.666666667,-0.666666667,-1.667706821,3,3.444444444,-0.444444444,1105,1105,3776,4382,3674,n
VN0485,41812,22/06/2014,0,0.601388889,14:26:00,W17,IW,F,n,1,1,1.2,1.2,1.2,4.4,4,7,1,2,0.4,0,0,173,2014,5.8,shy,2,1.666666667,0.333333333,-1.840549633,3,3.444444444,-0.444444444,1105,1105,3776,4382,3674,n
VN0786,41848,28/07/2014,0,0.374305556,8:59:00,W16,IW,F,y,1,1,12.5,12.5,12.5,12.7,10,18.4,1,1.1,5.5,0,0,209,2014,5.9,shy,3,1.666666667,1.333333333,-1.85629799,3,3.444444444,-0.444444444,1105,1105,3776,4382,3674,n
VK0023,40671,08/05/2011,0,0.403472222,9:41:00,LM41,JS,M,y,1,1,NA,4.8,4.8,7.1,NA,7.2,1,NA,NA,1,2,128,2011,2.4,shy,1,1,0,-1.064710737,5,5,0,1105,1105,3777,3745,3674,n
VN0085,41766,07/05/2014,0,0.29375,7:03:00,S3,IW,M,n,1,1,2.5,2.5,2.5,24.9,8,29.9,2,0.1,0.4,1,2,127,2014,27.4,bold,1,3,-2,-3.328626689,3,3,0,1110,1110,3793,3712,3362,n
VN0412,41804,14/06/2014,0,0.208333333,5:00:00,S3,IW,M,n,1,1,7.1,7.2,7.2,27.5,15,37.7,2,0.1,NA,1,2,165,2014,30.5,bold,2,3,-1,-3.433987204,5,3,2,1110,1110,3793,3712,3362,n
VN0743,41842,22/07/2014,0,0.433333333,10:24:00,S3,IW,M,n,1,1,6.7,17.4,17.4,44.4,11,49.4,2,0.3,0.3,1,1,203,2014,32,bold,3,3,0,-3.481240089,1,3,-2,1110,1110,3793,3712,3362,n
VK0392,40757,02/08/2011,0,0.4,9:36:00,LM3,IW,M,n,1,3,0,0.1,0.1,8.5,3,11,2,NA,NA,0,0,214,2011,10.9,bold,2,1.5,0.5,-2.433613355,4,4,0,1111,1111,3796,3966,3386,n
VL0062,41066,06/06/2012,0,0.740277778,17:46:00,W24,IW,M,y,1,1,4.4,4.8,4.8,6.8,8,9.1,1,0.9,0.2,0,0,158,2012,4.3,shy,1,2,-1,-1.568615918,4,3.666666667,0.333333333,1116,1116,3810,4014,3365,n
VL0206,41105,15/07/2012,0,0.341666667,8:12:00,W23,IW,M,y,1,1,0.7,0.7,0.7,0.8,9,1.7,1,0.5,0.3,1,1,197,2012,1,bold,2,2,0,-0.405465108,3,3.666666667,-0.666666667,1116,1116,3810,4014,3365,n
VL0370,41145,24/08/2012,0,0.473611111,11:22:00,W23,IW,M,y,1,1,11.8,11.8,11.9,NA,NA,13.5,1,0.6,0.3,0,0,237,2012,1.7,shy,3,2,1,-0.78845736,4,3.666666667,0.333333333,1116,1116,3810,4014,3365,n
VK0049,40675,12/05/2011,0,0.416666667,10:00:00,W7,JS,M,n,1,1,NA,4.6,4.6,6,NA,28.4,1,NA,NA,0,0,132,2011,23.8,shy,1,1,0,-3.19047635,3,3,0,1116,1116,3811,4009,3365,n
VK0077,40678,15/05/2011,0,0.315277778,7:34:00,W23,JS,F,y,1,1,NA,5.3,5.3,5.8,NA,6.5,1,NA,NA,0,0,135,2011,1.2,bold,1,1.5,-0.5,-0.530628251,3,2.5,0.5,1120,1120,3820,NA,2568,n
VK0328,40743,19/07/2011,0,0.379166667,9:06:00,W23,IW,F,y,1,1,5.3,5.3,5.4,NA,NA,5.5,1,NA,NA,0,0,200,2011,0.2,bold,2,1.5,0.5,0.356674944,2,2.5,-0.5,1120,1120,3820,NA,2568,n
VK0384,40754,30/07/2011,0,0.666666667,16:00:00,W22,IW,M,y,1,3,1.4,1.4,1.4,1.5,4,3.6,1,NA,NA,0,0,211,2011,2.2,bold,2,1.5,0.5,-0.993251773,2,3,-1,1120,1120,3821,3430,2568,n
VL0210,41106,16/07/2012,0,0.357638889,8:35:00,W21,IW,M,y,1,1,3.6,3.6,3.6,3.6,6,23.6,2,0.5,0.7,1,1,198,2012,20,shy,1,1.5,-0.5,-3.020424886,5,3,2,1120,1120,3821,3950,2568,n
VL0369,41145,24/08/2012,0,0.35,8:24:00,W21,IW,M,y,1,1,1.7,1.7,1.7,2.1,7,5.2,1,23.7,0.3,0,0,237,2012,3.5,bold,2,1.5,0.5,-1.386294361,3,3,0,1120,1120,3821,3950,2568,n
VM0391,41453,28/06/2013,0,0.333333333,8:00:00,W21,IW,M,y,1,1,2.9,3.7,3.7,4,5,10.2,2,1.4,0.4,1,1,179,2013,6.5,bold,1,1.5,-0.5,-1.945910149,3,3,0,1120,1120,3821,3950,2568,n
VM0631,41492,06/08/2013,0,0.321527778,7:43:00,W22,IW,M,y,1,1,2.1,2.1,2.1,3.2,5,7.7,1,16.9,0.3,0,0,218,2013,5.6,NA,2,1.5,0.5,-1.808288771,2,3,-1,1120,1120,3821,3950,2568,n
VN0389,41802,12/06/2014,0,0.377777778,9:04:00,W22,IW,M,y,1,1,2.4,3.7,3.7,9.5,1,9.5,2,0.6,0.2,1,1,163,2014,5.8,bold,1,1.5,-0.5,-1.840549633,3,3,0,1120,1120,3821,5681,2568,n
VN0746,41843,23/07/2014,0,0.352083333,8:27:00,W22,IW,M,y,1,1,1.8,1.8,1.8,3.7,2,3.9,1,2.6,0.4,0,0,204,2014,2.1,bold,2,1.5,0.5,-0.955511445,3,3,0,1120,1120,3821,5681,2568,n
VK0311,40739,15/07/2011,0,0.294444444,7:04:00,LM9,IW,F,y,1,1,2.8,2.8,2.8,3.2,19,9.1,1,NA,NA,0,0,196,2011,6.3,shy,2,1.909090909,0.090909091,-1.916922612,3,2.428571429,0.571428571,1120,1120,3822,3090,2568,n
VL0235,41112,22/07/2012,0,0.273611111,6:34:00,LM10,IW,F,n,1,1,9.6,10.5,10.5,10.6,2,11.2,2,2.4,5.9,0,0,204,2012,0.7,bold,2,1.909090909,0.090909091,-0.182321557,4,2.428571429,1.571428571,1120,1120,3822,6073,2568,n
VM0320,41442,17/06/2013,0,0.329861111,7:55:00,LM10,IW,F,n,1,1,13.6,14.3,14.3,14.4,4,19.4,1,10.4,7.6,0,0,168,2013,5.1,shy,2,1.909090909,0.090909091,-1.722766598,2,2.428571429,-0.428571429,1120,1120,3822,3991,2568,n
VM0561,41481,26/07/2013,0,0.270138889,6:29:00,LM9,IW,F,y,1,1,10.9,11.2,11.2,11.4,14,16.2,1,4.9,2.5,0,0,207,2013,5,shy,3,1.909090909,1.090909091,-1.704748092,2,2.428571429,-0.428571429,1120,1120,3822,3991,2568,n
VN0187,41779,20/05/2014,0,0.694444444,16:40:00,LM10,IW,F,n,1,1,1.9,1.9,1.9,4.3,1,4.6,1,0.9,0.3,0,0,140,2014,2.7,shy,1,1.909090909,-0.909090909,-1.16315081,3,2.428571429,0.571428571,1120,1120,3822,5266,2568,n
VN0556,41819,29/06/2014,0,0.440277778,10:34:00,LM9,IW,F,y,1,1,4.4,4.7,4.7,4.8,10,6.6,1,5.1,9.3,0,0,180,2014,1.9,shy,2,1.909090909,0.090909091,-0.875468737,2,2.428571429,-0.428571429,1120,1120,3822,5266,2568,n
VN0822,41856,05/08/2014,0,0.274305556,6:35:00,LM10,IW,F,n,1,1,16.3,16.9,16.9,16.9,5,19.8,1,9.1,1,0,0,217,2014,2.9,shy,3,1.909090909,1.090909091,-1.223775432,1,2.428571429,-1.428571429,1120,1120,3822,5266,2568,n
VK0090,40680,17/05/2011,0,0.318055556,7:38:00,W27,IW,F,n,1,1,1.4,1.4,5.7,10.2,14,12.9,1,NA,NA,0,0,137,2011,11.5,bold,1,1.5,-0.5,-2.48490665,3,2.5,0.5,1124,1124,3827,NA,3674,n
VK0417,40768,13/08/2011,0,0.436111111,10:28:00,W27,IW,F,n,1,3,5.8,5.8,5.8,11.6,22,17.5,1,NA,NA,0,0,225,2011,11.7,bold,2,1.5,0.5,-2.501435952,2,2.5,-0.5,1124,1124,3827,NA,3674,n
VK0015,40670,07/05/2011,0,0.277083333,6:39:00,S1,JS,M,n,1,1,NA,5,5,5.8,NA,9.5,2,NA,NA,0,0,127,2011,4.5,bold,1,1,0,-1.609437912,4,4,0,1125,1125,3829,3719,2764,n
VK0035,40674,11/05/2011,0,0.300694444,7:13:00,LM2,IW,F,y,1,1,6.1,6.1,6.1,14.3,10,17.2,1,NA,NA,1,1,131,2011,11.1,shy,1,1.333333333,-0.333333333,-2.451005098,4,3.5,0.5,1126,1126,3833,3796,3409,n
VL0096,41071,11/06/2012,0,0.366666667,8:48:00,LM12,IW,F,n,1,1,17.1,19.4,19.4,19.5,20,45.1,1,14.9,NA,1,1,163,2012,25.7,shy,1,1.333333333,-0.333333333,-3.265759411,3,3.5,-0.5,1126,1126,3833,3991,3409,n
VK0009,40669,06/05/2011,0,0.265277778,6:22:00,F2,IW,F,n,1,1,4.4,4.4,4.4,4.6,9,5.3,1,NA,NA,0,0,126,2011,0.9,bold,1,1.5,-0.5,-0.336472237,3,2.5,0.5,1129,1128,3834,3419,3362,n
VK0307,40737,13/07/2011,0,0.443055556,10:38:00,F1,IW,F,n,1,1,5.4,5.4,5.4,8.8,2,8.9,1,NA,NA,0,0,194,2011,3.5,bold,2,1.5,0.5,-1.386294361,2,2.5,-0.5,1129,1128,3834,3419,3362,n
VM0347,41445,20/06/2013,0,0.311111111,7:28:00,F11,IW,M,n,1,1,2.1,2.1,3.9,9.3,13,13.6,1,1.1,0.2,0,0,171,2013,11.5,shy,1,1.5,-0.5,-2.48490665,4,3,1,1129,1128,3835,3892,3362,n
VM0571,41481,26/07/2013,0,0.457638889,10:59:00,F11,IW,M,n,1,1,1.7,1.7,1.8,2.1,4,2.5,1,2.3,NA,0,0,207,2013,0.8,bold,2,1.5,0.5,-0.262364264,2,3,-1,1129,1128,3835,3892,3362,n
VK0043,40674,11/05/2011,0,0.607638889,14:35:00,W24,JS,M,y,1,1,NA,3.6,3.6,4.4,NA,8.2,1,NA,NA,0,0,131,2011,4.6,bold,1,1.5,-0.5,-1.62924054,3,3.5,-0.5,1130,1130,3840,3376,3386,n
VK0370,40752,28/07/2011,0,0.443055556,10:38:00,W24,IW,M,y,1,3,2.4,2.4,2.4,NA,NA,5.4,2,NA,NA,0,0,209,2011,3,bold,2,1.5,0.5,-1.252762968,4,3.5,0.5,1130,1130,3840,3376,3386,n
VK0014,40669,06/05/2011,0,0.724305556,17:23:00,W4,IW,M,y,1,1,4.1,4.1,4.1,7.4,25,14,2,NA,NA,0,0,126,2011,9.9,shy,1,1.428571429,-0.428571429,-2.341805806,2,3.4,-1.4,NA,NA,3844,3409,2841,n
VK0345,40748,24/07/2011,0,0.454166667,10:54:00,W4,IW,M,y,1,3,3.4,3.4,3.4,3.6,1,4.1,2,NA,NA,0,0,205,2011,0.7,bold,2,1.428571429,0.571428571,-0.182321557,4,3.4,0.6,NA,NA,3844,3409,2841,n
VL0178,41097,07/07/2012,0,0.342361111,8:13:00,W8,IW,M,n,1,1,1,1.3,2.8,3.7,13,5.5,2,0.5,1.8,1,1,189,2012,4.2,bold,1,1.428571429,-0.428571429,-1.547562509,3,3.4,-0.4,NA,NA,3844,4180,2841,n
VL0325,41136,15/08/2012,0,0.434027778,10:25:00,W8,IW,M,n,1,1,2.8,2.9,2.9,13.9,37,29.7,2,0.2,1.1,0,0,228,2012,26.8,shy,2,1.428571429,0.571428571,-3.306886702,5,3.4,1.6,NA,NA,3844,4180,2841,n
VM0313,41441,16/06/2013,0,0.372916667,8:57:00,W8,IW,M,n,1,1,4.5,4.5,4.6,6.4,43,10.5,1,7.6,3.4,0,0,167,2013,6,shy,1,1.428571429,-0.428571429,-1.871802177,3,3.4,-0.4,NA,NA,3844,4180,2841,n
VK0032,40673,10/05/2011,0,0.520833333,12:30:00,F7,JS,F,y,1,1,2.5,2.5,2.5,6,NA,7,1,NA,NA,0,0,130,2011,4.5,bold,1,1,0,-1.609437912,3,3,0,NA,NA,3846,3153,3589,n
VK0065,40677,14/05/2011,0,0.284027778,6:49:00,LM29,IW,M,n,1,1,2.6,2.6,2.6,2.7,9,3.5,2,NA,NA,0,0,134,2011,0.9,bold,1,2,-1,-0.336472237,4,2.833333333,1.166666667,1133,1133,3854,4017,3847,n
VK0363,40752,28/07/2011,0,0.315972222,7:35:00,LM34,IW,M,n,1,3,3.5,3.5,3.5,3.6,5,4.2,1,NA,NA,1,1,209,2011,0.7,shy,2,2,0,-0.182321557,3,2.833333333,0.166666667,1133,1133,3854,3972,3847,y
VM0063,41408,14/05/2013,0,0.697222222,16:44:00,LM34,IW,M,n,1,1,3.8,3.9,4,5.6,3,10.1,1,1.4,0.4,0,0,134,2013,6.2,shy,1,2,-1,-1.902107526,2,2.833333333,-0.833333333,1133,1133,3854,3386,3847,n
VM0321,41442,17/06/2013,0,0.331944444,7:58:00,LM35,IW,M,n,1,1,0.9,0.9,0.9,4.5,9,7.3,1,1.5,0.3,0,0,168,2013,6.4,shy,2,2,0,-1.931521412,4,2.833333333,1.166666667,1133,1133,3854,3386,3847,n
VM0573,41482,27/07/2013,0,0.295138889,7:05:00,LM29,IW,M,n,1,1,1.7,1.7,1.7,2.5,2,2.7,1,0.5,0.5,0,0,208,2013,1,shy,3,2,1,-0.405465108,3,2.833333333,0.166666667,1133,1133,3854,3386,3847,n
VN0340,41796,06/06/2014,2,0.377083333,9:03:00,LM29,IW,M,n,1,1,16.3,16.3,16.3,NA,NA,48,2,0.8,0.4,1,2,157,2014,31.7,shy,2,2,0,-3.471966453,1,2.833333333,-1.833333333,1133,1133,3854,3386,3847,n
VK0298,40736,12/07/2011,0,0.379861111,9:07:00,ML3,IW,M,n,0,3,17.4,17.4,17.4,19.2,10,43.1,2,NA,NA,1,2,193,2011,25.7,shy,1,1,0,-3.265759411,4,4,0,1144,1144,3864,3970,3409,n
VK0071,40677,14/05/2011,0,0.606944444,14:34:00,ML7,IW,F,n,1,1,56.1,56.1,56.1,56.4,12,57.3,1,NA,NA,0,0,134,2011,1.2,bold,1,1,0,-0.530628251,2,2,0,1148,1148,3879,3395,3719,n
VK0148,40701,07/06/2011,0,0.353472222,8:29:00,MR7,IW,M,n,1,1,5.9,5.9,6.3,7.5,2,7.6,2,NA,NA,0,0,158,2011,1.7,bold,1,1.5,-0.5,-0.78845736,3,3,0,NA,NA,3885,3894,2764,n
VK0330,40744,20/07/2011,0,0.686111111,16:28:00,MR7,IW,M,n,1,3,4.9,4.9,4.9,7.9,1,7.9,2,NA,NA,0,0,201,2011,3,bold,2,1.5,0.5,-1.252762968,3,3,0,NA,NA,3885,3894,2764,n
VK0054,40676,13/05/2011,1,0.377083333,9:03:00,LM5,JS,M,n,1,1,NA,1.8,1.8,7.7,NA,8.3,1,NA,NA,1,1,133,2011,6.5,shy,1,1.5,-0.5,-1.945910149,2,2,0,1153,1153,3886,3895,3776,n
VK0008,40669,06/05/2011,1,0.257638889,6:11:00,F5,IW,F,n,0,1,3.4,18.5,18.5,18.5,11,19.8,1,NA,NA,0,0,126,2011,1.3,bold,1,1.5,-0.5,-0.587786665,3,3,0,1153,1153,3888,3924,3776,n
VK0318,40740,16/07/2011,0,0.417361111,10:01:00,F5,IW,F,y,0,3,1.2,1.2,1.2,1.3,1,1.3,1,0.4,0.4,0,0,197,2011,0.1,shy,2,1.5,0.5,0.510825624,3,3,0,1153,1153,3888,3924,3776,n
VM0347,41445,20/06/2013,0,0.311111111,7:28:00,F11,IW,F,n,1,1,4.5,4.5,4.5,10.6,27,31.4,2,0.5,0.4,1,2,171,2013,26.9,bold,1,1.5,-0.5,-3.310543013,4,3,1,1154,1154,3892,3835,3430,n
VM0571,41481,26/07/2013,0,0.457638889,10:59:00,F11,IW,F,n,1,1,3.8,3.8,5.2,5.4,5,6.2,2,0.6,0.2,1,2,207,2013,2.4,bold,2,1.5,0.5,-1.064710737,2,3,-1,1154,1154,3892,3835,3430,n
VK0148,40701,07/06/2011,0,0.353472222,8:29:00,MR7,IW,F,n,1,1,2.3,2.3,2.3,2.6,60,7.1,1,NA,NA,0,0,158,2011,4.8,bold,1,1.333333333,-0.333333333,-1.667706821,3,3,0,1155,1155,3894,3885,2764,n
VK0330,40744,20/07/2011,0,0.686111111,16:28:00,MR7,IW,F,n,1,3,6.5,7.2,7.2,7.5,2,7.6,1,NA,NA,0,0,201,2011,0.4,bold,2,1.333333333,0.666666667,0.105360516,3,3,0,1155,1155,3894,3885,2764,n
VL0057,41064,04/06/2012,0,0.740972222,17:47:00,F3,IW,F,y,1,1,1.8,1.8,1.8,2.5,26,8.5,1,2.7,7.3,0,0,156,2012,6.7,bold,1,1.333333333,-0.333333333,-1.974081026,3,3,0,1155,1155,3894,4018,2764,n
VK0054,40676,13/05/2011,1,0.377083333,9:03:00,LM5,JS,F,n,1,1,NA,7.3,7.3,7.4,NA,19.7,2,NA,NA,1,1,133,2011,12.4,bold,1,1.5,-0.5,-2.557227311,2,2,0,1155,1155,3895,3886,2764,n
VK0104,40684,21/05/2011,0,0.411805556,9:53:00,F4,IW,F,y,0,1,4,4,9.4,NA,NA,9.4,2,NA,NA,0,0,141,2011,5.4,bold,1,1,0,-1.774952351,3,3,0,1155,1155,3896,4573,2764,n
VK0128,40696,02/06/2011,0,0.303472222,7:17:00,F3,IW,M,y,0,1,2.4,3.5,5.2,5.2,16,6.1,1,NA,NA,0,0,153,2011,2.6,bold,1,1.5,-0.5,-1.131402111,4,3.5,0.5,1156,1156,3898,4048,3376,n
VK0331,40745,21/07/2011,0,0.342361111,8:13:00,LM1,IW,M,y,1,1,5.3,5.3,5.3,NA,NA,6,2,NA,NA,0,0,202,2011,0.7,bold,2,1.5,0.5,-0.182321557,3,3.5,-0.5,1156,1156,3898,3968,3376,n
VK0064,40677,14/05/2011,0,0.276388889,6:38:00,LM7,IW,F,y,1,1,1.7,1.7,1.7,4.3,2,4.4,1,NA,NA,1,1,134,2011,2.7,bold,1,1.428571429,-0.428571429,-1.16315081,3,3.5,-0.5,1157,1157,3902,3992,3365,n
VL0102,41072,12/06/2012,0,0.400694444,9:37:00,LM7,IW,F,y,1,1,2.6,2.6,2.6,3.4,7,7.3,1,1,0.3,0,0,164,2012,4.7,bold,1,1.428571429,-0.428571429,-1.648658626,3,3.5,-0.5,1157,1157,3902,4615,3365,n
VL0234,41112,22/07/2012,0,0.275694444,6:37:00,LM7,IW,F,y,1,1,1.8,1.8,1.8,3.1,2,3.2,1,0.4,3,0,0,204,2012,1.4,bold,2,1.428571429,0.571428571,-0.641853886,5,3.5,1.5,1157,1157,3902,4615,3365,n
VM0303,41440,15/06/2013,0,0.325,7:48:00,LM39,IW,F,y,1,1,3.5,3.6,3.6,4.3,3,4.6,1,0.6,1.9,0,0,166,2013,1,bold,2,1.428571429,0.571428571,-0.405465108,4,3.5,0.5,1157,1157,3902,4615,3365,n
VN0172,41777,18/05/2014,0,0.749305556,17:59:00,LM7,IW,F,y,1,1,2,2,2,18.1,6,19.6,1,3.4,0.2,0,0,138,2014,17.6,bold,1,1.428571429,-0.428571429,-2.895911938,2,3.5,-1.5,1157,1157,3902,4615,3365,n
VN0473,41811,21/06/2014,0,0.449305556,10:47:00,LM7,IW,F,y,1,1,1,1,1,8,10,10.9,1,1.6,2.3,0,0,172,2014,9.9,shy,2,1.428571429,0.571428571,-2.341805806,4,3.5,0.5,1157,1157,3902,4615,3365,n
VK0358,40752,28/07/2011,0,0.311111111,7:28:00,LM4,IW,F,n,1,3,5.4,5.4,5.4,5.5,14,8.5,1,NA,NA,1,1,209,2011,3.1,bold,1,1.428571429,-0.428571429,-1.280933845,3,2,1,1157,1157,3903,3965,3365,n
VL0176,41097,07/07/2012,0,0.357638889,8:35:00,LM38,IW,F,y,1,1,2.1,2.1,2.1,7.5,2,14.1,1,1.2,4.4,1,1,189,2012,12,bold,1,1.428571429,-0.428571429,-2.525728644,2,2,0,1157,1157,3903,4351,3365,n
VL0305,41133,12/08/2012,0,0.404861111,9:43:00,LM38,IW,F,y,1,1,1.9,6.5,6.5,15.1,10,15.9,1,10.5,5.5,0,0,225,2012,9.4,shy,2,1.428571429,0.571428571,-2.292534757,1,2,-1,1157,1157,3903,4351,3365,n
VM0238,41434,09/06/2013,0,0.275,6:36:00,LM4,IW,F,n,1,1,8.4,8.4,8.4,9,61,31.3,1,26,NA,0,0,160,2013,22.9,NA,1,1.428571429,-0.428571429,-3.152736022,2,2,0,1157,1157,3903,3965,3365,n
VK0030,40672,09/05/2011,0,0.510416667,12:15:00,LM19,JS,M,n,1,1,NA,2.4,2.4,4.4,NA,5.6,1,NA,NA,0,0,129,2011,3.2,bold,1,2.466666667,-1.466666667,-1.30833282,4,3.75,0.25,1163,1163,3913,3389,3386,n
VM0040,41405,11/05/2013,0,0.278472222,6:41:00,LM19,IW,M,n,1,1,1.1,1.1,1.1,2.2,5,3.2,1,0.8,NA,0,0,131,2013,2.1,bold,1,2.466666667,-1.466666667,-0.955511445,4,3.75,0.25,1163,1163,3913,4107,3386,n
VM0311,41441,16/06/2013,0,0.256944444,6:10:00,LM24,IW,M,n,1,1,25.6,25.6,25.6,NA,NA,25.7,2,0.4,0.4,0,0,167,2013,0.1,bold,2,2.466666667,-0.466666667,0.510825624,4,3.75,0.25,1163,1163,3913,4107,3386,n
VM0572,41482,27/07/2013,0,0.295138889,7:05:00,LM19,IW,M,n,1,1,0,0,0,NA,NA,0.8,1,2,0.2,0,0,208,2013,0.8,shy,3,2.466666667,0.533333333,-0.262364264,3,3.75,-0.75,1163,1163,3913,4107,3386,n
VK0378,40753,29/07/2011,0,0.375,9:00:00,W20,IW,F,y,1,1,9.1,9.1,9.1,NA,NA,9.1,1,NA,NA,1,1,210,2011,0,bold,1,1.333333333,-0.333333333,0.693147181,2,3,-1,1163,1163,3916,3743,3386,n
VL0211,41106,16/07/2012,0,0.353472222,8:29:00,F5,IW,F,y,1,1,1,1,1,1.1,20,34.1,1,4,1.6,1,1,198,2012,33.1,bold,1,1.333333333,-0.333333333,-3.514526067,4,3,1,1163,1163,3916,4029,3386,n
VK0096,40684,21/05/2011,0,0.401388889,9:38:00,C3,IW,M,n,0,1,15.3,15.3,15.5,15.5,4,15.7,1,NA,NA,0,0,141,2011,0.4,bold,1,1.625,-0.625,0.105360516,3,3.142857143,-0.142857143,1164,1164,3917,3989,3822,n
VK0300,40736,12/07/2011,0,0.286111111,6:52:00,C3,IW,M,n,0,3,1.5,1.5,1.5,1.6,4,1.7,1,NA,NA,0,0,193,2011,0.2,NA,2,1.625,0.375,0.356674944,1,3.142857143,-2.142857143,1164,1164,3917,3989,3822,n
VL0177,41097,07/07/2012,0,0.340277778,8:10:00,W3,IW,M,n,1,1,6.6,6.6,6.6,6.8,1,6.8,1,0.4,0.3,1,1,189,2012,0.2,shy,2,1.625,0.375,0.356674944,4,3.142857143,0.857142857,1164,1164,3917,3409,3822,n
VL0324,41136,15/08/2012,0,0.3125,7:30:00,W4,IW,M,y,1,1,1.9,1.9,1.9,NA,NA,2,1,0.6,0.3,0,0,228,2012,0.1,bold,3,1.625,1.375,0.510825624,4,3.142857143,0.857142857,1164,1164,3917,3409,3822,n
VM0230,41433,08/06/2013,0,0.5125,12:18:00,W4,IW,M,y,1,1,4,4,4,NA,NA,4.2,1,1.2,1.6,0,0,159,2013,0.2,bold,1,1.625,-0.625,0.356674944,4,3.142857143,0.857142857,1164,1164,3917,5339,3822,n
VN0044,41761,02/05/2014,0,0.323611111,7:46:00,W1,IW,M,n,1,1,4,4,4,10.3,2,30.6,2,1,0.8,1,1,122,2014,26.6,shy,1,1.625,-0.625,-3.299533728,2,3.142857143,-1.142857143,1164,1164,3917,5561,3822,n
VN0363,41800,10/06/2014,0,0.45625,10:57:00,W3,IW,M,n,1,1,2.9,2.9,2.9,NA,NA,3.4,1,0.5,0.4,0,0,161,2014,0.5,bold,2,1.625,0.375,0,4,3.142857143,0.857142857,1164,1164,3917,5561,3822,n
VK0058,40676,13/05/2011,0,0.447222222,10:44:00,W11,JS,F,n,1,1,NA,2.7,2.7,4.3,NA,4.3,1,NA,NA,1,1,133,2011,1.6,shy,1,1.5,-0.5,-0.741937345,3,3,0,1165,1165,3922,3429,3389,n
VK0377,40753,29/07/2011,0,0.359722222,8:38:00,W12,IW,F,n,1,1,9.1,9.1,9.1,9.2,2,9.4,1,NA,NA,0,0,210,2011,0.3,bold,2,1.5,0.5,0.223143551,3,3,0,1165,1165,3922,3429,3389,n
VK0055,40676,13/05/2011,0,0.379861111,9:07:00,LM12,IW,M,n,1,1,4,4,4,4,26,15.1,1,NA,NA,1,1,133,2011,11.1,shy,1,1,0,-2.451005098,2,2,0,1165,1165,3923,3934,3389,n
VK0008,40669,06/05/2011,1,0.257638889,6:11:00,F5,IW,M,n,0,1,43.7,45.3,47.1,47.1,21,54.6,2,NA,NA,0,0,126,2011,9.3,bold,1,1.5,-0.5,-2.282382386,3,3,0,1165,1165,3924,3888,3389,n
VK0284,40734,10/07/2011,0,0.472222222,11:20:00,ML4,IW,F,n,1,3,7.2,7.2,7.2,7.3,7,7.8,1,NA,NA,0,0,191,2011,0.6,shy,1,1,0,-0.09531018,2,2,0,1166,1166,3926,6070,3833,n
VK0078,40678,15/05/2011,0,0.419444444,10:04:00,S3,JS,M,n,1,1,NA,12.2,12.2,13.2,NA,15.2,2,NA,NA,0,0,135,2011,3,bold,1,1.5,-0.5,-1.252762968,2,2.5,-0.5,1167,1167,3929,3953,3847,n
VK0403,40761,06/08/2011,0,0.377777778,9:04:00,S3,IW,M,n,1,3,39.4,39.4,39.4,NA,NA,40,2,NA,NA,0,0,218,2011,0.6,bold,2,1.5,0.5,-0.09531018,3,2.5,0.5,1167,1167,3929,3953,3847,n
VK0055,40676,13/05/2011,0,0.379861111,9:07:00,LM12,IW,F,n,1,1,3.5,3.5,3.5,5.2,3,21.4,2,NA,NA,1,1,133,2011,17.9,bold,1,1,0,-2.912350665,2,2,0,NA,NA,3934,3923,3715,n
VK0404,40763,08/08/2011,0,0.319444444,7:40:00,LM41,IW,F,y,1,3,3,3,3,3,7,13.7,2,NA,NA,1,1,220,2011,10.7,bold,2,1.428571429,0.571428571,-2.415913778,3,3.333333333,-0.333333333,NA,NA,3939,3976,3715,n
VL0088,41070,10/06/2012,0,0.370833333,8:54:00,LM41,IW,F,y,1,1,2.6,2.6,2.6,2.7,10,13.8,2,3.7,0.9,0,0,162,2012,11.2,bold,1,1.428571429,-0.428571429,-2.459588842,3,3.333333333,-0.333333333,NA,NA,3939,4168,3715,n
VL0232,41111,21/07/2012,0,0.265972222,6:23:00,LM41,IW,F,y,1,1,2.4,2.4,2.4,4,1,4.5,1,15.8,5.7,0,0,203,2012,2.1,bold,2,1.428571429,0.571428571,-0.955511445,4,3.333333333,0.666666667,NA,NA,3939,4168,3715,n
VM0065,41408,14/05/2013,0,0.698611111,16:46:00,LM41,IW,F,y,1,1,5,5,5,5.1,16,6.1,1,53.9,NA,0,0,134,2013,1.1,bold,1,1.428571429,-0.428571429,-0.470003629,4,3.333333333,0.666666667,NA,NA,3939,4168,3715,n
VM0369,41450,25/06/2013,0,0.375694444,9:01:00,LM41,IW,F,y,1,1,1.2,1.2,1.2,1.9,2,12.8,2,6,0.1,0,0,176,2013,11.6,bold,2,1.428571429,0.571428571,-2.493205453,4,3.333333333,0.666666667,NA,NA,3939,4168,3715,n
VN0130,41771,12/05/2014,0,0.640972222,15:23:00,LM41,IW,F,y,1,1,4.8,4.8,4.8,5,7,5.4,1,12.1,8.3,0,0,132,2014,0.6,shy,1,1.428571429,-0.428571429,-0.09531018,2,3.333333333,-1.333333333,NA,NA,3939,4168,3715,n
VL0049,41061,01/06/2012,0,0.301388889,7:14:00,F6,IW,M,y,1,1,1.3,3.8,3.8,7.3,5,55.3,2,0.3,NA,1,2,153,2012,51.5,shy,1,1.714285714,-0.714285714,-3.951243719,2,2.666666667,-0.666666667,NA,NA,3949,4252,3207,n
VL0183,41098,08/07/2012,0,0.370138889,8:53:00,F6,IW,M,y,1,1,10.5,11.7,11.7,11.8,6,35.9,2,0.2,0.2,1,2,190,2012,24.2,bold,2,1.714285714,0.285714286,-3.206803244,2,2.666666667,-0.666666667,NA,NA,3949,4252,3207,n
VL0329,41137,16/08/2012,0,0.299305556,7:11:00,F6,IW,M,y,1,1,3.7,4.6,4.6,8.2,33,14.1,2,0.3,0.3,0,0,229,2012,9.5,bold,3,1.714285714,1.285714286,-2.302585093,4,2.666666667,1.333333333,NA,NA,3949,4252,3207,n
VK0270,40732,08/07/2011,0,0.401388889,9:38:00,W21,IW,F,y,1,1,3,3,3,3.1,9,3.6,1,NA,NA,0,0,189,2011,0.6,bold,1,1.4,-0.4,-0.09531018,3,3.5,-0.5,NA,NA,3950,3397,3207,n
VL0210,41106,16/07/2012,0,0.357638889,8:35:00,W21,IW,F,y,1,1,2.5,2.5,2.5,2.9,7,19.1,1,1,0.2,1,1,198,2012,16.6,shy,1,1.4,-0.4,-2.839078464,5,3.5,1.5,NA,NA,3950,3821,3207,n
VL0369,41145,24/08/2012,0,0.35,8:24:00,W21,IW,F,y,1,1,6.9,6.9,6.9,7.3,10,8.8,2,20.1,1.2,0,0,237,2012,1.9,bold,2,1.4,0.6,-0.875468737,3,3.5,-0.5,NA,NA,3950,3821,3207,n
VM0391,41453,28/06/2013,0,0.333333333,8:00:00,W21,IW,F,y,1,1,4.9,4.9,4.9,6.8,7,9,1,0.7,0.4,1,1,179,2013,4.1,bold,1,1.4,-0.4,-1.526056303,3,3.5,-0.5,NA,NA,3950,3821,3207,n
VK0078,40678,15/05/2011,0,0.419444444,10:04:00,S3,JS,F,n,1,1,NA,9.9,9.9,12.5,NA,12.8,1,NA,NA,0,0,135,2011,2.9,bold,1,1.5,-0.5,-1.223775432,2,2.5,-0.5,1173,1173,3953,3929,3745,n
VK0403,40761,06/08/2011,0,0.377777778,9:04:00,S3,IW,F,n,1,3,12.2,12.6,12.6,13.2,1,13.3,1,NA,NA,0,0,218,2011,0.7,bold,2,1.5,0.5,-0.182321557,3,2.5,0.5,1173,1173,3953,3929,3745,n
VK0358,40752,28/07/2011,0,0.311111111,7:28:00,LM4,IW,M,n,1,3,4.2,4.2,4.2,4.3,3,9.5,2,NA,NA,1,1,209,2011,5.3,bold,1,2.2,-1.2,-1.757857918,3,3,0,1176,1176,3965,3903,3846,n
VK0392,40757,02/08/2011,0,0.4,9:36:00,LM3,IW,F,n,1,3,6.7,6.7,6.9,7.9,3,10.6,1,NA,NA,0,0,214,2011,3.9,bold,1,1.625,-0.625,-1.481604541,4,2.375,1.625,1176,1176,3966,3796,3846,n
VL0092,41070,10/06/2012,0,0.368055556,8:50:00,LM3,IW,F,n,1,1,0.6,0.6,0.6,1.5,1,1.5,1,3.8,3.6,0,0,162,2012,0.9,bold,1,1.625,-0.625,-0.336472237,3,2.375,0.625,1176,1176,3966,3965,3846,n
VL0322,41136,15/08/2012,0,0.319444444,7:40:00,LM3,IW,F,n,1,1,4.2,4.2,4.2,4.3,7,10.8,1,1.9,0.5,0,0,228,2012,6.6,shy,2,1.625,0.375,-1.960094784,3,2.375,0.625,1176,1176,3966,3965,3846,n
VM0039,41405,11/05/2013,0,0.276388889,6:38:00,LM3,IW,F,n,1,1,1.4,1.4,1.4,1.5,5,5,1,14.7,29.6,0,0,131,2013,3.6,shy,1,1.625,-0.625,-1.410986974,1,2.375,-1.375,1176,1176,3966,3965,3846,n
VM0264,41437,12/06/2013,0,0.259722222,6:14:00,LM3,IW,F,n,1,1,1,1,1,1.5,2,1.9,1,6.7,10.1,0,0,163,2013,0.9,shy,2,1.625,0.375,-0.336472237,2,2.375,-0.375,1176,1176,3966,3965,3846,n
VM0497,41473,18/07/2013,0,0.404166667,9:42:00,LM3,IW,F,n,1,1,3.6,3.6,3.7,4.1,3,4.6,1,6.7,2.6,0,0,199,2013,1,shy,3,1.625,1.375,-0.405465108,1,2.375,-1.375,1176,1176,3966,3965,3846,n
VN0481,41812,22/06/2014,0,0.448611111,10:46:00,LM12,IW,F,n,1,1,4,4.5,4.5,4.9,3,5.7,1,1.2,0.6,0,0,173,2014,1.2,shy,1,1.625,-0.625,-0.530628251,3,2.375,0.625,1176,1176,3966,6059,3846,n
VN0764,41846,26/07/2014,0,0.2625,6:18:00,LM12,IW,F,n,1,1,4,4,4,4,5,7,1,0.4,0.8,0,0,207,2014,3,shy,2,1.625,0.375,-1.252762968,2,2.375,-0.375,1176,1176,3966,6059,3846,n
VK0331,40745,21/07/2011,0,0.342361111,8:13:00,LM1,IW,F,y,1,1,1.9,1.9,1.9,NA,NA,5.1,1,NA,NA,1,1,202,2011,3.2,bold,1,1.75,-0.75,-1.30833282,3,2.75,0.25,1176,1176,3968,3898,3846,n
VL0067,41067,07/06/2012,0,0.297916667,7:09:00,LM1,IW,F,y,1,1,1.6,1.6,1.6,NA,NA,1.8,1,1,1.4,0,0,159,2012,0.2,bold,1,1.75,-0.75,0.356674944,2,2.75,-0.75,1176,1176,3968,4423,3846,n
VL0191,41100,10/07/2012,0,0.424305556,10:11:00,W9,IW,F,n,1,1,3.1,3.1,3.1,4.9,14,10.8,1,24.2,2.7,0,0,192,2012,7.7,shy,2,1.75,0.25,-2.104134154,3,2.75,0.25,1176,1176,3968,4407,3846,n
VL0326,41136,15/08/2012,0,0.434722222,10:26:00,W11,IW,F,n,1,1,1.5,1.5,1.5,1.8,3,4.3,1,7.9,0.8,0,0,228,2012,2.8,shy,3,1.75,1.25,-1.193922468,3,2.75,0.25,1176,1176,3968,4407,3846,n
VK0298,40736,12/07/2011,0,0.379861111,9:07:00,ML3,IW,F,n,0,3,2.4,2.4,2.4,25.1,29,28.3,1,NA,NA,0,0,193,2011,25.9,shy,1,1.333333333,-0.333333333,-3.27336401,4,3.166666667,0.833333333,1177,1177,3970,3864,3409,n
VL0266,41122,01/08/2012,0,0.39375,9:27:00,W6,IW,F,n,0,1,2.3,2.3,2.9,3.1,10,6.9,1,0.9,0.6,0,0,214,2012,4.6,bold,1,1.333333333,-0.333333333,-1.62924054,3,3.166666667,-0.166666667,1177,1177,3970,4272,3409,n
VM0125,41422,28/05/2013,0,0.279861111,6:43:00,W6,IW,F,n,1,1,0.7,25.6,25.6,31.9,22,45.3,1,2.5,NA,0,0,148,2013,19.7,shy,1,1.333333333,-0.333333333,-3.005682604,2,3.166666667,-1.166666667,1177,1177,3970,4272,3409,n
VM0422,41461,06/07/2013,0,0.265277778,6:22:00,W6,IW,F,n,1,1,8.1,16.8,16.8,17,7,17.8,2,2.4,0.6,1,2,187,2013,1,bold,2,1.333333333,0.666666667,-0.405465108,5,3.166666667,1.833333333,1177,1177,3970,4272,3409,n
VN0203,41780,21/05/2014,0,0.294444444,7:04:00,W6,IW,F,n,1,1,2.2,7.5,7.5,17.1,15,20,1,1.2,6.3,0,0,141,2014,12.5,shy,1,1.333333333,-0.333333333,-2.564949357,2,3.166666667,-1.166666667,1177,1177,3970,5303,3409,n
VN0536,41817,27/06/2014,0,0.658333333,15:48:00,W6,IW,F,n,1,1,5.3,15.2,15.2,21.3,1,21.3,2,0.4,0.3,1,2,178,2014,6.1,bold,2,1.333333333,0.666666667,-1.887069649,3,3.166666667,-0.166666667,1177,1177,3970,5303,3409,n
VK0363,40752,28/07/2011,0,0.315972222,7:35:00,LM34,IW,F,n,1,3,0.7,0.7,0.7,9.5,8,11.4,2,NA,NA,1,1,209,2011,10.7,bold,2,1.428571429,0.571428571,-2.415913778,3,2.666666667,0.333333333,1177,1177,3972,3854,3409,n
VL0104,41072,12/06/2012,0,0.754166667,18:06:00,LM34,IW,F,n,1,1,0,0,0,18.9,15,42.7,1,5,NA,1,1,164,2012,42.7,shy,1,1.428571429,-0.428571429,-3.765840495,3,2.666666667,0.333333333,1177,1177,3972,3854,3409,n
VL0252,41116,26/07/2012,0,0.309722222,7:26:00,LM22,IW,F,n,1,1,3,3.2,3.2,4.6,23,14.5,1,8.5,11.6,0,0,208,2012,11.3,shy,2,1.428571429,0.571428571,-2.468099531,1,2.666666667,-1.666666667,1177,1177,3972,4472,3409,n
VM0201,41430,05/06/2013,0,0.260416667,6:15:00,LM11,IW,F,n,1,1,1.8,2,2,4.4,15,9.5,1,10.2,1.3,0,0,156,2013,7.5,shy,1,1.428571429,-0.428571429,-2.079441542,3,2.666666667,0.333333333,1177,1177,3972,4416,3409,n
VM0492,41471,16/07/2013,0,0.259027778,6:13:00,LM11,IW,F,n,1,1,2.4,2.4,2.4,5,13,6.2,1,1.3,1,0,0,197,2013,3.8,bold,2,1.428571429,0.571428571,-1.458615023,2,2.666666667,-0.666666667,1177,1177,3972,4416,3409,n
VN0588,41823,03/07/2014,0,0.484722222,11:38:00,LM11,IW,F,n,1,1,1,1.2,1.2,2.2,5,5.4,1,0.5,0.7,0,0,184,2014,4.2,bold,1,1.428571429,-0.428571429,-1.547562509,4,2.666666667,1.333333333,1177,1177,3972,4416,3409,n
VK0066,40677,14/05/2011,0,0.28125,6:45:00,LM36,IW,F,n,1,1,3.2,3.2,3.2,3.4,14,4.8,1,NA,NA,0,0,134,2011,1.6,bold,1,1,0,-0.741937345,4,4,0,1177,1177,3973,3994,3409,n
VK0057,40676,13/05/2011,0,0.442361111,10:37:00,W1,IW,F,n,1,1,0.6,0.6,0.6,12.9,38,33.4,1,NA,NA,0,0,133,2011,32.8,shy,1,1.5,-0.5,-3.505557397,2,2.5,-0.5,1180,1180,3975,3784,3589,n
VK0366,40752,28/07/2011,0,0.470138889,11:17:00,W2,IW,F,n,1,3,3.7,12.5,38.2,NA,NA,44.8,2,NA,NA,1,1,209,2011,32.3,bold,2,1.5,0.5,-3.490428515,3,2.5,0.5,1180,1180,3975,3784,3589,n
VK0404,40763,08/08/2011,0,0.319444444,7:40:00,LM41,IW,M,y,1,3,2.8,2.8,2.8,2.9,10,8.5,1,NA,NA,0,0,220,2011,5.7,shy,2,1.5,0.5,-1.824549292,3,3,0,1180,1180,3976,3939,3589,n
VK0113,40691,28/05/2011,0,0.400694444,9:37:00,W8,IW,F,n,1,1,6,6,6,6,29,25.3,1,NA,NA,0,0,148,2011,19.3,shy,1,1.5,-0.5,-2.985681938,2,2,0,1180,1180,3977,4043,3589,y
VK0268,40732,08/07/2011,0,0.398611111,9:34:00,W8,IW,F,n,1,1,2.3,2.3,2.4,2.8,6,4,1,NA,NA,0,0,189,2011,1.7,shy,2,1.5,0.5,-0.78845736,2,2,0,1180,1180,3977,3387,3589,y
VK0123,40695,01/06/2011,0,0.326388889,7:50:00,LM6,IW,F,n,1,1,5.8,5.8,5.8,NA,NA,5.8,2,NA,NA,0,0,152,2011,0,bold,1,1.666666667,-0.666666667,0.693147181,2,2.5,-0.5,1180,1180,3978,3991,3589,y
VL0344,41141,20/08/2012,0,0.296527778,7:07:00,LM19,IW,F,n,1,1,0.9,0.9,0.9,26.4,6,39.1,2,4.1,1.9,0,0,233,2012,38.2,bold,3,1.666666667,1.333333333,-3.6558396,4,2.5,1.5,1180,1180,3978,3913,3589,n
VN0225,41782,23/05/2014,0,0.355555556,8:32:00,LM6,IW,F,n,1,1,3.2,3.2,3.2,26.3,4,28,2,1,4.6,1,2,143,2014,24.8,bold,1,1.666666667,-0.666666667,-3.230804396,2,2.5,-0.5,1180,1180,3978,6059,3589,n
VN0568,41820,30/06/2014,0,0.440277778,10:34:00,LM6,IW,F,n,1,1,1.4,1.4,1.4,19.3,9,29.4,1,30.6,NA,0,0,181,2014,28,shy,2,1.666666667,0.333333333,-3.349904087,2,2.5,-0.5,1180,1180,3978,6059,3589,n
VM0181,41427,02/06/2013,0,0.527777778,12:40:00,F2,IW,F,n,1,1,3.4,3.4,3.4,8.2,22,19.5,2,0.5,1.3,0,0,153,2013,16.1,shy,1,1.333333333,-0.333333333,-2.809402695,4,2.5,1.5,1181,1181,3979,4106,3365,n
VN0684,41834,14/07/2014,0,0.226388889,5:26:00,F1,IW,F,n,1,1,5.1,5.1,5.1,17.3,7,18.2,1,4,1.1,1,1,195,2014,13.1,shy,2,1.333333333,0.666666667,-2.610069793,1,2.5,-1.5,1181,1181,3979,4106,3365,n
VK0255,40723,29/06/2011,0,0.406944444,9:46:00,MM6,IW,F,n,1,3,6.9,6.9,6.9,24.5,31,39.4,1,NA,NA,0,0,180,2011,32.5,shy,1,1,0,-3.496507561,3,3,0,1184,1184,3986,NA,2841,n
VK0096,40684,21/05/2011,0,0.401388889,9:38:00,C3,IW,F,n,0,1,13.8,13.8,14.6,15.1,2,15.9,2,NA,NA,0,0,141,2011,2.1,bold,1,1.5,-0.5,-0.955511445,3,3,0,1185,1185,3989,3917,3833,n
VK0123,40695,01/06/2011,0,0.326388889,7:50:00,LM6,IW,M,n,1,1,1.7,1.7,1.7,1.8,14,5.4,1,NA,NA,0,0,152,2011,3.7,bold,1,2.111111111,-1.111111111,-1.435084525,2,2.333333333,-0.333333333,1185,1185,3991,3978,3833,n
VK0286,40735,11/07/2011,0,0.34375,8:15:00,LM11,IW,M,n,1,3,2.8,2.8,2.8,3.5,8,5.5,1,NA,NA,0,0,192,2011,2.7,shy,2,2.111111111,-0.111111111,-1.16315081,3,2.333333333,0.666666667,1185,1185,3991,3978,3833,n
VM0561,41481,26/07/2013,0,0.270138889,6:29:00,LM9,IW,M,y,1,1,2,2,2,8.1,16,22.5,2,1.2,4.8,1,2,207,2013,20.5,shy,3,2.111111111,0.888888889,-3.044522438,2,2.333333333,-0.333333333,1185,1185,3991,3822,3833,n
VK0064,40677,14/05/2011,0,0.276388889,6:38:00,LM7,IW,M,y,1,1,12.9,12.9,13.3,14.1,10,15.5,2,NA,NA,1,1,134,2011,2.6,bold,1,1,0,-1.131402111,3,3,0,1187,1187,3992,3902,2764,n
VK0066,40677,14/05/2011,0,0.28125,6:45:00,LM36,IW,M,n,1,1,7.6,7.6,7.6,7.7,11,13.1,2,NA,NA,0,0,134,2011,5.5,bold,1,1,0,-1.791759469,4,4,0,1187,1187,3994,3973,2764,n
VK0411,40766,11/08/2011,0,0.360416667,8:39:00,W10,IW,F,y,1,3,8.2,8.2,8.2,10.2,1,10.3,1,NA,NA,0,0,223,2011,2.1,shy,1,1,0,-0.955511445,3,3,0,NA,NA,3999,3387,3700,n
VK0368,40752,28/07/2011,0,0.409722222,9:50:00,W19,IW,F,y,1,3,1.6,1.6,1.6,1.7,12,4.9,2,NA,NA,0,0,209,2011,3.3,bold,1,1,0,-1.335001067,1,1,0,1189,1189,4002,NA,3403,n
VK0124,40695,01/06/2011,0,0.321527778,7:43:00,LM20,IW,M,y,1,1,6.9,7.2,7.2,7.4,6,18.3,2,NA,NA,0,0,152,2011,11.1,bold,1,1.5,-0.5,-2.451005098,3,3,0,1190,1190,4003,4034,3834,n
VK0273,40733,09/07/2011,0,0.343055556,8:14:00,LM14,IW,M,y,0,1,2.5,2.5,2.5,2.5,3,3,2,NA,NA,0,0,190,2011,0.5,bold,2,1.5,0.5,0,3,3,0,1190,1190,4003,4034,3834,n
VL0012,41050,21/05/2012,0,0.367361111,8:49:00,LM17,IW,F,n,1,1,16.6,16.6,16.6,16.6,8,18.2,1,6.9,10.3,1,1,142,2012,1.6,shy,1,2.2,-1.2,-0.741937345,1,2.3,-1.3,1191,1191,4007,4444,3798,n
VL0118,41078,18/06/2012,0,0.238888889,5:44:00,LM23,IW,F,n,1,1,2.2,2.4,2.4,3,3,5.6,1,20,0.2,0,0,170,2012,3.2,shy,2,2.2,-0.2,-1.30833282,3,2.3,0.7,1191,1191,4007,4444,3798,n
VL0240,41113,23/07/2012,0,0.388888889,9:20:00,LM17,IW,F,n,1,1,4.1,4.1,4.1,5.2,2,5.3,1,4.7,10.5,0,0,205,2012,1.2,shy,3,2.2,0.8,-0.530628251,4,2.3,1.7,1191,1191,4007,4444,3798,n
VL0376,41147,26/08/2012,0,0.306944444,7:22:00,LM23,IW,F,n,1,1,0.7,1.5,1.5,1.6,1,1.6,1,3.1,0.3,0,0,239,2012,0.1,bold,4,2.2,1.8,0.510825624,3,2.3,0.7,1191,1191,4007,4444,3798,n
VM0177,41427,02/06/2013,0,0.30625,7:21:00,LM23,IW,F,n,1,1,1.5,1,1.5,4.6,3,4.8,1,16.5,10.1,0,0,153,2013,3.8,shy,1,2.2,-1.2,-1.458615023,1,2.3,-1.3,1191,1191,4007,4444,3798,y
VM0397,41454,29/06/2013,0,0.375,9:00:00,LM17,IW,F,n,1,1,1.8,1.8,1.8,NA,NA,2.3,1,7.9,1.4,0,0,180,2013,0.5,shy,2,2.2,-0.2,2.22E-16,1,2.3,-1.3,1191,1191,4007,4444,3798,n
VM0622,41488,02/08/2013,0,0.289583333,6:57:00,LM23,IW,F,n,1,1,0.6,0.6,0.6,5.7,4,6.9,1,4.5,13.2,0,0,214,2013,6.3,NA,3,2.2,0.8,-1.916922612,1,2.3,-1.3,1191,1191,4007,4444,3798,n
VN0227,41782,23/05/2014,0,0.352083333,8:27:00,LM23,IW,F,n,1,1,1.8,1.8,1.8,8.9,3,9.8,1,10.8,2.5,0,0,143,2014,8,shy,1,2.2,-1.2,-2.140066163,4,2.3,1.7,1191,1191,4007,NA,3798,n
VN0558,41819,29/06/2014,0,0.442361111,10:37:00,LM23,IW,F,n,1,1,0.8,0.8,0.8,5.8,4,7.5,1,1.8,2,0,0,180,2014,6.7,shy,2,2.2,-0.2,-1.974081026,2,2.3,-0.3,1191,1191,4007,3913,3798,n
VN0810,41853,02/08/2014,0,0.263194444,6:19:00,LM23,IW,F,n,1,1,2.2,2.2,2.2,NA,NA,2.9,1,3.6,2.3,0,0,214,2014,0.7,shy,3,2.2,0.8,-0.182321557,3,2.3,0.7,1191,1191,4007,3913,3798,n
VK0049,40675,12/05/2011,0,0.416666667,10:00:00,W7,JS,F,n,1,1,NA,5.7,7.2,37.6,NA,37.6,2,NA,NA,1,2,132,2011,31.9,shy,1,1,0,-3.478158423,3,3,0,1192,1192,4009,3811,3745,n
VK0346,40749,25/07/2011,0,0.347222222,8:20:00,W5,IW,F,n,1,1,6.2,21.1,21.2,23,2,23.2,2,NA,NA,0,0,206,2011,2.1,shy,2,1.8,0.2,-0.955511445,2,3,-1,1195,1195,4014,4025,3386,n
VL0206,41105,15/07/2012,0,0.341666667,8:12:00,W23,IW,F,y,1,1,3.2,3.2,3.2,6,2,6.2,2,0.6,0.4,1,1,197,2012,3,bold,2,1.8,0.2,-1.252762968,3,3,0,1195,1195,4014,3810,3386,n
VL0370,41145,24/08/2012,0,0.473611111,11:22:00,W23,IW,F,y,1,1,12.7,12.7,12.7,12.8,2,18,2,0.2,0.2,0,0,237,2012,5.3,bold,3,1.8,1.2,-1.757857918,4,3,1,1195,1195,4014,3810,3386,n
VK0065,40677,14/05/2011,0,0.284027778,6:49:00,LM29,IW,F,n,1,1,1.5,1.5,1.5,2.8,2,2.9,1,NA,NA,0,0,134,2011,1.4,bold,1,1,0,-0.641853886,4,4,0,1196,1196,4017,3854,3790,n
VL0057,41064,04/06/2012,0,0.740972222,17:47:00,F3,IW,M,y,1,1,1.3,1.3,1.3,2.8,18,9.6,2,1.6,1.8,0,0,156,2012,8.3,shy,1,1.4,-0.4,-2.174751721,3,2.6,0.4,1197,1197,4018,3894,3820,n
VL0251,41115,25/07/2012,0,0.279861111,6:43:00,F3,IW,M,y,1,1,3.2,3.2,4.9,11.5,15,20.4,2,20.3,0.5,0,0,207,2012,17.2,shy,2,1.4,0.6,-2.87356464,2,2.6,-0.6,1197,1197,4018,5067,3820,n
VM0209,41430,05/06/2013,0,0.356944444,8:34:00,F3,IW,M,y,1,1,0.6,0.6,0.6,16.8,7,17.3,1,27,NA,1,1,156,2013,16.7,NA,1,1.4,-0.4,-2.844909384,2,2.6,-0.6,1197,1197,4018,4048,3820,n
VN0182,41778,19/05/2014,0,0.225,5:24:00,F3,IW,M,y,1,1,7.4,38.9,38.9,41.1,1,41.1,2,0.2,0.1,0,0,139,2014,2.2,shy,1,1.4,-0.4,-0.993251773,2,2.6,-0.6,1197,1197,4018,5435,3820,n
VN0542,41817,27/06/2014,0,0.476388889,11:26:00,F3,IW,M,y,1,1,3.1,9.5,9.5,NA,NA,9.6,2,0.6,0.2,0,0,178,2014,0.1,bold,2,1.4,0.6,0.510825624,4,2.6,1.4,1197,1197,4018,5435,3820,n
VK0346,40749,25/07/2011,0,0.347222222,8:20:00,W5,IW,M,n,1,1,3.1,3.3,5.8,8.6,11,20.3,1,NA,NA,0,0,206,2011,17,bold,1,1,0,-2.862200881,2,2,0,NA,NA,4025,4014,3827,n
VK0253,40722,28/06/2011,0,0.381944444,9:10:00,MR10,IW,F,n,0,3,15.7,27.5,27.5,NA,NA,31,2,NA,NA,1,2,179,2011,3.5,bold,1,1,0,-1.386294361,4,4,0,NA,NA,4027,4028,3712,n
VK0253,40722,28/06/2011,0,0.381944444,9:10:00,MR10,IW,M,n,0,3,14.6,14.6,14.6,14.7,2,15.3,1,NA,NA,0,0,179,2011,0.7,bold,1,1,0,-0.182321557,4,4,0,NA,NA,4028,4027,3393,n
VL0211,41106,16/07/2012,0,0.353472222,8:29:00,F5,IW,M,y,1,1,28.5,28.5,28.8,28.8,33,38.7,2,0.2,0.2,1,1,198,2012,10.2,shy,1,1.5,-0.5,-2.370243741,4,4,0,NA,NA,4029,3916,6104,n
VK0124,40695,01/06/2011,0,0.321527778,7:43:00,LM20,IW,F,y,1,1,4.1,4.2,4.2,7.1,6,7.5,1,NA,NA,1,1,152,2011,3.3,bold,1,1.5,-0.5,-1.335001067,3,3,0,1151,1151,4034,4003,3745,n
VK0273,40733,09/07/2011,0,0.343055556,8:14:00,LM14,IW,F,y,0,1,2.2,2.2,2.2,NA,NA,2.4,1,NA,NA,0,0,190,2011,0.2,bold,2,1.5,0.5,0.356674944,3,3,0,1151,1151,4034,4003,3745,n
VK0113,40691,28/05/2011,0,0.400694444,9:37:00,W8,IW,M,n,1,1,6,6,6.5,6.6,10,31.7,2,NA,NA,0,0,148,2011,25.7,shy,1,1,0,-3.265759411,2,2,0,NA,NA,4043,3977,3393,n
VK0149,40702,08/06/2011,0,0.300694444,7:13:00,LM13,IW,F,y,1,1,4.4,4.4,4.4,5.3,3,23,2,NA,NA,1,1,159,2011,18.6,bold,1,1.5,-0.5,-2.949688335,4,3,1,NA,NA,4047,NA,3393,n
VK0343,40748,24/07/2011,0,0.363888889,8:44:00,LM13,IW,F,y,1,3,2.2,2.2,2.2,2.2,6,5.6,1,NA,NA,1,1,205,2011,3.4,bold,2,1.5,0.5,-1.360976553,2,3,-1,NA,NA,4047,NA,3393,n
VK0128,40696,02/06/2011,0,0.303472222,7:17:00,F3,IW,F,y,0,1,6.8,11.9,11.9,12.1,3,12.5,2,NA,NA,0,0,153,2011,0.6,bold,1,1.4,-0.4,-0.09531018,4,3,1,NA,NA,4048,3898,3820,n
VL0075,41068,08/06/2012,0,0.676388889,16:14:00,F4,IW,F,y,1,1,1.5,1.5,1.5,NA,NA,1.6,1,0.8,1.3,0,0,160,2012,0.1,bold,1,1.4,-0.4,0.510825624,3,3,0,NA,NA,4048,4573,3820,n
VL0228,41110,20/07/2012,0,0.431944444,10:22:00,F4,IW,F,y,1,1,4.2,17.6,17.6,31,8,31.9,2,0.6,0.4,1,2,202,2012,14.3,shy,2,1.4,0.6,-2.694627181,2,3,-1,NA,NA,4048,4573,3820,n
VL0372,41145,24/08/2012,0,0.300694444,7:13:00,S1,IW,F,n,1,1,5.9,5.9,5.9,6.1,16,12.9,1,15.7,11.1,0,0,237,2012,7,shy,2,1.8,0.2,-2.014903021,3,2,1,1204,1204,4064,3793,3719,n
VM0037,41404,10/05/2013,0,0.289583333,6:57:00,S1,IW,F,n,1,1,2.4,2.4,2.4,8.7,15,21.3,1,58.7,NA,1,1,130,2013,18.9,shy,1,1.8,-0.8,-2.965273066,1,2,-1,1204,1204,4064,3793,3719,n
VM0326,41442,17/06/2013,0,0.625,15:00:00,S1,IW,F,n,1,1,11.2,16.7,16.7,20.3,4,20.7,1,21.1,4.5,1,1,168,2013,4,shy,2,1.8,0.2,-1.504077397,2,2,0,1204,1204,4064,3793,3719,n
VM0592,41483,28/07/2013,0,0.483333333,11:36:00,S1,IW,F,n,1,1,2.9,2.9,2.9,NA,NA,3.2,1,0.7,0.2,0,0,209,2013,0.3,NA,3,1.8,1.2,0.223143551,2,2,0,1204,1204,4064,3793,3719,n
VL0180,41097,07/07/2012,0,0.722222222,17:20:00,MM1,IW,M,n,1,1,3.7,6,6,34,1,34,2,0.5,0.2,0,0,189,2012,28,bold,1,1.5,-0.5,-3.349904087,3,3,0,1208,1208,4078,4101,2764,n
VL0180,41097,07/07/2012,0,0.722222222,17:20:00,MM1,IW,F,n,1,1,4,4,4,4.3,10,5.9,1,0.4,0.4,0,0,189,2012,1.9,shy,1,1.5,-0.5,-0.875468737,3,3,0,1215,1215,4101,4078,3833,n
VL0349,41141,20/08/2012,0,0.448611111,10:46:00,MM1,IW,F,n,1,1,13.9,13.9,13.9,14.5,31,32,1,10.5,NA,0,0,233,2012,18.1,shy,2,1.5,0.5,-2.923161581,3,3,0,1215,1215,4101,4078,3833,n
VM0181,41427,02/06/2013,0,0.527777778,12:40:00,F2,IW,M,n,1,1,1.8,1.8,1.8,13.5,17,18.4,1,1.4,0.6,0,0,153,2013,16.6,shy,1,1,0,-2.839078464,4,4,0,1216,1216,4106,3979,3972,n
VL0208,41107,17/07/2012,0,0.283333333,6:48:00,LM24,IW,F,n,1,1,4.5,4.5,4.5,5.4,1,5.5,1,1.3,0.3,1,1,199,2012,1,bold,2,2,0,-0.405465108,3,3.5,-0.5,1216,1216,4107,3913,3972,n
VM0040,41405,11/05/2013,0,0.278472222,6:41:00,LM19,IW,F,n,1,1,6.2,6.2,6.2,8.3,3,9.6,2,6.3,0.8,0,0,131,2013,3.4,bold,1,2,-1,-1.360976553,4,3.5,0.5,1216,1216,4107,3913,3972,n
VM0311,41441,16/06/2013,0,0.256944444,6:10:00,LM24,IW,F,n,1,1,5.3,5.3,5.3,5.3,1,5.3,1,9.5,1.8,0,0,167,2013,0,bold,2,2,0,0.693147181,4,3.5,0.5,1216,1216,4107,3913,3972,n
VM0572,41482,27/07/2013,0,0.295138889,7:05:00,LM19,IW,F,n,1,1,0.1,0.1,0.1,28,2,28.4,2,0.2,0.3,1,1,208,2013,28.3,bold,3,2,1,-3.360375387,3,3.5,-0.5,1216,1216,4107,3913,3972,n
VL0137,41087,27/06/2012,0,0.604166667,14:30:00,W25,IW,M,y,1,1,6.4,6.4,6.4,6.4,2,6.6,2,1.5,4.6,0,0,179,2012,0.2,bold,1,1.714285714,-0.714285714,0.356674944,2,2.714285714,-0.714285714,1230,1230,4161,4575,3430,n
VL0278,41126,05/08/2012,0,0.425694444,10:13:00,W26,IW,M,n,1,1,10.4,11.2,11.2,11.2,13,15.5,2,4.4,0.5,1,1,218,2012,4.3,bold,2,1.714285714,0.285714286,-1.568615918,4,2.714285714,1.285714286,1230,1230,4161,4575,3430,n
VM0292,41439,14/06/2013,0,0.518055556,12:26:00,W26,IW,M,n,1,1,3.2,3.4,3.4,45.9,4,46.8,2,2,6.2,1,2,165,2013,43.4,bold,1,1.714285714,-0.714285714,-3.78191432,1,2.714285714,-1.714285714,1230,1230,4161,4575,3430,n
VM0538,41478,23/07/2013,0,0.290972222,6:59:00,W25,IW,M,y,1,1,4,4,4,4.1,3,4.7,2,5.1,0.3,0,0,204,2013,0.7,bold,2,1.714285714,0.285714286,-0.182321557,4,2.714285714,1.285714286,1230,1230,4161,4575,3430,n
VN0232,41782,23/05/2014,0,0.497916667,11:57:00,W26,IW,M,n,1,1,4.8,4.8,4.8,8.1,4,8.5,1,0.8,2.1,0,0,143,2014,3.7,bold,1,1.714285714,-0.714285714,-1.435084525,2,2.714285714,-0.714285714,1230,1230,4161,4575,3430,n
VN0540,41817,27/06/2014,0,0.607638889,14:35:00,W25,IW,M,y,1,1,1.9,2,2,3,2,3.7,2,1.4,0.2,1,2,178,2014,1.7,bold,2,1.714285714,0.285714286,-0.78845736,3,2.714285714,0.285714286,1230,1230,4161,4575,3430,n
VN0814,41853,02/08/2014,0,0.338194444,8:07:00,W25,IW,M,y,1,1,8.1,8.1,8.1,50.9,2,50.9,2,0.2,NA,1,2,214,2014,42.8,bold,3,1.714285714,1.285714286,-3.768152635,3,2.714285714,0.285714286,1230,1230,4161,4575,3430,n
VL0088,41070,10/06/2012,0,0.370833333,8:54:00,LM41,IW,M,y,1,1,4.4,4.4,4.4,8.4,20,11.9,1,1.9,1.5,0,0,162,2012,7.5,shy,1,1.714285714,-0.714285714,-2.079441542,3,3.5,-0.5,1231,1231,4168,3939,3820,n
VL0232,41111,21/07/2012,0,0.265972222,6:23:00,LM41,IW,M,y,1,1,2.3,2.3,2.3,2.8,14,5.2,2,8.4,2.7,0,0,203,2012,2.9,bold,2,1.714285714,0.285714286,-1.223775432,4,3.5,0.5,1231,1231,4168,3939,3820,n
VM0065,41408,14/05/2013,0,0.698611111,16:46:00,LM41,IW,M,y,1,1,10,10.1,10.1,11.9,21,15,2,45,NA,0,0,134,2013,4.9,bold,1,1.714285714,-0.714285714,-1.686398954,4,3.5,0.5,1231,1231,4168,3939,3820,n
VM0369,41450,25/06/2013,0,0.375694444,9:01:00,LM41,IW,M,y,1,1,1.5,1.5,1.5,5,4,5.4,1,0.5,0.2,0,0,176,2013,3.9,shy,2,1.714285714,0.285714286,-1.481604541,4,3.5,0.5,1231,1231,4168,3939,3820,n
VM0587,41483,28/07/2013,0,0.522222222,12:32:00,LM41,IW,M,y,1,1,1,1,1,9.4,7,29.9,2,0.6,0.5,1,2,209,2013,28.9,bold,3,1.714285714,1.285714286,-3.380994674,2,3.5,-1.5,1231,1231,4168,5207,3820,n
VN0623,41827,07/07/2014,0,0.783333333,18:48:00,LM41,IW,M,y,1,1,2.9,2.9,2.9,3.5,12,8.5,2,0.1,0.1,0,0,188,2014,5.6,bold,2,1.714285714,0.285714286,-1.808288771,4,3.5,0.5,1231,1231,4168,5207,3820,n
VL0178,41097,07/07/2012,0,0.342361111,8:13:00,W8,IW,F,n,1,1,1,1.1,1.1,1.8,14,3,1,0.6,0.2,1,1,189,2012,1.9,bold,1,1.5,-0.5,-0.875468737,3,3.75,-0.75,1236,1236,4180,3844,3827,n
VL0325,41136,15/08/2012,0,0.434027778,10:25:00,W8,IW,F,n,1,1,2.5,3.4,3.4,6.1,67,25.8,1,0.9,0.4,0,0,228,2012,22.4,shy,2,1.5,0.5,-3.131136911,5,3.75,1.25,1236,1236,4180,3844,3827,n
VM0313,41441,16/06/2013,0,0.372916667,8:57:00,W8,IW,F,n,1,1,10.8,10.8,10.8,22.1,21,23.8,2,2.2,3.4,1,2,167,2013,13,bold,1,1.5,-0.5,-2.602689685,3,3.75,-0.75,1236,1236,4180,3844,3827,n
VN0716,41838,18/07/2014,0,0.455555556,10:56:00,W8,IW,F,n,1,1,17.6,17.7,17.7,36.4,16,41.9,1,2.4,0.4,0,0,199,2014,24.2,NA,2,1.5,0.5,-3.206803244,4,3.75,0.25,1236,1236,4180,3844,3827,n
VM0126,41422,28/05/2013,0,0.279166667,6:42:00,W9,IW,M,n,1,1,4.9,4.9,4.9,7.9,12,19,1,6.7,6.2,0,0,148,2013,14.1,shy,1,1.5,-0.5,-2.681021529,1,2.333333333,-1.333333333,1238,1238,4188,5321,3999,n
VM0509,41473,18/07/2013,0,0.43125,10:21:00,W10,IW,M,y,1,1,1.8,1.8,1.8,1.9,6,3.1,1,6.6,0.3,0,0,199,2013,1.3,bold,2,1.5,0.5,-0.587786665,3,2.333333333,0.666666667,1238,1238,4188,5339,3999,n
VN0190,41779,20/05/2014,0,0.249305556,5:59:00,W10,IW,M,y,1,1,2.3,2.3,2.3,3.2,11,12.1,1,1.8,0.6,0,0,140,2014,9.8,bold,1,1.5,-0.5,-2.332143895,3,2.333333333,0.666666667,1238,1238,4188,5339,3999,n
VM0361,41448,23/06/2013,0,0.267361111,6:25:00,F10,IW,M,n,1,1,1.8,1.8,1.8,4.1,70,31.8,2,0.4,0.5,0,0,174,2013,30,bold,1,1.5,-0.5,-3.417726684,2,2,0,1247,1247,4218,5441,3386,n
VL0076,41068,08/06/2012,0,0.673611111,16:10:00,F7,IW,F,y,1,1,5.2,5.2,5.2,NA,NA,7.1,2,0.8,0.2,0,0,160,2012,1.9,bold,1,2,-1,-0.875468737,2,3.25,-1.25,1252,1254,4242,3153,3822,n
VL0219,41108,18/07/2012,0,0.409722222,9:50:00,F7,IW,F,y,1,1,8.4,8.4,8.4,15.2,10,16.7,1,0.4,1.9,1,1,200,2012,8.3,shy,2,2,0,-2.174751721,3,3.25,-0.25,1252,1254,4242,3153,3822,n
VL0358,41143,22/08/2012,0,0.275694444,6:37:00,F7,IW,F,y,1,1,30.4,30.4,30.4,30.8,2,30.9,2,0.2,0.8,0,0,235,2012,0.5,bold,3,2,1,0,2,3.25,-1.25,1252,1254,4242,3153,3822,n
VM0056,41407,13/05/2013,0,0.286805556,6:53:00,F7,IW,F,y,1,1,3.6,3.6,3.6,13.9,15,29.4,2,1,0.9,1,2,133,2013,25.8,bold,1,2,-1,-3.269568939,4,3.25,0.75,1252,1254,4242,3153,3822,n
VM0352,41447,22/06/2013,0,0.2375,5:42:00,F7,IW,F,y,1,1,4.4,4.4,4.4,27.5,12,30.5,2,2.6,0.4,0,0,173,2013,26.1,bold,2,2,0,-3.280911216,4,3.25,0.75,1252,1254,4242,3153,3822,n
VN0062,41763,04/05/2014,0,0.274305556,6:35:00,F7,IW,F,y,1,1,8.7,8.7,10.2,10.4,17,24.2,1,17,0.7,0,0,124,2014,15.5,shy,1,2,-1,-2.772588722,5,3.25,1.75,1252,1254,4242,3153,3822,n
VN0404,41803,13/06/2014,0,0.2125,5:06:00,F7,IW,F,y,1,1,25.2,32.8,32.8,43.2,5,46.1,2,1.4,1.5,1,2,164,2014,13.3,shy,2,2,0,-2.624668592,3,3.25,-0.25,1252,1254,4242,3153,3822,n
VN0712,41837,17/07/2014,0,0.434722222,10:26:00,F7,IW,F,y,1,1,5,5,5,5.1,8,8,2,0.4,0.4,1,1,198,2014,3,bold,3,2,1,-1.252762968,3,3.25,-0.25,1252,1254,4242,3153,3822,n
VL0049,41061,01/06/2012,0,0.301388889,7:14:00,F6,IW,F,y,1,1,1.2,1.4,1.4,4.3,32,22,1,5.5,1.4,0,0,153,2012,20.6,shy,1,1.875,-0.875,-3.04927304,2,2.833333333,-0.833333333,1256,1256,4252,3949,3589,n
VL0183,41098,08/07/2012,0,0.370138889,8:53:00,F6,IW,F,y,1,1,7.3,7.4,7.4,9.7,10,11,1,0.6,1.3,0,0,190,2012,3.6,shy,2,1.875,0.125,-1.410986974,2,2.833333333,-0.833333333,1256,1256,4252,3949,3589,n
VL0329,41137,16/08/2012,0,0.299305556,7:11:00,F6,IW,F,y,1,1,1.2,1.3,1.3,2.1,8,3.5,1,0.8,0.2,0,0,229,2012,2.2,bold,3,1.875,1.125,-0.993251773,4,2.833333333,1.166666667,1256,1256,4252,3949,3589,n
VM0630,41490,04/08/2013,0,0.526388889,12:38:00,F6,IW,F,y,1,1,1.1,1.1,1.1,13.3,22,20.7,1,11.6,0.4,0,0,216,2013,19.6,NA,2,1.875,0.125,-3.000719815,1,2.833333333,-1.833333333,1256,1256,4252,3949,3589,n
VN0019,41755,26/04/2014,0,0.386111111,9:16:00,F6,IW,F,y,1,1,1.3,2,2,12.9,11,14.5,1,6,0.2,0,0,116,2014,12.5,NA,1,1.875,-0.875,-2.564949357,3,2.833333333,0.166666667,1256,1256,4252,3949,3589,n
VN0647,41830,10/07/2014,0,0.286111111,6:52:00,LM2,IW,F,y,1,1,1.1,1.1,1.1,3.3,3,3.6,1,0.6,0.4,0,0,191,2014,2.5,shy,3,1.875,1.125,-1.098612289,5,2.833333333,2.166666667,1256,1256,4252,5762,3589,n
VM0293,41439,14/06/2013,0,0.466666667,11:12:00,R2,IW,M,n,1,1,4.8,4.8,4.8,5,16,10.9,1,47.6,NA,0,0,165,2013,6.1,shy,1,1.333333333,-0.333333333,-1.887069649,4,3.666666667,0.333333333,1259,1260,4269,5189,3888,n
VM0551,41479,24/07/2013,0,0.26875,6:27:00,R2,IW,M,n,1,1,1.3,1.3,1.3,2.5,14,7.4,1,1,0.1,0,0,205,2013,6.1,shy,2,1.333333333,0.666666667,-1.887069649,3,3.666666667,-0.666666667,1259,1260,4269,5189,3888,n
VN0238,41783,24/05/2014,0,0.242361111,5:49:00,R2,IW,M,n,1,1,1.5,1.5,1.5,2.6,3,3.3,1,1.4,1.2,0,0,144,2014,1.8,shy,1,1.333333333,-0.333333333,-0.832909123,4,3.666666667,0.333333333,1259,1260,4269,5189,3888,n
VL0266,41122,01/08/2012,0,0.39375,9:27:00,W6,IW,M,n,0,1,6.5,6.6,6.6,6.6,6,7.9,2,0.8,2.5,0,0,214,2012,1.3,bold,1,1.333333333,-0.333333333,-0.587786665,3,3.333333333,-0.333333333,1261,1261,4272,3970,3409,n
VM0125,41422,28/05/2013,0,0.279861111,6:43:00,W6,IW,M,n,1,1,3.2,3.2,3.2,3.5,20,49.9,2,1.8,NA,0,0,148,2013,46.7,shy,1,1.333333333,-0.333333333,-3.854393893,2,3.333333333,-1.333333333,1261,1261,4272,3970,3409,n
VM0422,41461,06/07/2013,0,0.265277778,6:22:00,W6,IW,M,n,1,1,2.7,2.8,2.8,NA,NA,3.5,1,5,0.8,0,0,187,2013,0.7,bold,2,1.333333333,0.666666667,-0.182321557,5,3.333333333,1.666666667,1261,1261,4272,3970,3409,n
VL0236,41112,22/07/2012,0,0.270833333,6:30:00,LM32,IW,M,n,1,1,8,8,8.1,8.2,10,9,1,1.8,1.7,0,0,204,2012,1,bold,1,1.5,-0.5,-0.405465108,2,2.75,-0.75,1272,1273,4317,4552,3376,n
VL0388,41151,30/08/2012,0,0.3625,8:42:00,LM27,IW,M,n,1,1,2.9,2.9,2.9,3.9,99,18,2,8.3,3.4,0,0,243,2012,15.1,bold,2,1.5,0.5,-2.747270914,4,2.75,1.25,1272,1273,4317,4552,3376,n
VM0256,41436,11/06/2013,0,0.266666667,6:24:00,LM30,IW,M,n,1,1,1.4,1.4,3.1,3.6,11,4.7,2,1,0.2,0,0,162,2013,3.3,bold,1,1.5,-0.5,-1.335001067,4,2.75,1.25,1272,1273,4317,4552,3376,n
VM0562,41481,26/07/2013,0,0.270138889,6:29:00,LM26,IW,M,y,1,1,0.6,0.6,1.8,6.1,5,7.7,2,0.9,17.7,0,0,207,2013,7.1,bold,2,1.5,0.5,-2.028148247,1,2.75,-1.75,1272,1273,4317,4552,3376,y
VL0176,41097,07/07/2012,0,0.357638889,8:35:00,LM38,IW,M,y,1,1,24.8,25,25.6,25.6,7,26.4,2,0.8,2.1,0,0,189,2012,1.4,shy,1,1.8,-0.8,-0.641853886,2,2.2,-0.2,1282,1281,4351,3903,3902,n
VL0305,41133,12/08/2012,0,0.404861111,9:43:00,LM38,IW,M,y,1,1,16.6,16.6,16.9,17,38,55.5,2,4.5,NA,1,1,225,2012,38.9,shy,2,1.8,0.2,-3.673765816,1,2.2,-1.2,1282,1281,4351,3903,3902,n
VM0073,41409,15/05/2013,0,0.310416667,7:27:00,LM38,IW,M,y,1,1,7.7,8,8,8.2,29,22.9,2,0.8,3.2,1,1,135,2013,14.9,bold,1,1.8,-0.8,-2.734367509,3,2.2,0.8,1282,1281,4351,5113,3902,n
VM0351,41447,22/06/2013,0,0.305555556,7:20:00,LM38,IW,M,y,1,1,1.4,1.4,1.7,1.7,2,2,1,1.3,0.5,0,0,173,2013,0.6,bold,2,1.8,0.2,-0.09531018,3,2.2,0.8,1282,1281,4351,5113,3902,n
VM0585,41483,28/07/2013,0,0.522222222,12:32:00,LM36,IW,M,n,1,1,1.7,1.7,1.7,2.1,9,2.7,1,5.4,1.1,0,0,209,2013,1,shy,3,1.8,1.2,-0.405465108,2,2.2,-0.2,1282,1281,4351,5113,3902,n
VL0132,41086,26/06/2012,0,0.306944444,7:22:00,LM15,IW,F,n,1,1,1.5,1.8,1.8,1.9,1,1.9,1,2.2,1.3,0,0,178,2012,0.1,bold,1,1.4,-0.4,0.510825624,3,2.2,0.8,1284,1284,4365,4472,3833,n
VL0309,41134,13/08/2012,0,0.279861111,6:43:00,LM9,IW,F,y,1,1,3.8,3.8,3.8,3.9,7,4.9,1,10.7,1.2,0,0,226,2012,1.1,shy,2,1.4,0.6,-0.470003629,2,2.2,-0.2,1284,1284,4365,3991,3833,n
VM0246,41435,10/06/2013,0,0.260416667,6:15:00,LM5,IW,F,n,1,1,3.4,3.4,3.4,10.6,6,11.3,1,4.2,5,0,0,161,2013,7.9,shy,1,1.4,-0.4,-2.128231706,2,2.2,-0.2,1284,1284,4365,5266,3833,n
VM0560,41481,26/07/2013,0,0.270833333,6:30:00,LM5,IW,F,n,1,1,0.5,0.5,0.5,5.7,31,36.3,2,6.9,3,1,2,207,2013,35.8,bold,2,1.4,0.6,-3.591817741,1,2.2,-1.2,1284,1284,4365,5266,3833,n
VN0338,41796,06/06/2014,2,0.375694444,9:01:00,LM5,IW,F,n,1,1,2.4,2.4,2.4,3.3,6,6,1,3.5,1.8,0,0,157,2014,3.6,bold,1,1.4,-0.4,-1.410986974,3,2.2,0.8,1284,1284,4365,5947,3833,n
VL0350,41142,21/08/2012,0,0.296527778,7:07:00,LM2,IW,F,y,1,1,2,2,2,2.4,6,3.5,1,0.7,6.7,0,0,234,2012,1.5,shy,1,1.333333333,-0.333333333,-0.693147181,3,2.333333333,0.666666667,1285,1285,4368,4421,3953,n
VM0075,41410,16/05/2013,0,0.288194444,6:55:00,LM2,IW,F,y,1,1,2.3,2.3,2.3,2.4,11,9.2,1,12,12.8,0,0,136,2013,6.9,shy,1,1.333333333,-0.333333333,-2.00148,1,2.333333333,-1.333333333,1285,1285,4368,4421,3953,n
VM0375,41451,26/06/2013,0,0.394444444,9:28:00,LM14,IW,F,y,0,1,1.1,2.2,NA,2.3,2,2.4,1,0.8,4.9,0,0,177,2013,0.2,shy,2,1.333333333,0.666666667,0.356674944,3,2.333333333,0.666666667,1285,1285,4368,4421,3953,n
VM0432,41463,08/07/2013,0,0.325694444,7:49:00,W17,IW,M,n,1,1,1.4,13.4,13.4,38.6,2,38.8,2,0.2,NA,1,2,189,2013,25.4,shy,2,1.8,0.2,-3.254242969,5,5,0,1296,1296,4382,3776,3897,n
VL0326,41136,15/08/2012,0,0.434722222,10:26:00,W11,IW,M,n,1,1,4.8,4.8,4.8,4.9,23,36.4,2,0.4,NA,1,2,228,2012,31.6,bold,2,1.5,0.5,-3.46885603,3,2.666666667,0.333333333,1293,1294,4407,3968,3990,n
VM0280,41438,13/06/2013,0,0.355555556,8:32:00,W15,IW,M,n,1,1,8.2,8.2,8.2,9.3,20,55,2,0.8,NA,0,0,164,2013,46.8,bold,1,1.5,-0.5,-3.856510295,3,2.666666667,0.333333333,1293,1294,4407,5432,3990,n
VM0524,41475,20/07/2013,0,0.272222222,6:32:00,W13,IW,M,n,1,1,2.3,2.3,2.3,3.6,14,25.6,2,0.2,0.3,0,0,201,2013,23.3,bold,2,1.5,0.5,-3.169685581,2,2.666666667,-0.666666667,1293,1294,4407,5432,3990,n
VN0588,41823,03/07/2014,0,0.484722222,11:38:00,LM11,IW,M,n,1,1,5.7,5.7,5.7,11,16,12.8,2,0.6,1.5,1,1,184,2014,7.1,bold,1,1.75,-0.75,-2.028148247,4,4,0,1298,1298,4416,3972,3966,n
VL0350,41142,21/08/2012,0,0.296527778,7:07:00,LM2,IW,M,y,1,1,3.7,3.7,3.7,3.8,59,29.1,2,1,0.5,0,0,234,2012,25.4,bold,1,2.375,-1.375,-3.254242969,3,3,0,1300,1300,4421,4368,3386,n
VM0375,41451,26/06/2013,0,0.394444444,9:28:00,LM14,IW,M,y,0,1,0.9,0.9,NA,3.3,23,48.8,2,0.9,0.3,1,2,177,2013,47.9,bold,2,2.375,-0.375,-3.879499814,3,3,0,1300,1300,4421,4368,3386,n
VL0067,41067,07/06/2012,0,0.297916667,7:09:00,LM1,IW,M,y,1,1,2.2,2.3,2.3,NA,NA,2.9,2,10,1.7,1,2,159,2012,0.6,bold,1,1.75,-0.75,-0.09531018,2,1.75,0.25,1300,1301,4423,3968,3737,n
VM0070,41409,15/05/2013,0,0.3125,7:30:00,LM1,IW,M,y,1,1,0.9,0.9,1.1,1.6,12,40.9,1,19.1,NA,1,1,135,2013,40,shy,1,1.75,-0.75,-3.701301974,1,1.75,-0.75,1300,1301,4423,3833,3737,n
VM0381,41452,27/06/2013,0,0.258333333,6:12:00,LM1,IW,M,y,1,1,2,2,2,2.7,5,9.3,1,14.4,NA,0,0,178,2013,7.3,shy,2,1.75,0.25,-2.054123734,3,1.75,1.25,1300,1301,4423,3833,3737,n
VM0609,41486,31/07/2013,0,0.765972222,18:23:00,LM1,IW,M,y,1,1,2,2,2,20.5,5,29.2,1,11.6,NA,1,1,212,2013,27.2,shy,3,1.75,1.25,-3.321432413,1,1.75,-0.75,1300,1301,4423,5258,3737,n
VL0240,41113,23/07/2012,0,0.388888889,9:20:00,LM17,IW,M,n,1,1,5.6,5.6,5.6,5.7,30,20.3,2,0.5,0.2,1,1,205,2012,14.7,bold,3,2.777777778,0.222222222,-2.721295428,4,3.5,0.5,1308,1307,4444,4007,3978,n
VL0376,41147,26/08/2012,0,0.306944444,7:22:00,LM23,IW,M,n,1,1,15.7,15.7,15.7,17.8,18,20,2,2.5,0.2,0,0,239,2012,4.3,bold,4,2.777777778,1.222222222,-1.568615918,3,3.5,-0.5,1308,1307,4444,4007,3978,n
VL0132,41086,26/06/2012,0,0.306944444,7:22:00,LM15,IW,M,n,1,1,2.1,2.1,2.3,2.5,4,3.4,2,1.4,0.9,0,0,178,2012,1.3,bold,1,1.666666667,-0.666666667,-0.587786665,3,2.4,0.6,1313,1312,4472,4365,3989,n
VM0160,41425,31/05/2013,0,0.275,6:36:00,LM16,IW,M,n,1,1,1.2,1.2,1.3,1.8,20,23.8,1,36.2,NA,0,0,151,2013,22.6,shy,1,1.666666667,-0.666666667,-3.139832618,1,2.4,-1.4,1313,1312,4472,5143,3989,n
VN0015,41754,25/04/2014,0,0.402083333,9:39:00,LM22,IW,M,n,1,1,8.8,9.6,9.6,9.6,16,33.2,2,6.5,6.1,0,0,115,2014,23.6,bold,1,1.666666667,-0.666666667,-3.18221184,2,2.4,-0.4,1313,1312,4472,5143,3989,n
VN0323,41794,04/06/2014,0,0.46875,11:15:00,LM16,IW,M,n,1,1,1.6,1.6,2,29.4,14,38.7,2,4,0.2,0,0,155,2014,37.1,shy,2,1.666666667,0.333333333,-3.62700405,4,2.4,1.6,1313,1312,4472,5143,3989,n
VN0689,41835,15/07/2014,0,0.281944444,6:46:00,LM22,IW,M,n,1,1,5.2,5.2,5.2,5.3,3,6.7,1,0.9,0.4,0,0,196,2014,1.5,shy,3,1.666666667,1.333333333,-0.693147181,2,2.4,-0.4,1313,1312,4472,5143,3989,n
VL0140,41088,28/06/2012,0,0.352777778,8:28:00,LM28,IW,F,n,1,1,11.1,11.1,11.1,NA,NA,12.5,2,4.4,3,0,0,180,2012,1.4,bold,1,1.4,-0.4,-0.641853886,2,2.6,-0.6,1336,1336,4544,4567,3966,n
VL0290,41129,08/08/2012,0,0.375,9:00:00,LM33,IW,F,n,1,1,0.7,0.9,0.9,1.3,9,3.4,1,10.2,0.9,0,0,221,2012,2.5,bold,2,1.4,0.6,-1.098612289,2,2.6,-0.6,1336,1336,4544,4567,3966,n
VM0255,41436,11/06/2013,0,0.263888889,6:20:00,LM28,IW,F,n,1,1,0.6,0.6,0.6,3.3,9,6,1,4,3.7,0,0,162,2013,5.4,bold,1,1.4,-0.4,-1.774952351,3,2.6,0.4,1336,1336,4544,4567,3966,n
VM0537,41478,23/07/2013,0,0.395138889,9:29:00,LM40,IW,F,n,1,1,1.3,1.3,1.3,1.6,6,16.7,2,3.2,1.6,0,0,204,2013,15.4,bold,2,1.4,0.6,-2.766319109,3,2.6,0.4,1336,1336,4544,4567,3966,n
VN0602,41825,05/07/2014,0,0.448611111,10:46:00,LM28,IW,F,n,1,1,0.2,0.2,0.2,6.3,4,7,1,1.1,0.4,0,0,186,2014,6.8,shy,1,1.4,-0.4,-1.987874348,3,2.6,0.4,1336,1336,4544,4567,3966,n
VM0312,41441,16/06/2013,0,0.253472222,6:05:00,LM37,IW,M,n,1,1,9.6,21.3,21.3,43.3,12,45.9,2,0.7,NA,0,0,167,2013,24.6,bold,1,1.333333333,-0.333333333,-3.222867846,4,3.5,0.5,NA,NA,4548,5139,3979,n
VM0602,41485,30/07/2013,0,0.283333333,6:48:00,LM37,IW,M,n,1,1,1.5,15.5,16.6,18,27,31,2,1.6,0.6,1,1,211,2013,15.5,bold,2,1.333333333,0.666666667,-2.772588722,3,3.5,-0.5,NA,NA,4548,5139,3979,n
VL0236,41112,22/07/2012,0,0.270833333,6:30:00,LM32,IW,F,n,1,1,6.8,6.8,6.8,7.9,12,11.2,2,17.1,8.2,0,0,204,2012,4.4,bold,1,1.5,-0.5,-1.589235205,2,2.75,-0.75,NA,NA,4552,4317,3979,n
VL0388,41151,30/08/2012,0,0.3625,8:42:00,LM27,IW,F,n,1,1,0.8,0.8,0.8,1.3,5,1.9,1,10.9,0.5,0,0,243,2012,1.1,shy,2,1.5,0.5,-0.470003629,4,2.75,1.25,NA,NA,4552,4317,3979,n
VM0256,41436,11/06/2013,0,0.266666667,6:24:00,LM30,IW,F,n,1,1,0.9,0.9,0.9,1.2,13,3.4,1,0.4,1,0,0,162,2013,2.5,bold,1,1.5,-0.5,-1.098612289,4,2.75,1.25,NA,NA,4552,4317,3979,n
VM0562,41481,26/07/2013,0,0.270138889,6:29:00,LM26,IW,F,y,1,1,0.6,0.6,0.6,2.2,5,5,1,3.6,13.8,0,0,207,2013,4.4,bold,2,1.5,0.5,-1.589235205,1,2.75,-1.75,NA,NA,4552,4317,3979,y
VL0140,41088,28/06/2012,0,0.352777778,8:28:00,LM28,IW,M,n,1,1,4.2,4.3,4.3,4.4,5,4.7,1,0.5,0.2,0,0,180,2012,0.4,bold,1,1.4,-0.4,0.105360516,2,2.5,-0.5,NA,NA,4567,4544,3979,n
VL0290,41129,08/08/2012,0,0.375,9:00:00,LM33,IW,M,n,1,1,3,3.3,3.5,3.7,17,7.7,2,0.4,0.2,0,0,221,2012,4.4,bold,2,1.4,0.6,-1.589235205,2,2.5,-0.5,NA,NA,4567,4544,3979,n
VM0255,41436,11/06/2013,0,0.263888889,6:20:00,LM28,IW,M,n,1,1,2.4,2.4,4.8,5.2,5,6.7,2,0.3,0.6,0,0,162,2013,4.3,shy,1,1.4,-0.4,-1.568615918,3,2.5,0.5,NA,NA,4567,4544,3979,n
VM0537,41478,23/07/2013,0,0.395138889,9:29:00,LM40,IW,M,n,1,1,0.7,0.7,0.7,1.2,5,2.2,1,0.3,1.6,0,0,204,2013,1.5,shy,2,1.4,0.6,-0.693147181,3,2.5,0.5,NA,NA,4567,4544,3979,n
VK0104,40684,21/05/2011,0,0.411805556,9:53:00,F4,IW,M,y,0,1,6.2,6.2,8.3,8.3,2,8.3,1,NA,NA,0,0,141,2011,2.1,shy,1,1.666666667,-0.666666667,-0.955511445,3,2.4,0.6,NA,NA,4573,3896,3712,n
VL0075,41068,08/06/2012,0,0.676388889,16:14:00,F4,IW,M,y,1,1,1.9,1.9,2,NA,NA,2.2,2,0.2,0.1,0,0,160,2012,0.3,bold,1,1.666666667,-0.666666667,0.223143551,3,2.4,0.6,NA,NA,4573,4048,3712,n
VL0228,41110,20/07/2012,0,0.431944444,10:22:00,F4,IW,M,y,1,1,1.2,1.2,1.2,1.7,7,17.4,1,2.9,0.4,0,0,202,2012,16.2,shy,2,1.666666667,0.333333333,-2.815408719,2,2.4,-0.4,NA,NA,4573,4048,3712,n
VN0566,41819,29/06/2014,0,0.366666667,8:48:00,F4,IW,M,y,1,1,6.1,6.1,6.1,23.4,18,29.8,2,0.2,0.3,0,0,180,2014,23.7,bold,2,1.666666667,0.333333333,-3.186352633,3,2.4,0.6,NA,NA,4573,5255,3712,n
VN0831,41860,09/08/2014,0,0.292361111,7:01:00,F4,IW,M,y,1,1,12.3,12.3,12.4,16.6,24,54.5,2,0.2,0.2,0,0,221,2014,42.2,shy,3,1.666666667,1.333333333,-3.75419892,1,2.4,-1.4,NA,NA,4573,5255,3712,n
VL0137,41087,27/06/2012,0,0.604166667,14:30:00,W25,IW,F,y,1,1,2.7,2.7,2.7,3.9,7,4.8,1,1.5,14.1,0,0,179,2012,2.1,bold,1,1.714285714,-0.714285714,-0.955511445,2,2.714285714,-0.714285714,NA,NA,4575,4161,4041,n
VL0278,41126,05/08/2012,0,0.425694444,10:13:00,W26,IW,F,n,1,1,10.5,10.8,10.8,11,19,14.1,1,1.9,2.8,1,1,218,2012,3.3,bold,2,1.714285714,0.285714286,-1.335001067,4,2.714285714,1.285714286,NA,NA,4575,4161,4041,n
VM0292,41439,14/06/2013,0,0.518055556,12:26:00,W26,IW,F,n,1,1,3.9,7.2,7.2,8.3,7,9.8,1,27.2,0.7,0,0,165,2013,2.6,shy,1,1.714285714,-0.714285714,-1.131402111,1,2.714285714,-1.714285714,NA,NA,4575,4161,4041,n
VM0538,41478,23/07/2013,0,0.290972222,6:59:00,W25,IW,F,y,1,1,0.9,1.1,1.1,1.2,6,1.7,1,2.1,5,0,0,204,2013,0.6,bold,2,1.714285714,0.285714286,-0.09531018,4,2.714285714,1.285714286,NA,NA,4575,4161,4041,n
VN0232,41782,23/05/2014,0,0.497916667,11:57:00,W26,IW,F,n,1,1,12.3,12.3,12.3,12.4,7,13.5,2,0.1,0.2,1,2,143,2014,1.2,bold,1,1.714285714,-0.714285714,-0.530628251,2,2.714285714,-0.714285714,NA,NA,4575,4161,4041,n
VN0540,41817,27/06/2014,0,0.607638889,14:35:00,W25,IW,F,y,1,1,1.4,1.4,1.4,1.5,4,2.5,1,0.3,0.5,0,0,178,2014,1.1,bold,2,1.714285714,0.285714286,-0.470003629,3,2.714285714,0.285714286,NA,NA,4575,4161,4041,n
VN0814,41853,02/08/2014,0,0.338194444,8:07:00,W25,IW,F,y,1,1,7,7.4,7.4,7.6,5,7.8,1,0.5,0.5,0,0,214,2014,0.4,shy,3,1.714285714,1.285714286,0.105360516,3,2.714285714,0.285714286,NA,NA,4575,4161,4041,n
VK0284,40734,10/07/2011,0,0.472222222,11:20:00,ML4,IW,M,n,1,3,10.9,10.9,10.9,27,4,27.7,2,NA,NA,0,0,191,2011,16.8,bold,1,1,0,-2.850706502,2,2,0,NA,NA,6070,3926,6270,n
VL0235,41112,22/07/2012,0,0.273611111,6:34:00,LM10,IW,M,n,1,1,5.7,9.1,9.1,9.2,7,11.1,1,0.8,1.4,0,0,204,2012,2,bold,1,1.5,-0.5,-0.916290732,4,4,0,NA,NA,6073,3822,6273,n
VL0102,41072,12/06/2012,0,0.400694444,9:37:00,LM7,IW,M,y,1,1,2.6,2.6,3,7,5,8.7,2,5,0.3,0,0,164,2012,6.1,bold,1,1.5,-0.5,-1.887069649,3,3.5,-0.5,NA,NA,4615,3902,3892,n
VL0234,41112,22/07/2012,0,0.275694444,6:37:00,LM7,IW,M,y,1,1,1.2,1.2,1.2,2.6,16,5.8,2,5,0.9,1,2,204,2012,4.6,bold,2,1.5,0.5,-1.62924054,5,3.5,1.5,NA,NA,4615,3902,3892,n
VM0303,41440,15/06/2013,0,0.325,7:48:00,LM39,IW,M,y,1,1,1.6,1.6,1.7,4.9,9,7.9,2,7,0.7,0,0,166,2013,6.3,bold,2,1.5,0.5,-1.916922612,4,3.5,0.5,NA,NA,4615,3902,3892,n
VN0172,41777,18/05/2014,0,0.749305556,17:59:00,LM7,IW,M,y,1,1,16.2,16.2,16.2,26.5,26,29.3,2,1.3,0.5,0,0,138,2014,13.1,shy,1,1.5,-0.5,-2.610069793,2,3.5,-1.5,NA,NA,4615,3902,3892,n
VL0082,41069,09/06/2012,0,0.35625,8:33:00,W20,IW,M,y,1,1,5.5,5.5,24,NA,NA,26.5,2,0.8,NA,1,1,161,2012,21,bold,1,1.5,-0.5,-3.068052935,4,4.5,-0.5,NA,NA,4740,3776,3712,n
VL0347,41141,20/08/2012,0,0.443055556,10:38:00,W17,IW,M,n,1,1,3.8,3.8,3.8,3.9,4.6,4.6,1,0.4,0.5,0,0,233,2012,0.8,shy,2,1.5,0.5,-0.262364264,5,4.5,0.5,NA,NA,4740,3776,3712,n
VL0291,41129,08/08/2012,0,0.368055556,8:50:00,W7,IW,F,n,1,1,1.2,1.2,1.2,1.8,17,12.2,1,0.9,0.4,0,0,221,2012,11,NA,1,1.75,-0.75,-2.442347035,3,2.5,0.5,NA,NA,5061,6075,6240,n
VM0067,41408,14/05/2013,0,0.239583333,5:45:00,W7,IW,F,n,1,1,1.6,1.6,1.6,2.1,8,4.8,1,34.9,0.2,0,0,134,2013,3.2,shy,1,1.75,-0.75,-1.30833282,2,2.5,-0.5,NA,NA,5061,6075,6240,n
VM0358,41448,23/06/2013,0,0.265277778,6:22:00,W7,IW,F,n,1,1,2.8,2.8,2.8,4.4,3,5.6,1,0.6,4.4,0,0,174,2013,2.8,NA,2,1.75,0.25,-1.193922468,3,2.5,0.5,NA,NA,5061,6075,6240,n
VM0616,41487,01/08/2013,0,0.275694444,6:37:00,W7,IW,F,n,1,1,1.6,1.6,1.6,2.3,3,2.6,1,0.1,0.3,0,0,213,2013,1,shy,3,1.75,1.25,-0.405465108,2,2.5,-0.5,NA,NA,5061,6075,6240,n
VL0251,41115,25/07/2012,0,0.279861111,6:43:00,F3,IW,F,y,1,1,0.9,0.9,0.9,1.2,62,19.1,1,27.6,NA,0,0,207,2012,18.2,shy,1,1,0,-2.928523524,2,2,0,NA,NA,5067,4018,6241,n
VN0067,41764,05/05/2014,0,0.258333333,6:12:00,S1,IW,F,n,1,1,4.3,4.4,4.4,7.7,6,9,1,0.8,1.1,0,0,125,2014,4.6,bold,1,1.5,-0.5,-1.62924054,4,4,0,1359,1359,5072,NA,4252,n
VN0411,41804,14/06/2014,0,0.207638889,4:59:00,S1,IW,F,n,1,1,18.9,18.9,18.9,18.9,4,27.7,2,6.3,0.6,0,0,165,2014,8.8,shy,2,1.5,0.5,-2.2300144,4,4,0,1359,1359,5072,5332,4252,n
VM0304,41440,15/06/2013,0,0.571527778,13:43:00,C3,IW,M,n,1,1,5.5,5.9,6,6.9,6,8,2,0.4,0.4,1,2,166,2013,2.1,bold,1,1.5,-0.5,-0.955511445,2,2,0,1359,1359,5074,5279,4252,n
VM0599,41484,29/07/2013,0,0.451388889,10:50:00,C3,IW,M,n,1,1,23.4,23.4,23.4,23.8,3,30.6,2,0.4,0.2,0,0,210,2013,7.2,bold,2,1.5,0.5,-2.041220329,2,2,0,1359,1359,5074,5279,4252,y
VM0454,41467,12/07/2013,0,0.288194444,6:55:00,LM13,IW,M,y,1,1,4.1,4.1,4.1,4.2,60,40,2,2.1,0.4,0,0,193,2013,35.9,bold,2,1.8,0.2,-3.594568775,3,3,0,1363,1363,5083,5437,3894,n
VM0371,41450,25/06/2013,0,0.261805556,6:17:00,MM6,IW,F,n,1,1,5.1,5.1,5.1,6.7,5,7.2,2,2.5,0.5,0,0,176,2013,2.1,bold,1,1,0,-0.955511445,3,3,0,1364,1364,5090,5238,3712,n
VM0400,41455,30/06/2013,0,0.395833333,9:30:00,MM1,IW,F,n,1,1,1.2,4.8,4.8,8.9,19,16.6,1,0.2,NA,0,0,181,2013,11.8,shy,1,1,0,-2.509599262,2,2,0,1364,1364,5092,5093,3712,n
VN0436,41807,17/06/2014,0,0.579861111,13:55:00,W7,IW,M,n,1,1,10.4,10.4,10.4,11.7,19,43.8,1,1.3,NA,1,1,168,2014,33.4,shy,1,1.333333333,-0.333333333,-3.523415014,4,3.5,0.5,1367,1367,5103,5638,3776,n
VN0760,41845,25/07/2014,0,0.26875,6:27:00,W5,IW,M,n,1,1,13.3,13.3,13.3,13.6,20,34.4,1,4.5,0.4,0,0,206,2014,21.1,shy,2,1.333333333,0.666666667,-3.072693315,3,3.5,-0.5,1367,1367,5103,5638,3776,n
VM0073,41409,15/05/2013,0,0.310416667,7:27:00,LM38,IW,F,y,1,1,0.9,0.9,1,1.9,14,5,1,4.9,0.8,0,0,135,2013,4.1,shy,1,1.8,-0.8,-1.526056303,3,2.6,0.4,1373,1369,5113,4351,3966,n
VM0351,41447,22/06/2013,0,0.305555556,7:20:00,LM38,IW,F,y,1,1,1.6,1.6,2.1,2.1,8,3.9,2,4.8,4.5,0,0,173,2013,2.3,bold,2,1.8,0.2,-1.029619417,3,2.6,0.4,1373,1369,5113,4351,3966,n
VM0585,41483,28/07/2013,0,0.522222222,12:32:00,LM36,IW,F,n,1,1,7.7,7.7,7.7,13.5,7,14,2,0.3,3.2,0,0,209,2013,6.3,bold,3,1.8,1.2,-1.916922612,2,2.6,-0.6,1373,1369,5113,4351,3966,n
VN0306,41792,02/06/2014,0,0.538194444,12:55:00,LM36,IW,F,n,1,1,3.2,3.2,3.2,3.4,8,4,1,0.9,0.7,0,0,153,2014,0.8,bold,1,1.8,-0.8,-0.262364264,3,2.6,0.4,1373,1369,5113,6060,3966,n
VN0641,41829,09/07/2014,0,0.263194444,6:19:00,LM36,IW,F,n,1,1,5.2,5.2,5.2,5.4,6,7,1,2,4.5,0,0,190,2014,1.8,shy,2,1.8,0.2,-0.832909123,2,2.6,-0.6,1373,1369,5113,6060,3966,n
VM0597,41484,29/07/2013,0,0.522222222,12:32:00,W19,IW,F,y,1,1,4,4,4,4.1,70,27.3,2,2.5,2.6,0,0,210,2013,23.3,bold,1,1.333333333,-0.333333333,-3.169685581,2,2.666666667,-0.666666667,1375,1374,5138,5163,3902,n
VN0231,41782,23/05/2014,0,0.4875,11:42:00,W19,IW,F,y,1,1,1.5,1.5,1.5,8.2,10,17.5,1,2.4,0.3,1,1,143,2014,16,shy,1,1.333333333,-0.333333333,-2.803360381,3,2.666666667,0.333333333,1375,1374,5138,5163,3902,n
VN0562,41819,29/06/2014,0,0.635416667,15:15:00,W19,IW,F,y,1,1,6.2,6.2,6.2,6.4,3,7.8,1,1.9,0.4,0,0,180,2014,1.6,shy,2,1.333333333,0.666666667,-0.741937345,3,2.666666667,0.333333333,1375,1374,5138,5163,3902,n
VM0312,41441,16/06/2013,0,0.253472222,6:05:00,LM37,IW,F,n,1,1,18.8,18.8,18.8,20.2,14,21.2,1,0.2,0.3,0,0,167,2013,2.4,shy,1,1.8,-0.8,-1.064710737,4,3,1,1375,1374,5139,4548,3902,n
VM0602,41485,30/07/2013,0,0.283333333,6:48:00,LM37,IW,F,n,1,1,0.7,0.7,0.7,1.1,6,2.2,1,0.5,1,0,0,211,2013,1.5,shy,2,1.8,0.2,-0.693147181,3,3,0,1375,1374,5139,4548,3902,n
VN0140,41773,14/05/2014,0,0.604166667,14:30:00,LM37,IW,F,n,1,1,5.8,5.8,5.8,5.9,6,7.9,1,4.4,2.2,0,0,134,2014,2.1,shy,1,1.8,-0.8,-0.955511445,2,3,-1,1375,1374,5139,4421,3902,n
VN0484,41812,22/06/2014,0,0.449305556,10:47:00,LM37,IW,F,n,1,1,0.8,0.8,0.8,1.2,5,2,1,0.9,0.3,0,0,173,2014,1.2,shy,2,1.8,0.2,-0.530628251,2,3,-1,1375,1374,5139,4421,3902,n
VN0785,41848,28/07/2014,0,0.740972222,17:47:00,LM37,IW,F,n,1,1,7,7,7,7.1,3,7.3,1,2.2,0.3,0,0,209,2014,0.3,shy,3,1.8,1.2,0.223143551,4,3,1,1375,1374,5139,4421,3902,n
VM0160,41425,31/05/2013,0,0.275,6:36:00,LM16,IW,F,n,1,1,0.7,0.8,0.9,2.8,30,30.8,2,39.1,NA,0,0,151,2013,30,shy,1,1.75,-0.75,-3.417726684,1,2.25,-1.25,1374,1375,5143,4472,3822,n
VN0015,41754,25/04/2014,0,0.402083333,9:39:00,LM22,IW,F,n,1,1,2,18,18,18.9,11,19.8,1,15.4,5.5,0,0,115,2014,1.8,shy,1,1.75,-0.75,-0.832909123,2,2.25,-0.25,1374,1375,5143,4472,3822,n
VN0323,41794,04/06/2014,0,0.46875,11:15:00,LM16,IW,F,n,1,1,0.7,0.7,0.9,35.4,9,38.3,1,0.5,0.5,0,0,155,2014,37.6,shy,2,1.75,0.25,-3.640214282,4,2.25,1.75,1374,1375,5143,4472,3822,n
VN0689,41835,15/07/2014,0,0.281944444,6:46:00,LM22,IW,F,n,1,1,5.6,6.8,6.8,16.8,2,17,2,0.7,0.5,1,1,196,2014,10.2,bold,3,1.75,1.25,-2.370243741,2,2.25,-0.25,1374,1375,5143,4472,3822,n
VN0750,41843,23/07/2014,0,0.361805556,8:41:00,S1,IW,F,n,1,1,1,1,1,6,5,7.2,1,1.3,1.9,1,1,204,2014,6.2,shy,1,1,0,-1.902107526,3,3,0,1374,1375,5145,5332,3822,n
VM0597,41484,29/07/2013,0,0.522222222,12:32:00,W19,IW,M,y,1,1,2.1,2.1,2.1,2.4,5,2.7,1,23.9,1.3,0,0,210,2013,0.6,shy,1,1.333333333,-0.333333333,-0.09531018,2,2.666666667,-0.666666667,1383,1383,5163,5138,4007,n
VN0231,41782,23/05/2014,0,0.4875,11:42:00,W19,IW,M,y,1,1,6.2,6.2,6.2,17.8,26,22.4,2,3.4,0.8,1,2,143,2014,16.2,shy,1,1.333333333,-0.333333333,-2.815408719,3,2.666666667,0.333333333,1383,1383,5163,5138,4007,n
VN0562,41819,29/06/2014,0,0.635416667,15:15:00,W19,IW,M,y,1,1,1.5,1.5,1.5,1.6,23,31.4,2,0.3,0.3,1,2,180,2014,29.9,bold,2,1.333333333,0.666666667,-3.414442608,3,2.666666667,0.333333333,1383,1383,5163,5138,4007,n
VM0551,41479,24/07/2013,0,0.26875,6:27:00,R2,IW,F,n,1,1,1.4,1.4,1.4,9,13,11.8,2,1,0.1,0,0,205,2013,10.4,bold,2,1.333333333,0.666666667,-2.388762789,3,3.5,-0.5,1387,1387,5189,4269,4544,n
VN0238,41783,24/05/2014,0,0.242361111,5:49:00,R2,IW,F,n,1,1,18.1,18.1,18.1,35.4,2,36.1,2,0.5,0.5,1,2,144,2014,18,bold,1,1.333333333,-0.333333333,-2.917770732,4,3.5,0.5,1387,1387,5189,4269,4544,n
VM0223,41432,07/06/2013,0,0.272222222,6:32:00,LM20,IW,M,y,1,1,6.2,7.2,7.2,7.4,19,9.8,1,4,1.6,0,0,158,2013,2.6,shy,1,1,0,-1.131402111,1,1,0,1387,1387,5190,5325,4544,n
VM0314,41441,16/06/2013,0,0.373611111,8:58:00,W23,IW,F,y,1,1,2.7,2.7,2.7,2.8,15,3.6,1,18.7,5,0,0,167,2013,0.9,shy,1,1.5,-0.5,-0.336472237,1,2.5,-1.5,1394,1396,5203,5309,3903,n
VM0612,41486,31/07/2013,0,0.284027778,6:49:00,W24,IW,F,y,1,1,2.3,2.4,2.4,NA,NA,2.6,1,24.2,NA,0,0,212,2013,0.2,shy,2,1.5,0.5,0.356674944,2,2.5,-0.5,1394,1396,5203,5309,3903,n
VN0177,41777,18/05/2014,0,0.260416667,6:15:00,W23,IW,F,y,1,1,1.5,4.1,4.1,4.3,9,5.3,1,1.7,2.4,0,0,138,2014,1.2,bold,1,1.5,-0.5,-0.530628251,3,2.5,0.5,1394,1396,5203,5309,3903,n
VN0539,41817,27/06/2014,0,0.60625,14:33:00,W24,IW,F,y,1,1,3.2,3.2,3.2,3.4,6,3.9,1,0.7,NA,0,0,178,2014,0.7,bold,2,1.5,0.5,-0.182321557,4,2.5,1.5,1394,1396,5203,5309,3903,n
VM0587,41483,28/07/2013,0,0.522222222,12:32:00,LM41,IW,F,y,1,1,8.5,8.5,8.5,NA,NA,8.7,1,0.2,1,1,2,209,2013,0.2,shy,1,1,0,0.356674944,2,3,-1,1394,1394,5207,4168,4180,n
VN0623,41827,07/07/2014,0,0.783333333,18:48:00,LM41,IW,F,y,1,1,2,2,2,2.5,8,5,1,3.6,1.4,0,0,188,2014,3,bold,1,1,0,-1.252762968,4,3,1,1394,1394,5207,4168,4180,n
VM0483,41470,15/07/2013,0,0.476388889,11:26:00,W5,IW,F,n,1,1,3.5,4.5,4.5,5,14,6.6,1,54.4,NA,1,1,196,2013,2.1,shy,1,1,0,-0.955511445,4,4,0,1389,1389,5211,5103,4252,n
VM0294,41439,14/06/2013,1,0.473611111,11:22:00,ML3,IW,F,n,0,1,4.9,4.9,NA,13.2,12,21,2,3.2,3.6,0,0,165,2013,16.1,bold,1,1,0,-2.809402695,3,2.5,0.5,1405,1404,5227,5260,3916,n
VN0355,41798,08/06/2014,0,0.379166667,9:06:00,ML1,IW,F,n,1,1,2.7,15.7,15.7,15.9,19,21.7,1,7.2,0.8,0,0,159,2014,6,shy,1,1,0,-1.871802177,2,2.5,-0.5,1405,1404,5227,NA,3916,n
VM0371,41450,25/06/2013,0,0.261805556,6:17:00,MM6,IW,M,n,1,1,1.7,1.7,1.7,3,16,5.7,1,0.4,0.2,0,0,176,2013,4,bold,1,1,0,-1.504077397,3,3,0,1409,1409,5238,5090,3712,n
VM0281,41438,13/06/2013,0,0.361111111,8:40:00,W20,IW,M,y,1,1,3.2,3.2,3.3,5,5,5.3,1,1.3,2.9,0,0,164,2013,2.1,shy,1,1.333333333,-0.333333333,-0.955511445,2,2.333333333,-0.333333333,1408,1408,5241,5265,4242,n
VM0589,41483,28/07/2013,0,0.41875,10:03:00,W20,IW,M,y,1,1,24.2,26.6,26.7,26.8,25,34,1,7.7,0.7,0,0,209,2013,7.4,shy,2,1.333333333,0.666666667,-2.066862759,3,2.333333333,0.666666667,1408,1408,5241,5265,4242,n
VN0511,41814,24/06/2014,0,0.691666667,16:36:00,W20,IW,M,y,1,1,1.3,1.3,1.3,25.4,7,28.3,1,1,1.3,0,0,175,2014,27,shy,1,1.333333333,-0.333333333,-3.314186005,2,2.333333333,-0.333333333,1408,1408,5241,5769,4242,n
VM0467,41468,13/07/2013,0,0.254861111,6:07:00,F5,IW,F,y,1,1,6.7,8.6,8.6,11.3,25,23.9,1,26.9,0.9,0,0,194,2013,15.3,shy,1,1.75,-0.75,-2.76000994,1,1.666666667,-0.666666667,1419,1419,5255,4029,3939,n
VN0566,41819,29/06/2014,0,0.366666667,8:48:00,F4,IW,F,y,1,1,1.4,1.4,1.4,5.4,7,5.9,1,4.4,0.7,0,0,180,2014,4.5,shy,2,1.75,0.25,-1.609437912,3,1.666666667,1.333333333,1419,1419,5255,4573,3939,n
VN0831,41860,09/08/2014,0,0.292361111,7:01:00,F4,IW,F,y,1,1,8,8,8,19,6,20.1,1,0.3,5.4,0,0,221,2014,12.1,shy,3,1.75,1.25,-2.533696814,1,1.666666667,-0.666666667,1419,1419,5255,4573,3939,n
VM0609,41486,31/07/2013,0,0.765972222,18:23:00,LM1,IW,F,y,1,1,1.2,1.2,1.2,10.1,34,39.7,2,6.8,0.9,1,1,212,2013,38.5,shy,1,1,0,-3.663561646,1,1,0,1419,1419,5258,4423,3939,n
VM0294,41439,14/06/2013,1,0.473611111,11:22:00,ML3,IW,M,n,0,1,3,3,NA,15,11,16.8,1,6.4,4.6,0,0,165,2013,13.8,shy,1,1,0,-2.660259537,3,3,0,1412,1413,5260,5227,3822,n
VN0246,41784,25/05/2014,0,0.468055556,11:14:00,MR12,IW,M,n,1,1,11.6,11.6,11.6,18.7,20,44.2,2,0.7,NA,0,0,145,2014,32.6,shy,1,1,0,-3.499533282,3,3,0,1412,1413,5260,NA,3822,n
VM0281,41438,13/06/2013,0,0.361111111,8:40:00,W20,IW,F,y,1,1,3.4,3.4,4,4.1,19,35.8,2,1.5,7,1,2,164,2013,32.4,bold,1,1.5,-0.5,-3.493472658,2,2,0,1413,1412,5265,5241,3902,n
VM0246,41435,10/06/2013,0,0.260416667,6:15:00,LM5,IW,M,n,1,1,3,3,3,10.4,45,43.4,2,3.9,NA,0,0,161,2013,40.4,shy,1,1.8,-0.8,-3.711130063,2,1.5,0.5,1413,1412,5266,4365,3902,y
VM0560,41481,26/07/2013,0,0.270833333,6:30:00,LM5,IW,M,n,1,1,5.2,5.2,5.2,6.6,9,10.2,1,4.6,0.3,0,0,207,2013,5,shy,2,1.8,0.2,-1.704748092,1,1.5,-0.5,1413,1412,5266,4365,3902,n
VM0304,41440,15/06/2013,0,0.571527778,13:43:00,C3,IW,F,n,1,1,3.4,3.4,3.4,6,6,6.7,1,1.1,0.1,0,0,166,2013,3.3,bold,1,1.5,-0.5,-1.335001067,2,2,0,1412,1412,5279,5074,3902,n
VM0599,41484,29/07/2013,0,0.451388889,10:50:00,C3,IW,F,n,1,1,11.4,11.4,11.4,11.6,7,14.9,1,0.4,7.4,0,0,210,2013,3.5,bold,2,1.5,0.5,-1.386294361,2,2,0,1412,1412,5279,5074,3902,n
VM0479,41470,15/07/2013,0,0.357638889,8:35:00,LM6,IW,M,n,1,1,2.2,2.2,2.2,2.4,23,7.1,1,29,NA,0,0,196,2013,4.9,shy,1,1,0,-1.686398954,2,2,0,1421,1421,5289,3978,5067,n
VM0170,41426,01/06/2013,0,0.256944444,6:10:00,LM13,IW,F,y,1,1,2.2,2.2,2.2,2.3,36,28.6,1,31.4,NA,0,0,152,2013,26.4,shy,1,1,0,-3.292126287,2,2,0,1425,1425,5291,5083,3776,n
VM0162,41425,31/05/2013,0,0.326388889,7:50:00,W28,IW,M,y,1,1,10.3,10.3,10.3,NA,NA,11.2,2,2.6,2.8,1,2,151,2013,0.9,bold,1,1.333333333,-0.333333333,-0.336472237,3,3,0,1425,1425,5292,5306,3776,n
VN0762,41845,25/07/2014,0,0.267361111,6:25:00,W27,IW,M,n,1,1,7.1,7.2,7.8,18,16,21.1,2,0.8,0.3,1,2,206,2014,13.9,bold,2,1.333333333,0.666666667,-2.667228207,3,3,0,1425,1425,5292,5351,3776,n
VM0247,41435,10/06/2013,0,0.263888889,6:20:00,LM21,IW,F,n,1,1,1,1,1.5,4.5,15,9.4,1,24.1,0.1,0,0,161,2013,8.4,shy,1,1.5,-0.5,-2.186051277,2,2.5,-0.5,NA,NA,5299,4444,3888,n
VM0514,41474,19/07/2013,0,0.395833333,9:30:00,LM21,IW,F,n,1,1,0.5,0.5,0.5,0.9,8,4.5,1,3.9,0.3,0,0,200,2013,4,NA,2,1.5,0.5,-1.504077397,3,2.5,0.5,NA,NA,5299,4444,3888,n
VM0164,41425,31/05/2013,0,0.444444444,10:40:00,F5,IW,F,y,1,1,0.9,0.9,0.9,5.9,19,20.6,1,15.6,0.6,1,1,151,2013,19.7,shy,1,1.333333333,-0.333333333,-3.005682604,2,2,0,NA,NA,5300,4029,3970,n
VN0201,41780,21/05/2014,0,0.448611111,10:46:00,LM38,IW,F,y,1,1,1.2,1.8,1.8,1.8,20,30.6,1,11.6,7.3,1,1,141,2014,28.8,shy,1,1.333333333,-0.333333333,-3.377587516,1,2,-1,NA,NA,5300,NA,3970,n
VN0550,41818,28/06/2014,0,0.564583333,13:33:00,LM38,IW,F,y,1,1,6.3,6.3,6.3,17.5,4,18.4,1,1.9,0.4,0,0,179,2014,12.1,shy,2,1.333333333,0.666666667,-2.533696814,3,2,1,NA,NA,5300,5327,3970,n
VN0203,41780,21/05/2014,0,0.294444444,7:04:00,W6,IW,M,n,1,1,3.8,3.8,3.8,4,24,21.3,2,0.1,0.1,1,2,141,2014,17.5,shy,1,1.5,-0.5,-2.890371758,2,2.5,-0.5,1423,1423,5303,3970,3970,n
VN0536,41817,27/06/2014,0,0.658333333,15:48:00,W6,IW,M,n,1,1,3.1,3.1,3.2,3.3,34,9.6,1,1,2.8,0,0,178,2014,6.5,shy,2,1.5,0.5,-1.945910149,3,2.5,0.5,1423,1423,5303,3970,3970,n
VM0162,41425,31/05/2013,0,0.326388889,7:50:00,W28,IW,F,y,1,1,3,3,3,3.2,5,4.8,1,4.1,1.3,0,0,151,2013,1.8,bold,1,1,0,-0.832909123,3,3,0,NA,NA,5306,5292,4386,n
VM0314,41441,16/06/2013,0,0.373611111,8:58:00,W23,IW,M,y,1,1,3.4,3.4,3.4,3.7,8,21.7,2,1.8,7.5,0,0,167,2013,18.3,bold,1,1.5,-0.5,-2.93385687,1,2.5,-1.5,1426,1426,5309,5203,4575,n
VM0612,41486,31/07/2013,0,0.284027778,6:49:00,W24,IW,M,y,1,1,3,3,3,NA,NA,27.4,2,0.7,11,0,0,212,2013,24.4,bold,2,1.5,0.5,-3.214867803,2,2.5,-0.5,1426,1426,5309,5203,4575,n
VN0177,41777,18/05/2014,0,0.260416667,6:15:00,W23,IW,M,y,1,1,6.8,6.8,6.8,7,5,8.1,2,0.3,0.4,1,2,138,2014,1.3,bold,1,1.5,-0.5,-0.587786665,3,2.5,0.5,1426,1426,5309,5203,4575,n
VN0539,41817,27/06/2014,0,0.60625,14:33:00,W24,IW,M,y,1,1,7,7,7,NA,NA,7.2,2,0.7,0.2,1,2,178,2014,0.2,bold,2,1.5,0.5,0.356674944,4,2.5,1.5,1426,1426,5309,5203,4575,n
VM0126,41422,28/05/2013,0,0.279166667,6:42:00,W9,IW,F,n,1,1,3.7,3.7,3.7,4.7,25,24.9,2,11.9,NA,0,0,148,2013,21.2,shy,1,1,0,-3.077312261,1,1,0,1430,1430,5321,4188,4365,n
VM0223,41432,07/06/2013,0,0.272222222,6:32:00,LM20,IW,F,y,1,1,6.1,6.1,6.1,12.3,3,13.9,2,14.1,0.4,1,2,158,2013,7.8,bold,1,1,0,-2.116255515,1,1,0,1432,1432,5325,5190,4180,n
VM0490,41470,15/07/2013,0,0.411111111,9:52:00,LM15,IW,F,n,1,1,6.8,6.8,6.8,6.9,108,39.4,1,7.4,6.7,1,2,196,2013,32.6,shy,1,1,0,-3.499533282,2,3,-1,1433,1434,5330,NA,3968,n
VN0819,41854,03/08/2014,0,0.277777778,6:40:00,LM40,IW,F,n,1,1,1.4,1.4,1.4,2.9,12,4.8,1,1.9,0.8,0,0,215,2014,3.4,bold,1,1,0,-1.360976553,4,3,1,1433,1434,5330,5993,3968,n
VN0411,41804,14/06/2014,0,0.207638889,4:59:00,S1,IW,M,n,1,1,6.4,6.4,6.4,8.2,5,22.9,1,2.9,0.2,0,0,165,2014,16.5,shy,1,1.5,-0.5,-2.833213344,4,3.5,0.5,1434,1433,5332,5072,3409,n
VN0750,41843,23/07/2014,0,0.361805556,8:41:00,S1,IW,M,n,1,1,4.3,4.3,4.3,11.2,12,20.5,2,0.2,0.1,1,1,204,2014,16.2,shy,2,1.5,0.5,-2.815408719,3,3.5,-0.5,1434,1433,5332,5145,3409,n
VM0230,41433,08/06/2013,0,0.5125,12:18:00,W4,IW,F,y,1,1,1.9,1.9,1.9,3.2,1,4.3,2,5.8,6.6,0,0,159,2013,2.4,bold,1,1.5,-0.5,-1.064710737,4,3.333333333,0.666666667,NA,NA,5339,3917,3979,n
VM0509,41473,18/07/2013,0,0.43125,10:21:00,W10,IW,F,y,1,1,17.4,17.4,17.4,17.6,3,18.9,2,7.5,0.8,0,0,199,2013,1.5,bold,2,1.5,0.5,-0.693147181,3,3.333333333,-0.333333333,NA,NA,5339,4188,3979,n
VN0190,41779,20/05/2014,0,0.249305556,5:59:00,W10,IW,F,y,1,1,13.7,13.7,13.7,14.3,1,14.5,2,9.4,10.1,0,0,140,2014,0.8,bold,1,1.5,-0.5,-0.262364264,3,3.333333333,-0.333333333,NA,NA,5339,4188,3979,n
VN0073,41765,06/05/2014,0,0.332638889,7:59:00,W27,IW,F,n,1,1,3.6,3.6,3.6,3.6,2,3.8,1,1.4,NA,0,0,126,2014,0.2,shy,1,1.333333333,-0.333333333,0.356674944,3,3,0,1451,1441,5351,5292,3776,n
VN0762,41845,25/07/2014,0,0.267361111,6:25:00,W27,IW,F,n,1,1,3.7,3.7,3.7,NA,NA,6.8,1,9.5,1.6,0,0,206,2014,3.1,shy,2,1.333333333,0.666666667,-1.280933845,3,3,0,1451,1441,5351,5292,3776,n
VN0142,41773,14/05/2014,0,0.239583333,5:45:00,F2,IW,M,n,1,1,2.2,2.2,2.2,2.4,18,10.5,2,4,0.5,0,0,134,2014,8.3,shy,1,1.5,-0.5,-2.174751721,3,4,-1,1436,1436,6069,5760,4101,n
VN0500,41813,23/06/2014,0,0.365972222,8:47:00,F2,IW,M,n,1,1,0.9,0.9,1,1,6,2.5,1,0.5,0.1,0,0,174,2014,1.6,shy,2,1.5,0.5,-0.741937345,5,4,1,1436,1436,6069,5760,4101,n
VN0569,41820,30/06/2014,0,0.565972222,13:35:00,LM21,IW,M,n,1,1,2.4,2.4,2.4,4.4,14,36.3,1,0.3,1,0,0,181,2014,33.9,NA,1,1,0,-3.538056564,3,3,0,1443,1442,5377,5770,4014,n
VM0280,41438,13/06/2013,0,0.355555556,8:32:00,W15,IW,F,n,1,1,7.2,7.2,7.6,7.6,18,10.2,1,6.3,4.7,0,0,164,2013,3,shy,1,1.5,-0.5,-1.252762968,3,2.5,0.5,NA,NA,5432,4407,4103,n
VM0524,41475,20/07/2013,0,0.272222222,6:32:00,W13,IW,F,n,1,1,1.6,1.6,1.6,2.4,3,2.6,1,1.8,5.9,0,0,201,2013,1,shy,2,1.5,0.5,-0.405465108,2,2.5,-0.5,NA,NA,5432,4407,4103,n
VN0182,41778,19/05/2014,0,0.225,5:24:00,F3,IW,F,y,1,1,7,7,7,7.1,15,15.5,1,10,0.2,0,0,139,2014,8.5,bold,1,1.5,-0.5,-2.197224577,2,3,-1,NA,NA,5435,4018,4396,n
VN0542,41817,27/06/2014,0,0.476388889,11:26:00,F3,IW,F,y,1,1,1.7,1.7,1.7,1.8,3,2.3,1,1.2,2.5,0,0,178,2014,0.6,bold,2,1.5,0.5,-0.09531018,4,3,1,NA,NA,5435,4018,4396,n
VM0454,41467,12/07/2013,0,0.288194444,6:55:00,LM13,IW,F,y,1,1,2.8,2.8,2.8,3.2,13,4,1,0.8,1.1,0,0,193,2013,1.2,shy,1,1.75,-0.75,-0.530628251,3,2.25,0.75,NA,NA,5437,5083,3892,n
VN0127,41771,12/05/2014,0,0.643055556,15:26:00,LM20,IW,F,y,1,1,2.6,2.6,2.6,4.6,11,6.8,1,1,1.7,0,0,132,2014,4.2,shy,1,1.75,-0.75,-1.547562509,1,2.25,-1.25,NA,NA,5437,5083,3892,n
VN0414,41805,15/06/2014,0,0.525,12:36:00,LM14,IW,F,y,0,1,1,1,1.4,1.4,2,2.5,1,1.1,5.8,0,0,166,2014,1.5,shy,2,1.75,0.25,-0.693147181,3,2.25,0.75,NA,NA,5437,5083,3892,n
VN0755,41844,24/07/2014,0,0.249305556,5:59:00,LM14,IW,F,y,0,1,2.3,2.3,2.3,3,2,3.7,1,7,0.3,0,0,205,2014,1.4,shy,3,1.75,1.25,-0.641853886,2,2.25,-0.25,NA,NA,5437,5083,3892,n
VM0361,41448,23/06/2013,0,0.267361111,6:25:00,F10,IW,F,n,1,1,6.7,6.7,6.7,6.9,16,11.1,1,18.7,0.3,0,0,174,2013,4.4,shy,1,1.5,-0.5,-1.589235205,2,2,0,NA,NA,5441,4218,3979,n
VM0618,41487,01/08/2013,0,0.278472222,6:41:00,F10,IW,F,n,1,1,1.4,1.7,1.7,2.5,11,5.2,1,0.9,1.8,0,0,213,2013,3.5,shy,2,1.5,0.5,-1.386294361,2,2,0,NA,NA,5441,4218,3979,n
VN0293,41790,31/05/2014,0,0.479166667,11:30:00,LM31,IW,F,n,1,1,1.8,1.8,1.8,1.9,7,6.2,1,0.7,0.6,0,0,151,2014,4.4,bold,1,1.5,-0.5,-1.589235205,4,4,0,NA,NA,5443,5716,3888,n
VN0609,41826,06/07/2014,0,0.328472222,7:53:00,LM31,IW,F,n,1,1,1.5,1.5,1.5,1.7,3,2.1,1,3.9,0.2,0,0,187,2014,0.6,shy,2,1.5,0.5,-0.09531018,4,4,0,NA,NA,5443,5716,3888,n
VN0044,41761,02/05/2014,0,0.323611111,7:46:00,W1,IW,F,n,1,1,1.3,1.3,1.3,8,13,9.7,1,33,0.3,0,0,122,2014,8.4,shy,1,1.5,-0.5,-2.186051277,2,3,-1,NA,NA,5561,3917,3888,n
VN0363,41800,10/06/2014,0,0.45625,10:57:00,W3,IW,F,n,1,1,1.5,1.5,1.5,4,4,4.2,2,0.9,0.6,0,0,161,2014,2.7,bold,2,1.5,0.5,-1.16315081,4,3,1,NA,NA,5561,3917,3888,n
VN0660,41831,11/07/2014,0,0.461111111,11:04:00,W23,IW,F,y,1,1,3.3,3.4,3.4,3.5,10,5.4,1,10.5,2.2,0,0,192,2014,2,bold,1,1,0,-0.916290732,3,3,0,1489,1494,5570,5717,5143,n
VN0298,41790,31/05/2014,0,0.242361111,5:49:00,R5,IW,M,n,1,1,2.8,2.8,3.2,3.3,29,7.4,2,2.1,0.2,1,2,151,2014,4.6,bold,1,1.5,-0.5,-1.62924054,5,5,0,1499,1495,5580,6072,5255,n
VN0506,41814,24/06/2014,0,0.694444444,16:40:00,LM26,IW,F,y,1,1,9.8,9.8,14.8,15,9,27.2,1,32.8,NA,0,0,175,2014,17.4,shy,1,1,0,-2.884800713,1,1,0,1500,1500,5589,5687,3979,n
VN0663,41831,11/07/2014,0,0.381944444,9:10:00,C3,IW,F,n,1,1,12.1,12.1,12.1,31.7,53,38.2,1,17.2,NA,0,0,192,2014,26.1,NA,1,1,0,-3.280911216,1,1,0,1505,1505,5606,5240,5437,n
VN0769,41846,26/07/2014,0,0.429166667,10:18:00,W28,IW,M,y,1,1,8,8,8.1,10.2,27,51.3,2,2.2,NA,1,1,207,2014,43.3,shy,2,1.5,0.5,-3.779633817,3,3,0,1515,1512,5623,5896,4365,n
VN0240,41783,24/05/2014,0,0.234027778,5:37:00,MR3,IW,M,n,1,1,1.5,1.5,1.5,2.4,11,4.2,1,8,4.9,0,0,144,2014,2.7,shy,1,1.5,-0.5,-1.16315081,3,3,0,1512,1515,5626,NA,3712,n
VN0436,41807,17/06/2014,0,0.579861111,13:55:00,W7,IW,F,n,1,1,2.6,2.6,2.6,5.8,24,54.4,2,0.8,NA,1,1,168,2014,51.8,shy,1,1.5,-0.5,-3.956996371,4,3.5,0.5,1514,1513,5638,5103,4544,n
VN0760,41845,25/07/2014,0,0.26875,6:27:00,W5,IW,F,n,1,1,9,9,9,14.4,71,45.6,2,3.5,NA,0,0,206,2014,36.6,shy,2,1.5,0.5,-3.61361697,3,3.5,-0.5,1514,1513,5638,5103,4544,n
VN0389,41802,12/06/2014,0,0.377777778,9:04:00,W22,IW,F,y,1,1,5.6,5.6,5.6,5.8,13,8.9,1,2.8,0.5,1,1,163,2014,3.3,bold,1,1.5,-0.5,-1.335001067,3,3,0,1528,1545,5681,3821,3902,n
VN0746,41843,23/07/2014,0,0.352083333,8:27:00,W22,IW,F,y,1,1,7.1,7.1,7.1,8.5,6,10.3,2,0.6,1,1,2,204,2014,3.2,bold,2,1.5,0.5,-1.30833282,3,3,0,1528,1545,5681,3821,3902,n
VN0788,41849,29/07/2014,0,0.252083333,6:03:00,LM33,IW,F,n,1,1,1.7,1.7,1.7,1.8,10,2.6,1,0.9,2.3,0,0,210,2014,0.9,bold,1,1,0,-0.336472237,2,2,0,1539,1528,5690,5839,5279,n
VN0147,41774,15/05/2014,0,0.224305556,5:23:00,LF2,IW,M,n,1,1,21.7,24.2,24.2,24.3,35,39.4,1,21.6,NA,0,0,135,2014,15.2,shy,1,2,-1,-2.753660712,4,4,0,1544,1544,5695,5713,5258,n
VN0498,41813,23/06/2014,0,0.372916667,8:57:00,LF2,IW,M,n,1,1,1.5,2.2,2.2,2.3,16,3.1,1,30.5,9.5,0,0,174,2014,0.9,shy,2,2,0,-0.336472237,4,4,0,1544,1544,5695,5713,5258,n
VN0421,41805,15/06/2014,0,0.470833333,11:18:00,MR7,IW,F,n,1,1,7.7,7.7,7.7,9.1,28,15.4,1,44.6,NA,0,0,166,2014,7.7,shy,1,1.5,-0.5,-2.104134154,3,2.5,0.5,1535,1546,5700,5906,5227,n
VN0804,41851,31/07/2014,0,0.308333333,7:24:00,MR7,IW,F,n,1,1,5.7,5.7,5.7,10.1,32,19.1,1,16.8,1,0,0,212,2014,13.4,NA,2,1.5,0.5,-2.63188884,2,2.5,-0.5,1535,1546,5700,5906,5227,n
VN0147,41774,15/05/2014,0,0.224305556,5:23:00,LF2,IW,F,n,1,1,2.3,2.3,2.3,3.1,18,41,2,19,NA,0,0,135,2014,38.7,shy,1,2,-1,-3.668676747,4,4,0,1529,1529,5713,5695,5139,n
VN0498,41813,23/06/2014,0,0.372916667,8:57:00,LF2,IW,F,n,1,1,1.4,1.4,1.4,1.6,10,20.8,2,12.7,7.9,0,0,174,2014,19.4,bold,2,2,0,-2.990719732,4,4,0,1529,1529,5713,5695,5139,n
VN0293,41790,31/05/2014,0,0.479166667,11:30:00,LM31,IW,M,n,1,1,1.9,1.9,2.5,2.6,4,7.2,2,2.2,0.4,0,0,151,2014,5.3,bold,1,1.5,-0.5,-1.757857918,4,4,0,1529,1538,5716,5443,5072,n
VN0609,41826,06/07/2014,0,0.328472222,7:53:00,LM31,IW,M,n,1,1,2.4,2.4,2.4,3.3,4,21.1,2,0.3,0.5,1,2,187,2014,18.7,bold,2,1.5,0.5,-2.954910279,4,4,0,1529,1538,5716,5443,5072,n
VN0660,41831,11/07/2014,0,0.461111111,11:04:00,W23,IW,M,y,1,1,23.8,23.8,23.8,23.8,13,25.8,2,0.6,0.5,1,2,192,2014,2,bold,1,1,0,-0.916290732,3,3,0,1533,1533,5717,5570,3888,n
VN0165,41776,17/05/2014,0,0.291666667,7:00:00,W21,IW,M,y,1,1,1.1,1.1,1.2,1.3,30,44.7,2,0.4,0.6,1,2,137,2014,43.6,shy,1,1.5,-0.5,-3.786459782,1,2,-1,1533,1533,5720,5748,3888,n
VN0519,41815,25/06/2014,0,0.747222222,17:56:00,W21,IW,M,y,1,1,4.8,4.8,4.9,5.9,20,14.3,2,11.5,0.4,0,0,176,2014,9.5,bold,2,1.5,0.5,-2.302585093,3,2,1,1533,1533,5720,5748,3888,n
VN0650,41830,10/07/2014,0,0.771527778,18:31:00,LM15,IW,F,n,1,1,2.1,2.1,2.1,2.3,7,7.1,1,26,1.1,0,0,191,2014,5,shy,1,1,0,-1.704748092,3,3,0,1531,1537,5728,5602,4064,n
VN0165,41776,17/05/2014,0,0.291666667,7:00:00,W21,IW,F,y,1,1,1.4,1.4,1.4,1.4,24,9.8,1,10.6,1,0,0,137,2014,8.4,shy,1,1.5,-0.5,-2.186051277,1,2,-1,1547,1548,5748,5720,3892,n
VN0519,41815,25/06/2014,0,0.747222222,17:56:00,W21,IW,F,y,1,1,1.7,1.7,1.7,3.6,9,5.3,1,7.4,1.7,0,0,176,2014,3.6,bold,2,1.5,0.5,-1.410986974,3,2,1,1547,1548,5748,5720,3892,n
VN0142,41773,14/05/2014,0,0.239583333,5:45:00,F2,IW,F,n,1,1,2.7,2.7,2.8,2.9,20,9.3,1,5.3,5.6,0,0,134,2014,6.6,bold,1,1.5,-0.5,-1.960094784,3,4,-1,1552,1551,5760,6069,5113,n
VN0500,41813,23/06/2014,0,0.365972222,8:47:00,F2,IW,F,n,1,1,2.2,2.9,2.9,3.3,6,8.1,2,0.3,0.3,1,2,174,2014,5.2,bold,2,1.5,0.5,-1.740466175,5,4,1,1552,1551,5760,6069,5113,n
VN0598,41824,04/07/2014,0,0.277777778,6:40:00,W12,IW,F,n,1,1,0.8,0.8,0.8,3.3,19,6.6,1,0.4,1.1,0,0,185,2014,5.8,shy,1,1,0,-1.840549633,3,3,0,1556,1553,5767,5584,5441,n
VN0511,41814,24/06/2014,0,0.691666667,16:36:00,W20,IW,F,y,1,1,2.2,2.2,2.2,25.7,12,31.1,2,6.3,4.5,0,0,175,2014,28.9,shy,1,1,0,-3.380994674,2,2,0,1556,1553,5769,5241,5441,n
VM0372,41450,25/06/2013,0,0.432638889,10:23:00,MR12,IW,F,n,1,1,3.6,3.6,3.6,17.3,3,17.4,1,5.2,1.5,0,0,176,2013,13.8,bold,1,1,0,-2.660259537,3,3,0,NA,NA,5815,6074,3790,n
VM0372,41450,25/06/2013,0,0.432638889,10:23:00,MR12,IW,M,n,1,1,16.3,16.3,16.3,20,7,22.5,2,6.3,0.2,0,0,176,2013,6.2,shy,1,1,0,-1.902107526,3,3,0,NA,NA,6074,5815,6274,n
VN0202,41780,21/05/2014,0,0.294444444,7:04:00,W5,IW,F,n,1,1,2.2,2.4,2.4,2.6,11,3.4,1,1.3,1.3,0,0,141,2014,1,shy,1,1,0,-0.405465108,3,3,0,1571,1571,5824,NA,3776,n
VN0788,41849,29/07/2014,0,0.252083333,6:03:00,LM33,IW,M,n,1,1,4.3,4.3,4.3,4.4,5,5,2,0.2,2.1,0,0,210,2014,0.7,bold,1,1,0,-0.182321557,2,2,0,1574,1574,5839,5690,5437,n
VN0610,41826,06/07/2014,0,0.327083333,7:51:00,LM39,IW,M,y,1,1,3.3,3.3,3.3,5.2,3,5.8,2,1.5,1.6,0,0,187,2014,2.5,shy,1,1,0,-1.098612289,2,2,0,1581,1581,5864,6071,3972,n
VN0757,41844,24/07/2014,0,0.325694444,7:49:00,F5,IW,M,y,1,1,2.8,2.8,2.8,2.9,2,3.1,1,0.5,3,0,0,205,2014,0.3,shy,1,1,0,0.223143551,1,1,0,NA,NA,5867,5926,5207,n
VN0470,41810,20/06/2014,0,0.482638889,11:35:00,W28,IW,F,y,1,1,6.5,6.5,6.5,20.7,10,24.8,1,35.2,NA,0,0,171,2014,18.3,shy,1,1.5,-0.5,-2.93385687,2,2.5,-0.5,1587,1587,5896,5623,5432,n
VN0769,41846,26/07/2014,0,0.429166667,10:18:00,W28,IW,F,y,1,1,8.7,8.7,8.7,8.7,15,47.7,1,4.9,NA,1,1,207,2014,39,shy,2,1.5,0.5,-3.676300672,3,2.5,0.5,1587,1587,5896,5623,5432,n
VN0403,41803,13/06/2014,0,0.211805556,5:05:00,F5,IW,F,y,1,1,3,3,3,6.4,24,14.6,1,0.2,0.4,0,0,164,2014,11.6,NA,1,1.5,-0.5,-2.493205453,2,1.5,0.5,1596,1598,5926,5584,3822,n
VN0757,41844,24/07/2014,0,0.325694444,7:49:00,F5,IW,F,y,1,1,8.5,8.5,8.5,11.6,19,16.2,2,0.2,0.4,1,2,205,2014,7.7,bold,2,1.5,0.5,-2.104134154,1,1.5,-0.5,1596,1598,5926,5867,3822,n
VN0338,41796,06/06/2014,2,0.375694444,9:01:00,LM5,IW,M,n,1,1,2.3,3,3.1,3.4,50,9.8,2,5.3,0.6,1,2,157,2014,6.8,bold,1,1,0,-1.987874348,3,3,0,1610,1603,5947,4365,4107,n
VN0819,41854,03/08/2014,0,0.277777778,6:40:00,LM40,IW,M,n,1,1,1.6,1.6,1.6,3,20,5.3,2,1.5,2.5,0,0,215,2014,3.7,bold,1,1,0,-1.435084525,4,4,0,1629,1629,5993,5330,5267,n
VN0306,41792,02/06/2014,0,0.538194444,12:55:00,LM36,IW,M,n,1,1,4.7,4.7,4.7,5.6,18,6.8,2,0.9,0.2,0,0,153,2014,2.1,bold,1,1.5,-0.5,-0.955511445,3,2.5,0.5,NA,NA,6060,5113,5263,n
VN0641,41829,09/07/2014,0,0.263194444,6:19:00,LM36,IW,M,n,1,1,2.2,2.2,2.2,2.2,38,17,2,0.7,4.3,0,0,190,2014,14.8,bold,2,1.5,0.5,-2.727852828,2,2.5,-0.5,NA,NA,6060,5113,5263,n
VN0610,41826,06/07/2014,0,0.327083333,7:51:00,LM39,IW,F,y,1,1,0,0,3.7,4,11,5.5,1,2.1,7.8,0,0,187,2014,5.5,bold,1,1,0,-1.791759469,2,2,0,NA,NA,6071,5864,6271,n
VN0298,41790,31/05/2014,0,0.242361111,5:49:00,R5,IW,F,n,1,1,2.1,2.1,2.1,2.3,4,3.5,1,0.5,0.6,0,0,151,2014,1.4,bold,1,1.5,-0.5,-0.641853886,5,3.5,1.5,NA,NA,6072,5580,6272,n
VN0686,41834,14/07/2014,0,0.295833333,7:06:00,R6,IW,F,n,1,1,10.9,10.9,10.9,18.7,3,18.9,1,0.6,0.2,0,0,195,2014,8,NA,2,1.5,0.5,-2.140066163,2,3.5,-1.5,NA,NA,6072,5580,6272,n
