date,date2,timeproc,sex,sampled,timebag,timetest,flights,runs,minbag,method,obs,oldcomp,newcomp,juldate,befaft,year,winter,x2r,method2,trip,withintrip,betweentrip,obs2,logfr,logfr.november,logfr.notdoubled,mbtwn,indbtwn,mwin,indwin,mtime,indtime,asrid,asrdam,socialbrood,natalbrood
23/01/2010,40201,0.319444444,M,NA,NA,NA,14,6,NA,0,JS,0,0,23,after,2010,2009,12,1,1,1,1,JS,3.277144733,3.020424886,3.020424886,1,0,1,0,0.319444444,0,2809,504,829,829
14/11/2013,41592,0.365277778,M,Y,0.370833333,0.376388889,9,3,10,1,IW,1,3,318,before,2013,2013,3,1,4.5,1,1,IW,2.525728644,2.525728644,2.525728644,1,0,1,0,0.365277778,0,3153,2780,930,930
24/11/2010,40506,0.458333333,F,NA,NA,NA,3,0,NA,0,PG,0,0,328,before,2010,2010,0,1,1.5,1,1,O,1.252762968,1.252762968,1.252762968,1,0,1,0,0.458333333,0,3207,498,943,944
19/11/2011,40866,0.701388889,F,NA,NA,0.739583333,67,2,45,0,IW,0,0,323,before,2011,2011,4,0,2.5,1,1,IW,4.26969745,4.26969745,4.241326753,1,0,1,0,0.701388889,0,3365,3149,991,991
20/11/2011,40867,0.507638889,F,NA,NA,0.545138889,1,0,45,0,IW,0,0,324,before,2011,2011,0,0,2.5,1,1,IW,0.405465108,0.405465108,0.405465108,1,0,1,0,0.507638889,0,3376,2764,992,992
15/11/2011,40862,0.694444444,F,NA,NA,0.739583333,4,0,15,0,IW,0,0,319,before,2011,2011,0,0,2.5,1,1,IW,1.504077397,1.504077397,1.504077397,2,-1,1,0,0.578935185,0.115509259,3386,2841,995,995
26/01/2013,41300,0.688194444,F,Y,0.698611111,0.710416667,13,1,15,1,IW,1,2,26,after,2013,2012,1,1,4,1,2,IW,2.674148649,2.674148649,2.674148649,2,0,1,0,0.578935185,0.109259259,3386,2841,995,995
14/11/2013,41592,0.354166667,F,Y,0.358333333,0.367361111,1,0,15,1,IW,1,3,318,before,2013,2013,0,1,4.5,1,3,IW,0.405465108,0.405465108,0.405465108,2,1,1,0,0.578935185,-0.224768518,3386,2841,995,995
01/02/2011,40575,0.493055556,F,NA,NA,NA,7,3,10,0,RW,0,0,32,after,2011,2010,6,1,2,1,1,O,2.602689685,2.351375257,2.351375257,1,0,1,0,0.493055556,0,3403,3063,998,998
21/01/2010,40199,0.722222222,M,NA,NA,NA,12,10,NA,0,JS,0,0,21,after,2010,2009,20,1,1,1,1,JS,3.481240089,3.113515309,3.113515309,1,0,1,0,0.722222222,0,3407,3149,1001,1001
20/11/2011,40867,0.385416667,F,NA,NA,0.427083333,8,0,45,0,IW,0,0,324,before,2011,2011,0,0,2.5,1,1,IW,2.140066163,2.140066163,2.140066163,1,0,1,0,0.385416667,0,3409,3149,1001,1001
20/01/2010,40198,0.631944444,M,NA,NA,NA,2,23,NA,0,JS,0,0,20,after,2010,2009,46,1,1,1,1,JS,3.881563798,3.238678452,3.238678452,1.5,-0.5,1,0,0.671875,-0.039930556,3419,3589,1002,1002
07/02/2012,40946,0.711805556,M,Y,NA,0.74375,0,0,25,1,IW,0,0,38,after,2012,2011,0,1,3,1,2,IW,-0.693147181,-0.693147181,-0.693147181,1.5,0.5,1,0,0.671875,0.039930556,3419,3589,1002,1002
21/01/2010,40199,0.743055556,F,NA,NA,NA,2,0,NA,0,JS,0,0,21,after,2010,2009,0,1,1,1,1,JS,0.916290732,0.916290732,0.916290732,1,0,1,0,0.743055556,0,3430,2764,1005,1005
18/11/2011,40865,0.646527778,M,NA,NA,0.680555556,14,2,5,0,IW,0,0,322,before,2011,2011,4,0,2.5,1,1,IW,2.917770732,2.917770732,2.803360381,1,0,1.5,-0.5,0.588888889,0.057638889,3588,6092,NA,NA
20/11/2011,40867,0.53125,M,NA,NA,0.576388889,9,7,45,0,IW,0,0,324,before,2011,2011,14,0,2.5,2,1,IW,3.157000421,3.157000421,2.803360381,1,0,1.5,0.5,0.588888889,-0.057638889,3588,6092,NA,NA
14/11/2011,40861,0.600694444,F,NA,NA,0.670138889,32,0,25,0,IW,0,0,318,before,2011,2011,0,0,2.5,1,1,IW,3.481240089,3.481240089,3.481240089,1,0,1,0,0.600694444,0,3589,586,NA,NA
24/11/2010,40506,0.5625,M,NA,NA,NA,93,0,NA,0,PG,0,0,328,before,2010,2010,0,1,1.5,1,1,O,4.537961436,4.537961436,4.537961436,1,0,1,0,0.5625,0,3597,337,NA,NA
23/01/2010,40201,0.340277778,M,NA,NA,NA,9,0,NA,0,JS,0,0,23,after,2010,2009,0,1,1,1,1,JS,2.251291799,2.251291799,2.251291799,1,0,1,0,0.340277778,0,3706,3430,1084,1083
18/11/2011,40865,0.7,F,NA,NA,0.75,12,0,60,0,IW,0,0,322,before,2011,2011,0,0,2.5,1,1,IW,2.525728644,2.525728644,2.525728644,1,0,1,0,0.7,0,3715,3357,1085,1085
20/01/2010,40198,0.361111111,F,NA,NA,NA,9,5,NA,0,JS,0,0,20,after,2010,2009,10,1,1,1,1,JS,2.970414466,2.674148649,2.674148649,1,0,1,0,0.361111111,0,3751,3847,1096,1096
20/01/2010,40198,0.625,M,NA,NA,NA,12,6,NA,0,JS,0,0,20,after,2010,2009,12,1,1,1,1,JS,3.198673118,2.917770732,2.917770732,1.333333333,-0.333333333,1.333333333,-0.333333333,0.465277778,0.159722222,3764,3673,1103,1102
22/01/2010,40200,0.333333333,M,NA,NA,NA,9,80,NA,0,JS,0,0,22,after,2010,2009,160,1,1,2,1,JS,5.132852927,4.494238625,4.494238625,1.333333333,-0.333333333,1.333333333,0.666666667,0.465277778,-0.131944445,3764,3673,1103,1102
15/11/2011,40862,0.4375,M,NA,NA,0.454861111,3,0,5,0,IW,0,0,319,before,2011,2011,0,0,2.5,1,2,IW,1.252762968,1.252762968,1.252762968,1.333333333,0.666666667,1.333333333,-0.333333333,0.465277778,-0.027777778,3764,3673,1103,1102
20/11/2011,40867,0.519444444,F,NA,NA,0.586805556,28,3,85,0,IW,0,0,324,before,2011,2011,6,0,2.5,1,1,IW,3.540959324,3.540959324,3.449987546,1,0,1,0,0.519444444,0,3776,3674,1105,1105
20/01/2010,40198,0.368055556,M,NA,NA,NA,17,8,NA,0,JS,0,0,20,after,2010,2009,16,1,1,1,1,JS,3.511545439,3.238678452,3.238678452,1,0,1,0,0.368055556,0,3777,3674,1105,1105
02/02/2011,40576,0.71875,F,NA,NA,NA,3,0,NA,0,RW,0,0,33,after,2011,2010,0,1,2,1,1,O,1.252762968,1.252762968,1.252762968,1,0,1,0,0.71875,0,3790,3362,1110,1110
14/03/2014,41712,0.747916667,M,Y,0.756944444,0.765277778,13,2,10,1,AST,1,1,73,after,2014,2013,2,1,5,1,1,AST,2.740840024,2.740840024,2.740840024,1,0,1,0,0.747916667,0,3793,3362,1110,1110
23/01/2010,40201,0.3125,M,NA,NA,NA,9,64,NA,0,JS,0,0,23,after,2010,2009,128,1,1,1,1,JS,4.923623917,4.297285406,4.297285406,1,0,1,0,0.3125,0,3811,3365,1116,1116
20/01/2010,40198,0.361111111,M,NA,NA,NA,24,60,NA,0,JS,0,0,20,after,2010,2009,120,1,1,1,1,JS,4.973279508,4.436751534,4.436751534,1,0,1,0,0.361111111,0,3812,3365,1116,1116
20/01/2010,40198,0.354166667,M,NA,NA,NA,7,6,NA,0,JS,0,0,20,after,2010,2009,12,1,1,1,1,JS,2.970414466,2.602689685,2.602689685,1,0,1,0,0.354166667,0,3818,784,1118,1119
22/01/2010,40200,0.743055556,F,NA,NA,NA,9,3,NA,0,JS,0,0,22,after,2010,2009,6,1,1,1,1,JS,2.740840024,2.525728644,2.525728644,1.5,-0.5,1,0,0.607638889,0.135416667,3820,2568,1120,1120
20/11/2011,40867,0.472222222,F,NA,NA,0.489583333,2,0,20,0,IW,0,0,324,before,2011,2011,0,0,2.5,1,2,IW,0.916290732,0.916290732,0.916290732,1.5,0.5,1,0,0.607638889,-0.135416667,3820,2568,1120,1120
21/01/2010,40199,0.736111111,M,NA,NA,NA,12,1,NA,0,JS,0,0,21,after,2010,2009,2,1,1,1,1,JS,2.674148649,2.602689685,2.602689685,2,-1,1,0,0.519675926,0.216435185,3821,2568,1120,1120
25/11/2010,40507,0.368055556,M,NA,NA,NA,6,5,NA,0,PG,0,0,329,before,2010,2010,10,1,1.5,1,2,O,2.803360381,2.442347035,2.442347035,2,0,1,0,0.519675926,-0.15162037,3821,2568,1120,1120
12/11/2013,41590,0.454861111,M,Y,0.459027778,0.475,15,3,25,1,AST,1,3,316,before,2013,2013,3,1,4.5,1,3,AST,2.917770732,2.917770732,2.917770732,2,1,1,0,0.519675926,-0.064814815,3821,2568,1120,1120
22/01/2013,41296,0.711805556,F,Y,0.718055556,0.7375,4,0,30,1,IW,0,0,22,after,2013,2012,0,1,4,1,1,IW,1.504077397,1.504077397,1.504077397,1.5,-0.5,1,0,0.514583334,0.197222223,3822,2568,1120,1120
13/11/2013,41591,0.317361111,F,Y,0.321527778,0.33125,4,0,15,1,IW,1,3,317,before,2013,2013,0,1,4.5,1,2,IW,1.504077397,1.504077397,1.504077397,1.5,0.5,1,0,0.514583334,-0.197222223,3822,2568,1120,1120
23/01/2010,40201,0.354166667,F,NA,NA,NA,1,1,NA,0,JS,0,0,23,after,2010,2009,2,1,1,1,1,JS,1.252762968,0.916290732,0.916290732,1,0,1,0,0.354166667,0,3832,2764,1125,1125
06/02/2012,40945,0.711805556,F,N,NA,0.739583333,13,0,35,1,IW,0,0,37,after,2012,2011,0,1,3,1,1,IW,2.602689685,2.602689685,2.602689685,1,0,1,0,0.711805556,0,3833,3409,1126,1126
07/02/2012,40946,0.419444444,M,Y,NA,0.4375,12,3,20,1,IW,0,0,38,after,2012,2011,3,1,3,1,1,IW,2.740840024,2.740840024,2.740840024,1.5,-0.5,1,0,0.455902778,-0.036458334,3835,3362,1129,1128
10/11/2013,41588,0.492361111,M,Y,0.497916667,0.506944444,16,4,15,1,AST,0,3,314,before,2013,2013,4,1,4.5,1,2,AST,3.020424886,3.020424886,3.020424886,1.5,0.5,1,0,0.455902778,0.036458334,3835,3362,1129,1128
21/01/2010,40199,0.701388889,M,NA,NA,NA,18,1,NA,0,JS,0,0,21,after,2010,2009,2,1,1,1,1,JS,3.020424886,2.970414466,2.970414466,1.5,-0.5,1,0,0.494791667,0.206597223,3844,2841,NA,NA
25/01/2013,41299,0.288194444,M,Y,0.311111111,0.320833333,3,2,15,1,IW,0,4,25,after,2013,2012,2,1,4,1,2,IW,1.704748092,1.704748092,1.704748092,1.5,0.5,1,0,0.494791667,-0.206597223,3844,2841,NA,NA
02/02/2011,40576,0.423611111,F,NA,NA,NA,4,0,10,0,RW,0,0,33,after,2011,2010,0,1,2,1,1,O,1.504077397,1.504077397,1.504077397,1.5,-0.5,1,0,0.357638889,0.065972222,3846,3589,NA,NA
20/11/2011,40867,0.291666667,F,NA,NA,0.336805556,5,1,10,0,IW,0,0,324,before,2011,2011,2,0,2.5,1,2,IW,2.014903021,2.014903021,1.871802177,1.5,0.5,1,0,0.357638889,-0.065972222,3846,3589,NA,NA
18/11/2011,40865,0.690972222,M,NA,NA,0.701388889,0,1,10,0,IW,0,0,322,before,2011,2011,2,0,2.5,1,1,IW,0.916290732,0.916290732,0.405465108,1,0,1.5,-0.5,0.567708333,0.123263889,3849,3894,1316,1316
20/11/2011,40867,0.444444444,M,NA,NA,0.479166667,1,1,20,0,IW,0,0,324,before,2011,2011,2,0,2.5,2,1,IW,1.252762968,1.252762968,0.916290732,1,0,1.5,0.5,0.567708333,-0.123263889,3849,3894,1316,1316
16/11/2011,40863,0.666666667,M,NA,NA,0.75,2,0,25,0,IW,0,0,320,before,2011,2011,0,0,2.5,1,1,IW,0.916290732,0.916290732,0.916290732,1,0,1,0,0.666666667,0,3851,2764,1132,1132
08/02/2012,40947,0.724305556,M,Y,NA,0.736111111,1,1,25,1,IW,0,0,39,after,2012,2011,1,1,3,1,1,IW,0.916290732,0.916290732,0.916290732,2,-1,1.25,-0.25,0.536458334,0.187847223,3854,3847,1133,1133
24/01/2013,41298,0.675694444,M,Y,0.686111111,0.690277778,19,17,5,1,IW,0,3,24,after,2013,2012,17,1,4,1,2,IW,3.597312261,3.597312261,3.597312261,2,0,1.25,-0.25,0.536458334,0.139236111,3854,3847,1133,1133
27/01/2013,41301,0.321527778,M,N,0.324305556,0.329166667,14,1,5,1,IW,0,4,27,after,2013,2012,1,1,4,2,2,IW,2.740840024,2.740840024,2.740840024,2,0,1.25,0.75,0.536458334,-0.214930556,3854,3847,1133,1133
12/11/2013,41590,0.424305556,M,Y,0.429861111,0.434027778,1,5,5,1,AST,1,3,316,before,2013,2013,5,1,4.5,1,3,AST,1.871802177,1.871802177,1.871802177,2,1,1.25,-0.25,0.536458334,-0.112152778,3854,3847,1133,1133
22/01/2013,41296,0.40625,F,Y,0.409722222,0.424305556,16,8,20,1,IW,1,1,22,after,2013,2012,8,1,4,1,1,IW,3.198673118,3.198673118,3.198673118,1.5,-0.5,1,0,0.565277778,-0.159027778,3888,3776,1153,1153
14/11/2013,41592,0.724305556,F,Y,0.727777778,0.760416667,56,0,45,1,AST,0,0,318,before,2013,2013,0,1,4.5,1,2,AST,4.034240638,4.034240638,4.034240638,1.5,0.5,1,0,0.565277778,0.159027778,3888,3776,1153,1153
02/02/2011,40576,0.673611111,F,NA,NA,NA,1,0,NA,0,RW,0,0,33,after,2011,2010,0,1,2,1,1,O,0.405465108,0.405465108,0.405465108,2,-1,1,0,0.571064815,0.102546296,3892,3430,1154,1154
18/11/2011,40865,0.708333333,F,NA,NA,0.774305556,1,0,85,0,HR,0,0,322,before,2011,2011,0,0,2.5,1,2,O,0.405465108,0.405465108,0.405465108,2,0,1,0,0.571064815,0.137268518,3892,3430,1154,1154
27/11/2012,41240,0.33125,F,Y,0.333333333,0.338194444,3,1,5,1,IW,1,3,332,before,2012,2012,1,1,3.5,1,3,IW,1.504077397,1.504077397,1.504077397,2,1,1,0,0.571064815,-0.239814815,3892,3430,1154,1154
20/11/2011,40867,0.527083333,F,NA,NA,0.590277778,55,7,75,0,IW,0,0,324,before,2011,2011,14,0,2.5,1,1,IW,4.241326753,4.241326753,4.135166557,2.5,-1.5,1,0,0.560416667,-0.033333334,3902,3365,1157,1157
09/02/2012,40948,0.694444444,F,N,NA,0.715277778,16,0,20,1,IW,0,0,40,after,2012,2011,0,1,3,1,2,IW,2.803360381,2.803360381,2.803360381,2.5,-0.5,1,0,0.560416667,0.134027778,3902,3365,1157,1157
22/01/2013,41296,0.677777778,F,Y,0.685416667,0.702777778,44,5,25,1,IW,0,0,22,after,2013,2012,5,1,4,1,3,IW,3.90197267,3.90197267,3.90197267,2.5,0.5,1,0,0.560416667,0.117361112,3902,3365,1157,1157
13/11/2013,41591,0.342361111,F,Y,0.345833333,0.378472222,26,3,45,1,IW,0,0,317,before,2013,2013,3,1,4.5,1,4,IW,3.384390263,3.384390263,3.384390263,2.5,1.5,1,0,0.560416667,-0.218055556,3902,3365,1157,1157
02/02/2011,40576,0.659722222,M,NA,NA,NA,3,1,NA,0,RW,0,0,33,after,2011,2010,2,1,2,1,1,O,1.704748092,1.504077397,1.504077397,1.5,-0.5,1,0,0.567708333,0.092013889,3910,3737,1160,1160
20/11/2011,40867,0.475694444,M,NA,NA,0.5,22,0,25,0,IW,0,0,324,before,2011,2011,0,0,2.5,1,2,IW,3.113515309,3.113515309,3.113515309,1.5,0.5,1,0,0.567708333,-0.092013889,3910,3737,1160,1160
27/01/2013,41301,0.672916667,M,Y,0.679166667,0.690972222,22,2,15,1,IW,0,4,27,after,2013,2012,2,1,4,1,1,IW,3.198673118,3.198673118,3.198673118,1,0,1,0,0.672916667,0,3913,3386,1163,1163
18/11/2011,40865,0.708333333,F,NA,NA,0.763888889,3,0,50,0,IW,0,0,322,before,2011,2011,0,0,2.5,1,1,IW,1.252762968,1.252762968,1.252762968,1,0,1,0,0.708333333,0,3922,3389,1165,1165
20/11/2011,40867,0.416666667,M,NA,NA,0.447916667,1,0,30,0,IW,0,0,324,before,2011,2011,0,0,2.5,1,1,IW,0.405465108,0.405465108,0.405465108,2.4,-1.4,1.2,-0.2,0.575694445,-0.159027778,3936,3790,1170,1170
26/11/2012,41239,0.440972222,M,Y,0.445833333,0.45625,0,0,15,1,IW,0,0,331,before,2012,2012,0,1,3.5,1,2,IW,-0.693147181,-0.693147181,-0.693147181,2.4,-0.4,1.2,-0.2,0.575694445,-0.134722223,3936,3790,1170,1170
28/11/2012,41241,0.647916667,M,Y,0.650694444,0.658333333,2,0,10,1,IW,0,3,333,before,2012,2012,0,1,3.5,2,2,IW,0.916290732,0.916290732,0.916290732,2.4,-0.4,1.2,0.8,0.575694445,0.072222222,3936,3790,1170,1170
22/01/2013,41296,0.65625,M,Y,0.660416667,0.677777778,0,0,25,1,IW,0,0,22,after,2013,2012,0,1,4,1,3,IW,-0.693147181,-0.693147181,-0.693147181,2.4,0.6,1.2,-0.2,0.575694445,0.080555555,3936,3790,1170,1170
14/11/2013,41592,0.716666667,M,Y,0.722916667,0.75,5,1,40,1,AST,0,0,318,before,2013,2013,1,1,4.5,1,4,AST,1.871802177,1.871802177,1.871802177,2.4,1.6,1.2,-0.2,0.575694445,0.140972222,3936,3790,1170,1170
13/11/2013,41591,0.347222222,F,Y,0.351388889,0.384027778,52,22,45,1,IW,0,0,317,before,2013,2013,22,1,4.5,1,1,IW,4.310799125,4.310799125,4.310799125,1,0,1.5,-0.5,0.523263889,-0.176041667,3939,3715,NA,NA
14/11/2013,41592,0.699305556,F,N,NA,0.726388889,60,17,NA,1,AST,0,0,318,before,2013,2013,17,1,4.5,2,1,AST,4.350277936,4.350277936,4.350277936,1,0,1.5,0.5,0.523263889,0.176041667,3939,3715,NA,NA
25/11/2010,40507,0.430555556,M,NA,NA,NA,5,2,NA,0,PG,0,0,329,before,2010,2010,4,1,1.5,1,1,O,2.251291799,2.014903021,2.014903021,1.5,-0.5,1,0,0.381944445,0.048611112,3945,3834,1172,1172
01/02/2011,40575,0.333333333,M,NA,NA,NA,3,1,20,0,JS,0,0,32,after,2011,2010,2,1,2,1,2,JS,1.704748092,1.504077397,1.504077397,1.5,0.5,1,0,0.381944445,-0.048611112,3945,3834,1172,1172
27/11/2012,41240,0.35625,M,Y,0.365277778,0.373611111,25,0,10,1,IW,0,0,332,before,2012,2012,0,1,3.5,1,1,IW,3.238678452,3.238678452,3.238678452,1.5,-0.5,1,0,0.359722222,-0.003472222,3949,3207,NA,NA
15/03/2014,41713,0.363194444,M,Y,0.372222222,0.380555556,5,2,15,1,AST,1,3,74,after,2014,2013,2,1,5,1,2,AST,2.014903021,2.014903021,2.014903021,1.5,0.5,1,0,0.359722222,0.003472222,3949,3207,NA,NA
07/02/2012,40946,0.39375,F,Y,NA,0.409722222,11,1,15,1,IW,0,0,38,after,2012,2011,1,1,3,1,1,IW,2.525728644,2.525728644,2.525728644,1,0,1.5,-0.5,0.353125,0.040625,3950,3207,NA,NA
08/02/2012,40947,0.3125,F,Y,NA,0.399305556,0,2,5,1,IW,0,0,39,after,2012,2011,2,1,3,2,1,IW,0.916290732,0.916290732,0.916290732,1,0,1.5,0.5,0.353125,-0.040625,3950,3207,NA,NA
09/02/2012,40948,0.694444444,M,N,NA,0.722222222,4,0,15,1,IW,0,0,40,after,2012,2011,0,1,3,1,1,IW,1.504077397,1.504077397,1.504077397,1.5,-0.5,1,0,0.644097222,0.050347222,3965,3846,1176,1176
24/01/2013,41298,0.59375,M,Y,0.613194444,0.623611111,7,5,15,1,IW,0,0,24,after,2013,2012,5,1,4,1,2,IW,2.525728644,2.525728644,2.525728644,1.5,0.5,1,0,0.644097222,-0.050347222,3965,3846,1176,1176
26/11/2012,41239,0.620138889,F,Y,0.622916667,0.636111111,0,0,20,1,IW,0,0,331,before,2012,2012,0,1,3.5,1,1,IW,-0.693147181,-0.693147181,-0.693147181,1.333333333,-0.333333333,1.333333333,-0.333333333,0.395601852,0.224537037,3970,3409,1177,1177
28/11/2012,41241,0.286111111,F,N,0.286805556,0.295833333,35,4,15,1,IW,0,0,333,before,2012,2012,4,1,3.5,2,1,IW,3.676300672,3.676300672,3.676300672,1.333333333,-0.333333333,1.333333333,0.666666667,0.395601852,-0.109490741,3970,3409,1177,1177
25/01/2013,41299,0.280555556,F,Y,0.290277778,0.309027778,10,3,25,1,IW,0,4,25,after,2013,2012,3,1,4,1,2,IW,2.602689685,2.602689685,2.602689685,1.333333333,0.666666667,1.333333333,-0.333333333,0.395601852,-0.115046296,3970,3409,1177,1177
11/11/2013,41589,0.480555556,F,Y,0.482638889,0.513194444,4,0,45,1,IW,0,0,315,before,2013,2013,0,1,4.5,1,1,IW,1.504077397,1.504077397,1.504077397,1,0,2,-1,0.488888889,-0.008333333,3972,3409,1177,1177
13/11/2013,41591,0.326388889,F,Y,0.328472222,0.366666667,14,31,55,1,IW,0,0,317,before,2013,2013,31,1,4.5,2,1,IW,3.817712326,3.817712326,3.817712326,1,0,2,0,0.488888889,-0.1625,3972,3409,1177,1177
14/11/2013,41592,0.659722222,F,N,0.660416667,0.677083333,9,19,25,1,IW,1,3,318,before,2013,2013,19,1,4.5,3,1,IW,3.349904087,3.349904087,3.349904087,1,0,2,1,0.488888889,0.170833333,3972,3409,1177,1177
31/01/2011,40574,0.666666667,M,NA,NA,NA,2,2,25,0,JS,0,0,31,after,2011,2010,4,1,2,1,1,JS,1.871802177,1.504077397,1.504077397,1,0,1,0,0.666666667,0,3974,3386,1179,1179
24/11/2010,40506,0.527777778,F,NA,NA,NA,11,0,NA,0,PG,0,0,328,before,2010,2010,0,1,1.5,2,1,O,2.442347035,2.442347035,2.442347035,1,0,1.5,0.5,0.618055556,-0.090277778,3975,3589,1180,1180
07/02/2012,40946,0.739583333,F,N,NA,0.78125,5,0,20,1,IW,0,0,38,after,2012,2011,0,1,3,1,1,IW,1.704748092,1.704748092,1.704748092,1,0,1.5,-0.5,0.723958333,0.015625,3978,3589,1180,1180
09/02/2012,40948,0.708333333,F,Y,NA,0.74375,1,1,30,1,IW,0,0,40,after,2012,2011,1,1,3,2,1,IW,0.916290732,0.916290732,0.916290732,1,0,1.5,0.5,0.723958333,-0.015625,3978,3589,1180,1180
18/11/2011,40865,0.670138889,F,NA,NA,0.6875,0,1,10,0,IW,0,0,322,before,2011,2011,2,0,2.5,1,1,IW,0.916290732,0.916290732,0.405465108,1,0,1,0,0.670138889,0,3985,3376,1182,1182
14/11/2011,40861,0.666666667,M,NA,NA,0.701388889,4,0,5,0,IW,0,0,318,before,2011,2011,0,0,2.5,1,1,IW,1.504077397,1.504077397,1.504077397,1.333333333,-0.333333333,1.333333333,-0.333333333,0.542824074,0.123842593,3991,3833,1185,1185
20/11/2011,40867,0.277777778,M,NA,NA,0.319444444,0,1,15,0,IW,0,0,324,before,2011,2011,2,0,2.5,2,1,IW,0.916290732,0.916290732,0.405465108,1.333333333,-0.333333333,1.333333333,0.666666667,0.542824074,-0.265046296,3991,3833,1185,1185
23/01/2013,41297,0.684027778,M,Y,0.7,0.722916667,33,9,35,1,IW,0,0,23,after,2013,2012,9,1,4,1,2,IW,3.749504076,3.749504076,3.749504076,1.333333333,0.666666667,1.333333333,-0.333333333,0.542824074,0.141203704,3991,3833,1185,1185
02/02/2011,40576,0.673611111,F,NA,NA,NA,10,1,NA,0,RW,0,0,33,after,2011,2010,2,1,2,1,1,O,2.525728644,2.442347035,2.442347035,1.5,-0.5,1,0,0.690972222,-0.017361111,3995,3737,NA,NA
18/11/2011,40865,0.708333333,F,NA,NA,0.732638889,11,2,15,0,TB,0,0,322,before,2011,2011,4,0,2.5,1,2,O,2.740840024,2.740840024,2.602689685,1.5,0.5,1,0,0.690972222,0.017361111,3995,3737,NA,NA
15/11/2011,40862,0.444444444,M,NA,NA,0.479166667,9,0,15,0,IW,0,0,319,before,2011,2011,0,0,2.5,1,1,IW,2.251291799,2.251291799,2.251291799,1.5,-0.5,1,0,0.563888889,-0.119444445,3998,3389,1188,1188
10/11/2013,41588,0.683333333,M,Y,0.693055556,0.713194444,39,1,30,1,IW,0,0,314,before,2013,2013,1,1,4.5,1,2,IW,3.701301974,3.701301974,3.701301974,1.5,0.5,1,0,0.563888889,0.119444445,3998,3389,1188,1188
01/02/2011,40575,0.333333333,F,NA,NA,NA,1,0,15,0,JS,0,0,32,after,2011,2010,0,1,2,1,1,JS,0.405465108,0.405465108,0.405465108,1.5,-0.5,1,0,0.414930556,-0.081597223,4002,3403,1189,1189
20/11/2011,40867,0.496527778,F,NA,NA,0.524305556,0,0,25,0,IW,0,0,324,before,2011,2011,0,0,2.5,1,2,IW,-0.693147181,-0.693147181,-0.693147181,1.5,0.5,1,0,0.414930556,0.081597223,4002,3403,1189,1189
15/11/2011,40862,0.423611111,M,NA,NA,0.4375,12,0,10,0,IW,0,0,319,before,2011,2011,0,0,2.5,1,1,IW,2.525728644,2.525728644,2.525728644,1,0,1,0,0.423611111,0,4003,3834,1190,1190
25/11/2010,40507,0.354166667,M,NA,NA,NA,30,23,NA,0,PG,0,0,329,before,2010,2010,46,1,1.5,1,1,O,4.337290741,3.979681654,3.979681654,1,0,1,0,0.354166667,0,4013,3386,1195,1195
23/01/2013,41297,0.642361111,M,Y,0.650694444,0.659722222,3,0,15,1,IW,0,0,23,after,2013,2012,0,1,4,1,1,IW,1.252762968,1.252762968,1.252762968,1.5,-0.5,1,0,0.473263889,0.169097222,4018,3820,1197,1197
12/11/2013,41590,0.304166667,M,Y,0.311805556,0.322916667,4,0,15,1,IW,1,3,316,before,2013,2013,0,1,4.5,1,2,IW,1.504077397,1.504077397,1.504077397,1.5,0.5,1,0,0.473263889,-0.169097222,4018,3820,1197,1197
25/11/2012,41238,0.415277778,M,Y,0.41875,0.440972222,3,0,30,1,IW,1,2,330,before,2012,2012,0,1,3.5,1,1,IW,1.252762968,1.252762968,1.252762968,1,0,1.5,-0.5,0.337847223,0.077430556,4021,2841,1198,1198
28/11/2012,41241,0.260416667,M,N,0.272222222,0.279166667,5,0,10,1,IW,0,0,333,before,2012,2012,0,1,3.5,2,1,IW,1.704748092,1.704748092,1.704748092,1,0,1.5,0.5,0.337847223,-0.077430556,4021,2841,1198,1198
25/11/2010,40507,0.347222222,F,NA,NA,NA,2,3,NA,0,PG,0,0,329,before,2010,2010,6,1,1.5,1,1,O,2.140066163,1.704748092,1.704748092,1,0,1,0,0.347222222,0,4022,2841,1198,1198
18/11/2011,40865,0.673611111,M,NA,NA,0.690972222,4,0,10,0,IW,0,0,322,before,2011,2011,0,0,2.5,1,1,IW,1.504077397,1.504077397,1.504077397,1.5,-0.5,1,0,0.7,-0.026388889,4029,6104,NA,NA
14/03/2014,41712,0.726388889,M,Y,0.732638889,0.734027778,2,2,0,1,AST,1,4,73,after,2014,2013,2,1,5,1,2,AST,1.504077397,1.504077397,1.504077397,1.5,0.5,1,0,0.7,0.026388889,4029,6104,NA,NA
14/11/2011,40861,0.600694444,F,NA,NA,0.684027778,35,0,40,0,IW,0,0,318,before,2011,2011,0,0,2.5,1,1,IW,3.569532696,3.569532696,3.569532696,1,0,1,0,0.600694444,0,4034,3745,1151,1151
23/11/2010,40505,0.291666667,F,NA,NA,NA,1,0,NA,0,JS,0,0,327,before,2010,2010,0,1,1.5,1,1,JS,0.405465108,0.405465108,0.405465108,1,0,1,0,0.291666667,0,4039,3719,NA,NA
23/11/2010,40505,0.71875,M,NA,NA,NA,0,5,NA,0,JS,0,0,327,before,2010,2010,10,1,1.5,1,1,JS,2.351375257,1.704748092,1.704748092,1.5,-0.5,1,0,0.600694445,0.118055556,4040,3715,NA,NA
20/11/2011,40867,0.482638889,M,NA,NA,0.527777778,29,0,55,0,IW,0,0,324,before,2011,2011,0,0,2.5,1,2,IW,3.384390263,3.384390263,3.384390263,1.5,0.5,1,0,0.600694445,-0.118055556,4040,3715,NA,NA
25/11/2010,40507,0.333333333,M,NA,NA,NA,1,0,NA,0,PG,0,0,329,before,2010,2010,0,1,1.5,1,1,O,0.405465108,0.405465108,0.405465108,1,0,1,0,0.333333333,0,4042,3207,NA,NA
24/11/2010,40506,0.350694444,F,NA,NA,NA,4,1,NA,0,PG,0,0,328,before,2010,2010,2,1,1.5,1,1,O,1.871802177,1.704748092,1.704748092,1,0,1,0,0.350694444,0,4044,3207,NA,NA
07/02/2012,40946,0.75,F,Y,NA,0.791666667,4,0,20,1,IW,0,0,38,after,2012,2011,0,1,3,1,1,IW,1.504077397,1.504077397,1.504077397,1.5,-0.5,1,0,0.715625,0.034375,4048,3820,NA,NA
21/01/2013,41295,0.68125,F,Y,0.710416667,0.720833333,3,0,15,1,IW,1,2,21,after,2013,2012,0,1,4,1,2,IW,1.252762968,1.252762968,1.252762968,1.5,0.5,1,0,0.715625,-0.034375,4048,3820,NA,NA
20/11/2011,40867,0.479166667,F,NA,NA,0.534722222,7,0,75,0,IW,0,0,324,before,2011,2011,0,0,2.5,1,1,IW,2.014903021,2.014903021,2.014903021,1,0,1,0,0.479166667,0,4051,3968,1317,1317
21/01/2013,41295,0.711805556,M,Y,0.740277778,0.749305556,8,0,15,1,IW,0,0,21,after,2013,2012,0,1,4,1,1,IW,2.140066163,2.140066163,2.140066163,1,0,1,0,0.711805556,0,4067,3719,1204,1204
14/03/2014,41712,0.322222222,M,Y,0.336111111,0.388194444,2,2,75,1,AST,1,4,73,after,2014,2013,2,1,5,1,1,AST,1.504077397,1.504077397,1.504077397,1,0,1,0,0.322222222,0,4078,2764,1208,1208
08/02/2012,40947,0.694444444,M,Y,NA,0.708333333,5,0,10,1,IW,0,0,39,after,2012,2011,0,1,3,1,1,IW,1.704748092,1.704748092,1.704748092,1,0,1,0,0.694444444,0,4080,3589,1209,1209
23/01/2013,41297,0.705555556,F,Y,0.7125,0.728472222,13,1,25,1,IW,0,4,23,after,2013,2012,1,1,4,1,1,IW,2.674148649,2.674148649,2.674148649,1,0,1,0,0.705555556,0,4103,3833,1215,1215
19/11/2011,40866,0.684027778,M,NA,NA,0.729166667,37,11,45,0,IW,0,0,323,before,2011,2011,22,0,2.5,1,1,IW,4.085976313,4.085976313,3.881563798,2,-1,1,0,0.614814815,0.069212963,4106,3972,1216,1216
07/02/2012,40946,0.729166667,M,N,NA,0.739583333,10,1,15,1,IW,0,0,38,after,2012,2011,1,1,3,1,2,IW,2.442347035,2.442347035,2.442347035,2,0,1,0,0.614814815,0.114351852,4106,3972,1216,1216
26/01/2013,41300,0.43125,M,Y,0.441666667,0.445833333,21,5,5,1,IW,0,0,26,after,2013,2012,5,1,4,1,3,IW,3.277144733,3.277144733,3.277144733,2,1,1,0,0.614814815,-0.183564815,4106,3972,1216,1216
06/02/2012,40945,0.6875,F,Y,NA,0.729166667,13,55,45,1,IW,0,0,37,after,2012,2011,55,1,3,1,1,IW,4.226833745,4.226833745,4.226833745,1.333333333,-0.333333333,1.333333333,-0.333333333,0.700231482,-0.012731482,4107,3972,1216,1216
09/02/2012,40948,0.763888889,F,N,NA,0.760416667,71,6,15,1,IW,0,0,40,after,2012,2011,6,1,3,2,1,IW,4.350277936,4.350277936,4.350277936,1.333333333,-0.333333333,1.333333333,0.666666667,0.700231482,0.063657407,4107,3972,1216,1216
25/01/2013,41299,0.649305556,F,Y,0.659722222,0.669444444,89,68,15,1,IW,0,0,25,after,2013,2012,68,1,4,1,2,IW,5.059425458,5.059425458,5.059425458,1.333333333,0.666666667,1.333333333,-0.333333333,0.700231482,-0.050925926,4107,3972,1216,1216
20/11/2011,40867,0.444444444,M,NA,NA,0.472222222,1,0,25,0,IW,0,0,324,before,2011,2011,0,0,2.5,1,1,IW,0.405465108,0.405465108,0.405465108,1.5,-0.5,1,0,0.378472222,0.065972222,4161,3430,1230,1230
08/02/2012,40947,0.3125,M,Y,NA,0.385416667,14,1,20,1,IW,0,0,39,after,2012,2011,1,1,3,1,2,IW,2.740840024,2.740840024,2.740840024,1.5,0.5,1,0,0.378472222,-0.065972222,4161,3430,1230,1230
16/11/2011,40863,0.305555556,M,NA,NA,0.357638889,0,0,15,0,IW,0,0,320,before,2011,2011,0,0,2.5,1,1,IW,-0.693147181,-0.693147181,-0.693147181,1,0,1,0,0.305555556,0,4164,3430,1230,1230
22/01/2013,41296,0.463888889,M,Y,0.472222222,0.479861111,4,4,10,1,IW,0,0,22,after,2013,2012,4,1,4,1,1,IW,2.140066163,2.140066163,2.140066163,2,-1,1,0,0.389351852,0.074537037,4168,3820,1231,1231
13/11/2013,41591,0.418055556,M,Y,0.424305556,0.447916667,21,7,35,1,AST,0,0,317,before,2013,2013,7,1,4.5,1,2,AST,3.349904087,3.349904087,3.349904087,2,0,1,0,0.389351852,0.028703704,4168,3820,1231,1231
13/03/2014,41711,0.286111111,M,Y,0.29375,0.299305556,6,1,10,1,AST,0,0,72,after,2014,2013,1,1,5,1,3,AST,2.014903021,2.014903021,2.014903021,2,1,1,0,0.389351852,-0.103240741,4168,3820,1231,1231
28/11/2012,41241,0.274305556,F,Y,0.284722222,0.290972222,0,1,10,1,IW,0,0,333,before,2012,2012,1,1,3.5,1,1,IW,0.405465108,0.405465108,0.405465108,1.5,-0.5,1,0,0.478472223,-0.204166667,4180,3827,1236,1236
09/11/2013,41587,0.682638889,F,Y,0.686111111,0.723611111,4,0,55,1,IW,0,0,313,before,2013,2013,0,1,4.5,1,2,IW,1.504077397,1.504077397,1.504077397,1.5,0.5,1,0,0.478472223,0.204166667,4180,3827,1236,1236
20/11/2011,40867,0.465277778,M,NA,NA,0.486111111,0,0,20,0,IW,0,0,324,before,2011,2011,0,0,2.5,1,1,IW,-0.693147181,-0.693147181,-0.693147181,1,0,1,0,0.465277778,0,4188,3999,1238,1238
20/11/2011,40867,0.529861111,M,NA,NA,0.552083333,0,1,15,0,IW,1,1,324,before,2011,2011,2,0,2.5,1,1,IW,0.916290732,0.916290732,0.405465108,1,0,1,0,0.529861111,0,4194,3986,1239,1239
16/11/2011,40863,0.635416667,M,NA,NA,0.690972222,41,0,35,0,IW,0,0,320,before,2011,2011,0,0,2.5,1,1,IW,3.725693427,3.725693427,3.725693427,1,0,1,0,0.635416667,0,4208,3989,1243,1243
18/11/2011,40865,0.708333333,M,NA,NA,0.767361111,36,0,60,0,IW,0,0,322,before,2011,2011,0,0,2.5,1,1,IW,3.597312261,3.597312261,3.597312261,2,-1,1,0,0.471527778,0.236805555,4218,3386,1247,1247
26/01/2013,41300,0.335416667,M,Y,0.345138889,0.354861111,62,2,15,1,IW,0,3,26,after,2013,2012,2,1,4,1,2,IW,4.166665224,4.166665224,4.166665224,2,0,1,0,0.471527778,-0.136111111,4218,3386,1247,1247
15/03/2014,41713,0.370833333,M,Y,0.38125,0.388194444,55,1,10,1,AST,1,4,74,after,2014,2013,1,1,5,1,3,AST,4.034240638,4.034240638,4.034240638,2,1,1,0,0.471527778,-0.100694445,4218,3386,1247,1247
16/11/2011,40863,0.635416667,F,NA,NA,0.684027778,20,0,25,0,IW,0,0,320,before,2011,2011,0,0,2.5,1,1,IW,3.020424886,3.020424886,3.020424886,1.5,-0.5,1,0,0.6875,-0.052083333,4223,4034,1249,1248
08/02/2012,40947,0.739583333,F,Y,NA,0.770833333,7,0,15,1,IW,0,0,39,after,2012,2011,0,1,3,1,2,IW,2.014903021,2.014903021,2.014903021,1.5,0.5,1,0,0.6875,0.052083333,4223,4034,1249,1248
07/02/2012,40946,0.729166667,F,Y,NA,0.746527778,1,1,10,1,IW,0,0,38,after,2012,2011,1,1,3,1,1,IW,0.916290732,0.916290732,0.916290732,1,0,1,0,0.729166667,0,4242,3822,1252,1254
07/02/2012,40946,0.75,F,Y,NA,0.798611111,19,1,20,1,IW,0,0,38,after,2012,2011,1,1,3,1,1,IW,3.020424886,3.020424886,3.020424886,1,0,1,0,0.75,0,4243,3822,1252,1254
14/11/2011,40861,0.611111111,M,NA,NA,0.677083333,30,0,30,0,IW,1,1,318,before,2011,2011,0,0,2.5,1,1,IW,3.417726684,3.417726684,3.417726684,1,0,1.5,-0.5,0.550347222,0.060763889,4250,3589,1256,1256
20/11/2011,40867,0.489583333,M,NA,NA,0.538194444,36,0,50,0,IW,0,0,324,before,2011,2011,0,0,2.5,2,1,IW,3.597312261,3.597312261,3.597312261,1,0,1.5,0.5,0.550347222,-0.060763889,4250,3589,1256,1256
18/11/2011,40865,0.646527778,F,NA,NA,0.666666667,5,0,15,0,IW,0,0,322,before,2011,2011,0,0,2.5,1,1,IW,1.704748092,1.704748092,1.704748092,1,0,1,0,0.646527778,0,4254,3894,1255,1257
26/11/2012,41239,0.463194444,M,N,0.467361111,0.475,4,2,10,1,IW,0,0,331,before,2012,2012,2,1,3.5,1,1,IW,1.871802177,1.871802177,1.871802177,1.5,-0.5,1,0,0.557986111,-0.094791667,4269,3888,1259,1260
27/01/2013,41301,0.652777778,M,Y,0.661805556,0.666666667,26,27,5,1,IW,0,0,27,after,2013,2012,27,1,4,1,2,IW,3.979681654,3.979681654,3.979681654,1.5,0.5,1,0,0.557986111,0.094791667,4269,3888,1259,1260
25/01/2013,41299,0.281944444,M,N,0.286805556,0.313888889,50,0,40,1,IW,0,4,25,after,2013,2012,0,1,4,1,1,IW,3.921973336,3.921973336,3.921973336,1,0,1,0,0.281944444,0,4272,3409,1261,1261
16/11/2011,40863,0.659722222,M,NA,NA,0.732638889,9,0,20,0,IW,0,0,320,before,2011,2011,0,0,2.5,1,1,IW,2.251291799,2.251291799,2.251291799,1,0,1.5,-0.5,0.545138889,0.114583333,4276,3403,1263,1263
20/11/2011,40867,0.430555556,M,NA,NA,0.451388889,1,0,25,0,IW,0,0,324,before,2011,2011,0,0,2.5,2,1,IW,0.405465108,0.405465108,0.405465108,1,0,1.5,0.5,0.545138889,-0.114583333,4276,3403,1263,1263
19/11/2011,40866,0.333333333,M,NA,NA,0.375,0,0,50,0,JS,0,0,323,before,2011,2011,0,0,2.5,1,1,JS,-0.693147181,-0.693147181,-0.693147181,1,0,1,0,0.333333333,0,4280,3403,1263,1263
15/11/2011,40862,0.413194444,F,NA,NA,0.434027778,4,0,10,0,IW,0,0,319,before,2011,2011,0,0,2.5,1,1,IW,1.504077397,1.504077397,1.504077397,1,0,1.5,-0.5,0.409722222,0.003472222,4296,3820,1318,1318
16/11/2011,40863,0.40625,F,NA,NA,0.475694444,13,0,30,0,IW,0,0,320,before,2011,2011,0,0,2.5,2,1,IW,2.602689685,2.602689685,2.602689685,1,0,1.5,0.5,0.409722222,-0.003472222,4296,3820,1318,1318
16/11/2011,40863,0.635416667,F,NA,NA,0.697916667,62,4,75,0,IW,0,0,320,before,2011,2011,8,0,2.5,1,1,IW,4.25561271,4.25561271,4.197201948,1,0,1.5,-0.5,0.661458334,-0.026041666,4305,3719,1271,1270
18/11/2011,40865,0.6875,F,NA,NA,0.711805556,27,2,20,0,IW,0,0,322,before,2011,2011,4,0,2.5,2,1,IW,3.449987546,3.449987546,3.384390263,1,0,1.5,0.5,0.661458334,0.026041667,4305,3719,1271,1270
20/11/2011,40867,0.434027778,M,NA,NA,0.46875,1,0,35,0,IW,0,0,324,before,2011,2011,0,0,2.5,1,1,IW,0.405465108,0.405465108,0.405465108,1,0,1,0,0.434027778,0,4309,3430,1270,1271
08/02/2012,40947,0.744444444,F,Y,NA,0.746527778,0,0,15,1,IW,0,0,39,after,2012,2011,0,1,3,1,1,IW,-0.693147181,-0.693147181,-0.693147181,1,0,1,0,0.744444444,0,4313,3430,1270,1271
22/01/2013,41296,0.702777778,M,Y,0.713194444,0.732638889,14,0,30,1,IW,0,0,22,after,2013,2012,0,1,4,1,1,IW,2.674148649,2.674148649,2.674148649,1.5,-0.5,1,0,0.691666667,0.011111111,4317,3376,1272,1273
14/11/2013,41592,0.680555556,M,Y,0.685416667,0.700694444,8,1,20,1,AST,1,3,318,before,2013,2013,1,1,4.5,1,2,AST,2.251291799,2.251291799,2.251291799,1.5,0.5,1,0,0.691666667,-0.011111111,4317,3376,1272,1273
08/02/2012,40947,0.3125,M,Y,NA,0.392361111,11,0,25,1,IW,0,0,39,after,2012,2011,0,1,3,1,1,IW,2.442347035,2.442347035,2.442347035,1,0,1.5,-0.5,0.526041667,-0.213541667,4351,3902,1282,1281
25/01/2013,41299,0.64375,M,Y,0.660416667,0.665277778,67,0,5,1,IW,0,0,25,after,2013,2012,0,1,4,1,1,IW,4.212127598,4.212127598,4.212127598,1,0,1,0,0.64375,0,4366,3833,1284,1284
18/11/2011,40865,0.684027778,F,NA,NA,0.704861111,29,0,20,0,IW,0,0,322,before,2011,2011,0,0,2.5,1,1,IW,3.384390263,3.384390263,3.384390263,1.5,-0.5,1,0,0.503472223,0.180555556,4386,3827,1289,1289
08/02/2012,40947,0.322916667,F,Y,NA,0.427083333,16,10,20,1,IW,0,0,39,after,2012,2011,10,1,3,1,2,IW,3.277144733,3.277144733,3.277144733,1.5,0.5,1,0,0.503472223,-0.180555556,4386,3827,1289,1289
06/02/2012,40945,0.6875,M,Y,NA,0.722222222,3,0,40,1,IW,1,1,37,after,2012,2011,0,1,3,1,1,IW,1.252762968,1.252762968,1.252762968,1,0,1,0,0.6875,0,4395,4027,1291,1291
24/11/2012,41237,0.496527778,F,N,0.500694444,0.50625,6,0,10,1,IW,0,0,329,before,2012,2012,0,1,3.5,1,1,IW,1.871802177,1.871802177,1.871802177,1.5,-0.5,1,0,0.432986111,0.063541667,4396,4027,1291,1291
13/03/2014,41711,0.369444444,F,Y,0.375694444,0.436111111,1,0,85,1,AST,1,3,72,after,2014,2013,0,1,5,1,2,AST,0.405465108,0.405465108,0.405465108,1.5,0.5,1,0,0.432986111,-0.063541667,4396,4027,1291,1291
20/11/2011,40867,0.506944444,F,NA,NA,0.555555556,2,0,50,0,IW,0,0,324,before,2011,2011,0,0,2.5,1,1,IW,0.916290732,0.916290732,0.916290732,1,0,1,0,0.506944444,0,4398,4027,1291,1291
18/11/2011,40865,0.705555556,M,NA,NA,0.725694444,7,0,25,0,IW,1,1,322,before,2011,2011,0,0,2.5,1,1,IW,2.014903021,2.014903021,2.014903021,1,0,1.5,-0.5,0.601041667,0.104513889,4406,3879,1293,1293
20/11/2011,40867,0.496527778,M,NA,NA,0.513888889,57,0,10,0,IW,0,0,324,before,2011,2011,0,0,2.5,2,1,IW,4.051784948,4.051784948,4.051784948,1,0,1.5,0.5,0.601041667,-0.104513889,4406,3879,1293,1293
25/01/2013,41299,0.619444444,M,Y,0.630555556,0.634027778,20,4,5,1,IW,0,0,25,after,2013,2012,4,1,4,1,1,IW,3.198673118,3.198673118,3.198673118,1,0,1,0,0.619444444,0,4407,3990,1293,1294
23/01/2013,41297,0.370833333,M,Y,0.383333333,0.396527778,6,0,20,1,IW,0,0,23,after,2013,2012,0,1,4,1,1,IW,1.871802177,1.871802177,1.871802177,1,0,1,0,0.370833333,0,4416,3966,1298,1298
20/11/2011,40867,0.277777778,M,NA,NA,0.322916667,0,0,10,0,IW,0,0,324,before,2011,2011,0,0,2.5,1,1,IW,-0.693147181,-0.693147181,-0.693147181,2.833333333,-1.833333333,1.166666667,-0.166666667,0.550810185,-0.273032407,4421,3386,1300,1300
08/02/2012,40947,0.760416667,M,N,NA,0.78125,4,3,5,1,IW,0,0,39,after,2012,2011,3,1,3,1,2,IW,2.014903021,2.014903021,2.014903021,2.833333333,-0.833333333,1.166666667,-0.166666667,0.550810185,0.209606482,4421,3386,1300,1300
09/02/2012,40948,0.763888889,M,N,NA,0.763888889,13,15,15,1,IW,0,0,40,after,2012,2011,15,1,3,2,2,IW,3.349904087,3.349904087,3.349904087,2.833333333,-0.833333333,1.166666667,0.833333333,0.550810185,0.213078704,4421,3386,1300,1300
22/01/2013,41296,0.700694444,M,Y,0.710416667,0.727083333,40,13,25,1,IW,0,0,22,after,2013,2012,13,1,4,1,3,IW,3.979681654,3.979681654,3.979681654,2.833333333,0.166666667,1.166666667,-0.166666667,0.550810185,0.149884259,4421,3386,1300,1300
12/11/2013,41590,0.447916667,M,Y,0.454166667,0.470138889,23,15,20,1,AST,1,3,316,before,2013,2013,15,1,4.5,1,4,AST,3.650658241,3.650658241,3.650658241,2.833333333,1.166666667,1.166666667,-0.166666667,0.550810185,-0.102893518,4421,3386,1300,1300
16/03/2014,41714,0.354166667,M,N,0.363194444,0.365277778,4,1,5,1,AST,1,4,75,after,2014,2013,1,1,5,1,5,AST,1.704748092,1.704748092,1.704748092,2.833333333,2.166666667,1.166666667,-0.166666667,0.550810185,-0.196643518,4421,3386,1300,1300
15/11/2011,40862,0.652777778,M,NA,NA,0.694444444,21,4,30,0,IW,0,0,319,before,2011,2011,8,0,2.5,1,1,IW,3.384390263,3.384390263,3.238678452,1.333333333,-0.333333333,1.333333333,-0.333333333,0.596064815,0.056712963,4423,3737,1300,1301
16/11/2011,40863,0.40625,M,NA,NA,0.465277778,0,0,20,0,IW,0,0,320,before,2011,2011,0,0,2.5,2,1,IW,-0.693147181,-0.693147181,-0.693147181,1.333333333,-0.333333333,1.333333333,0.666666667,0.596064815,-0.189814815,4423,3737,1300,1301
07/02/2012,40946,0.729166667,M,Y,NA,0.753472222,13,4,15,1,IW,0,0,38,after,2012,2011,4,1,3,1,2,IW,2.862200881,2.862200881,2.862200881,1.333333333,0.666666667,1.333333333,-0.333333333,0.596064815,0.133101852,4423,3737,1300,1301
19/11/2011,40866,0.333333333,F,NA,NA,0.385416667,0,0,45,0,JS,0,0,323,before,2011,2011,0,0,2.5,1,1,JS,-0.693147181,-0.693147181,-0.693147181,1,0,1,0,0.333333333,0,4428,3977,1303,1302
25/01/2013,41299,0.719444444,M,Y,0.729166667,0.735416667,30,7,10,1,IW,0,0,25,after,2013,2012,7,1,4,1,1,IW,3.624340933,3.624340933,3.624340933,1,0,1,0,0.719444444,0,4444,3978,1308,1307
08/02/2012,40947,0.744444444,M,Y,NA,0.75,6,0,15,1,IW,0,0,39,after,2012,2011,0,1,3,1,1,IW,1.871802177,1.871802177,1.871802177,1,0,1.5,-0.5,0.726388889,0.018055555,4456,3365,1309,1309
09/02/2012,40948,0.708333333,M,N,NA,0.729166667,18,16,20,1,IW,0,0,40,after,2012,2011,16,1,3,2,1,IW,3.540959324,3.540959324,3.540959324,1,0,1.5,0.5,0.726388889,-0.018055556,4456,3365,1309,1309
19/11/2011,40866,0.684027778,F,NA,NA,0.725694444,18,0,50,0,IW,0,0,323,before,2011,2011,0,0,2.5,1,1,IW,2.917770732,2.917770732,2.917770732,1,0,1,0,0.684027778,0,4464,3822,1311,1311
19/11/2011,40866,0.333333333,F,NA,NA,0.381944444,6,1,55,0,JS,0,0,323,before,2011,2011,2,0,2.5,1,1,JS,2.140066163,2.140066163,2.014903021,1,0,1,0,0.333333333,0,4471,3989,1313,1312
19/11/2011,40866,0.701388889,M,NA,NA,0.736111111,17,0,45,0,IW,0,0,323,before,2011,2011,0,0,2.5,1,1,IW,2.862200881,2.862200881,2.862200881,2.5,-1.5,1.333333333,-0.333333333,0.554050926,0.147337963,4472,3989,1313,1312
20/11/2011,40867,0.515972222,M,NA,NA,0.5625,0,0,65,0,IW,0,0,324,before,2011,2011,0,0,2.5,2,1,IW,-0.693147181,-0.693147181,-0.693147181,2.5,-1.5,1.333333333,0.666666667,0.554050926,-0.038078704,4472,3989,1313,1312
06/02/2012,40945,0.6875,M,Y,NA,0.732638889,27,0,30,1,IW,0,0,37,after,2012,2011,0,1,3,1,2,IW,3.314186005,3.314186005,3.314186005,2.5,-0.5,1.333333333,-0.333333333,0.554050926,0.133449074,4472,3989,1313,1312
22/01/2013,41296,0.418055556,M,Y,0.433333333,0.438888889,1,1,10,1,IW,0,0,22,after,2013,2012,1,1,4,1,3,IW,0.916290732,0.916290732,0.916290732,2.5,0.5,1.333333333,-0.333333333,0.554050926,-0.13599537,4472,3989,1313,1312
13/11/2013,41591,0.347916667,M,Y,0.355555556,0.3625,14,11,10,1,IW,0,0,317,before,2013,2013,11,1,4.5,1,4,IW,3.238678452,3.238678452,3.238678452,2.5,1.5,1.333333333,-0.333333333,0.554050926,-0.206134259,4472,3989,1313,1312
14/11/2013,41592,0.653472222,M,Y,0.65625,0.663888889,1,0,10,1,IW,0,0,318,before,2013,2013,0,1,4.5,2,4,IW,0.405465108,0.405465108,0.405465108,2.5,1.5,1.333333333,0.666666667,0.554050926,0.099421296,4472,3989,1313,1312
18/11/2011,40865,0.708333333,F,NA,NA,0.746527778,22,0,35,0,IW,1,1,322,before,2011,2011,0,0,2.5,1,1,IW,3.113515309,3.113515309,3.113515309,1,0,1,0,0.708333333,0,4489,3409,1320,1320
16/11/2011,40863,0.40625,M,NA,NA,0.458333333,1,0,30,0,IW,1,3,320,before,2011,2011,0,0,2.5,1,1,IW,0.405465108,0.405465108,0.405465108,1.5,-0.5,1,0,0.578125,-0.171875,4498,3903,1324,1323
07/02/2012,40946,0.75,M,N,NA,0.784722222,14,0,15,1,IW,0,0,38,after,2012,2011,0,1,3,1,2,IW,2.674148649,2.674148649,2.674148649,1.5,0.5,1,0,0.578125,0.171875,4498,3903,1324,1323
20/11/2011,40867,0.525694444,F,NA,NA,0.572916667,3,1,45,0,IW,0,0,324,before,2011,2011,2,0,2.5,1,1,IW,1.704748092,1.704748092,1.504077397,1,0,1,0,0.525694444,0,4506,3389,1326,1325
20/11/2011,40867,0.500694444,F,NA,NA,0.565972222,0,0,75,0,IW,0,0,324,before,2011,2011,0,0,2.5,1,1,IW,-0.693147181,-0.693147181,-0.693147181,1,0,1,0,0.500694444,0,4509,3776,1325,1326
20/11/2011,40867,0.509027778,M,NA,NA,0.545138889,1,0,40,0,IW,1,1,324,before,2011,2011,0,0,2.5,1,1,IW,0.405465108,0.405465108,0.405465108,1,0,1,0,0.509027778,0,4519,3376,1327,1328
16/11/2011,40863,0.666666667,M,NA,NA,0.743055556,23,1,20,0,IW,0,0,320,before,2011,2011,2,0,2.5,1,1,IW,3.238678452,3.238678452,3.198673118,1,0,1.5,-0.5,0.694444445,-0.027777778,4526,3916,1330,1331
19/11/2011,40866,0.722222222,M,NA,NA,0.746527778,52,1,25,0,IW,0,0,323,before,2011,2011,2,0,2.5,2,1,IW,3.998200702,3.998200702,3.979681654,1,0,1.5,0.5,0.694444445,0.027777778,4526,3916,1330,1331
15/11/2011,40862,0.4375,F,NA,NA,0.461805556,3,0,10,0,IW,0,0,319,before,2011,2011,0,0,2.5,1,1,IW,1.252762968,1.252762968,1.252762968,1,0,2,-1,0.516666667,-0.079166667,4527,3916,1330,1331
16/11/2011,40863,0.40625,F,NA,NA,0.46875,1,0,25,0,IW,1,1,320,before,2011,2011,0,0,2.5,2,1,IW,0.405465108,0.405465108,0.405465108,1,0,2,0,0.516666667,-0.110416667,4527,3916,1330,1331
18/11/2011,40865,0.70625,F,NA,NA,0.739583333,12,0,45,0,IW,0,0,322,before,2011,2011,0,0,2.5,3,1,IW,2.525728644,2.525728644,2.525728644,1,0,2,1,0.516666667,0.189583333,4527,3916,1330,1331
14/11/2011,40861,0.645833333,M,NA,NA,0.690972222,29,2,20,0,IW,0,0,318,before,2011,2011,4,0,2.5,1,1,IW,3.511545439,3.511545439,3.449987546,1,0,1,0,0.645833333,0,4543,3966,1336,1336
15/11/2011,40862,0.701388889,F,NA,NA,0.725694444,4,0,25,0,IW,0,0,319,before,2011,2011,0,0,2.5,1,1,IW,1.504077397,1.504077397,1.504077397,1.666666667,-0.666666667,1.333333333,-0.333333333,0.477083333,0.224305556,4544,3966,1336,1336
13/11/2013,41591,0.322222222,F,Y,0.325694444,0.351388889,15,11,35,1,IW,1,2,317,before,2013,2013,11,1,4.5,1,2,IW,3.277144733,3.277144733,3.277144733,1.666666667,0.333333333,1.333333333,-0.333333333,0.477083333,-0.154861111,4544,3966,1336,1336
14/11/2013,41592,0.407638889,F,Y,0.410416667,0.43125,71,31,30,1,IW,0,0,318,before,2013,2013,31,1,4.5,2,2,IW,4.629862799,4.629862799,4.629862799,1.666666667,0.333333333,1.333333333,0.666666667,0.477083333,-0.069444444,4544,3966,1336,1336
15/11/2011,40862,0.329861111,M,NA,NA,0.361111111,25,1,15,0,IW,0,0,319,before,2011,2011,2,0,2.5,1,1,IW,3.314186005,3.314186005,3.277144733,1,0,1,0,0.329861111,0,4550,3715,NA,NA
15/11/2011,40862,0.701388889,F,NA,NA,0.722222222,2,0,20,0,IW,0,0,319,before,2011,2011,0,0,2.5,1,1,IW,0.916290732,0.916290732,0.916290732,1.5,-0.5,1,0,0.717013889,-0.015625,4552,3979,NA,NA
27/01/2013,41301,0.732638889,F,Y,NA,0.746527778,1,0,NA,1,IW,0,0,27,after,2013,2012,0,1,4,1,2,IW,0.405465108,0.405465108,0.405465108,1.5,0.5,1,0,0.717013889,0.015625,4552,3979,NA,NA
15/11/2011,40862,0.322916667,F,NA,NA,0.357638889,5,0,20,0,IW,0,0,319,before,2011,2011,0,0,2.5,1,1,IW,1.704748092,1.704748092,1.704748092,1,0,2,-1,0.500231481,-0.177314814,4566,3979,NA,NA
18/11/2011,40865,0.702083333,F,NA,NA,0.756944444,8,1,75,0,IW,0,0,322,before,2011,2011,2,0,2.5,2,1,IW,2.351375257,2.351375257,2.251291799,1,0,2,0,0.500231481,0.201851852,4566,3979,NA,NA
20/11/2011,40867,0.475694444,F,NA,NA,0.496527778,9,0,30,0,IW,0,0,324,before,2011,2011,0,0,2.5,3,1,IW,2.251291799,2.251291799,2.251291799,1,0,2,1,0.500231481,-0.024537037,4566,3979,NA,NA
16/11/2011,40863,0.666666667,M,NA,NA,0.739583333,3,1,20,0,IW,0,0,320,before,2011,2011,2,0,2.5,1,1,IW,1.704748092,1.704748092,1.504077397,1.75,-0.75,1.25,-0.25,0.566840278,0.099826389,4567,3979,NA,NA
20/11/2011,40867,0.522916667,M,NA,NA,0.583333333,2,0,60,0,IW,0,0,324,before,2011,2011,0,0,2.5,2,1,IW,0.916290732,0.916290732,0.916290732,1.75,-0.75,1.25,0.75,0.566840278,-0.043923611,4567,3979,NA,NA
07/02/2012,40946,0.447916667,M,Y,NA,0.472222222,0,4,20,1,IW,0,0,38,after,2012,2011,4,1,3,1,2,IW,1.504077397,1.504077397,1.504077397,1.75,0.25,1.25,-0.25,0.566840278,-0.118923611,4567,3979,NA,NA
24/01/2013,41298,0.629861111,M,Y,0.640277778,0.65625,15,4,25,1,IW,0,0,24,after,2013,2012,4,1,4,1,3,IW,2.970414466,2.970414466,2.970414466,1.75,1.25,1.25,-0.25,0.566840278,0.063020833,4567,3979,NA,NA
19/11/2011,40866,0.357638889,F,NA,NA,0.388888889,7,0,25,0,JS,0,0,323,before,2011,2011,0,0,2.5,1,1,JS,2.014903021,2.014903021,2.014903021,1,0,1,0,0.357638889,0,4568,3207,NA,NA
24/11/2010,40506,0.333333333,M,NA,NA,NA,6,0,NA,0,PG,0,0,328,before,2010,2010,0,1,1.5,1,1,O,1.871802177,1.871802177,1.871802177,1,0,1,0,0.333333333,0,4573,3712,NA,NA
07/02/2012,40946,0.739583333,F,Y,NA,0.760416667,14,0,10,1,IW,0,0,38,after,2012,2011,0,1,3,1,1,IW,2.674148649,2.674148649,2.674148649,1,0,1,0,0.739583333,0,4575,4041,NA,NA
16/11/2011,40863,0.659722222,F,NA,NA,0.704861111,0,6,30,0,IW,0,0,320,before,2011,2011,12,0,2.5,1,1,IW,2.525728644,2.525728644,1.871802177,1,0,1,0,0.659722222,0,4580,3207,NA,NA
23/01/2013,41297,0.638888889,M,Y,0.659027778,0.672916667,9,8,20,1,IW,0,0,23,after,2013,2012,8,1,4,1,1,IW,2.862200881,2.862200881,2.862200881,1,0,1,0,0.638888889,0,4612,3852,NA,NA
08/02/2012,40947,0.322916667,M,Y,NA,0.423611111,8,0,10,1,IW,1,1,39,after,2012,2011,0,1,3,1,1,IW,2.140066163,2.140066163,2.140066163,1,0,1,0,0.322916667,0,4614,3207,NA,NA
13/11/2013,41591,0.336111111,M,Y,0.341666667,0.345833333,6,0,5,1,IW,1,2,317,before,2013,2013,0,1,4.5,1,1,IW,1.871802177,1.871802177,1.871802177,1,0,1,0,0.336111111,0,4615,3892,NA,NA
25/01/2013,41299,0.603472222,F,Y,0.609722222,0.613888889,6,0,10,1,IW,0,0,25,after,2013,2012,0,1,4,1,1,IW,1.871802177,1.871802177,1.871802177,1,0,1,0,0.603472222,0,5061,6240,NA,NA
21/01/2013,41295,0.670138889,F,Y,0.678472222,0.700694444,21,0,30,1,IW,1,3,21,after,2013,2012,0,1,4,1,1,IW,3.068052935,3.068052935,3.068052935,1,0,1,0,0.670138889,0,5067,6241,NA,NA
13/03/2014,41711,0.360416667,F,Y,0.368055556,0.423611111,2,0,80,1,AST,1,3,72,after,2014,2013,0,1,5,1,1,AST,0.916290732,0.916290732,0.916290732,1,0,1,0,0.360416667,0,5072,4252,1359,1359
28/11/2012,41241,0.694444444,M,Y,0.705555556,0.724305556,9,0,25,1,IW,0,0,333,before,2012,2012,0,1,3.5,1,1,IW,2.251291799,2.251291799,2.251291799,1.5,-0.5,1,0,0.700694444,-0.00625,5083,3894,1363,1363
11/11/2013,41589,0.706944444,M,Y,0.715277778,0.726388889,0,0,15,1,AST,1,3,315,before,2013,2013,0,1,4.5,1,2,AST,-0.693147181,-0.693147181,-0.693147181,1.5,0.5,1,0,0.700694444,0.00625,5083,3894,1363,1363
14/11/2013,41592,0.334722222,F,Y,0.338888889,0.35625,16,0,25,1,IW,1,2,318,before,2013,2013,0,1,4.5,1,1,IW,2.803360381,2.803360381,2.803360381,1,0,1,0,0.334722222,0,5092,3712,1364,1364
24/01/2013,41298,0.652083333,M,Y,0.668055556,0.674305556,5,0,10,1,IW,0,0,24,after,2013,2012,0,1,4,1,1,IW,1.704748092,1.704748092,1.704748092,1.5,-0.5,1,0,0.504166667,0.147916667,5093,3712,1364,1364
13/03/2014,41711,0.35625,M,Y,0.363888889,0.416666667,25,5,75,1,AST,1,3,72,after,2014,2013,5,1,5,1,2,AST,3.417726684,3.417726684,3.417726684,1.5,0.5,1,0,0.504166667,-0.147916667,5093,3712,1364,1364
28/11/2012,41241,0.288194444,M,Y,0.29375,0.301388889,24,0,10,1,IW,0,0,333,before,2012,2012,0,1,3.5,1,1,IW,3.198673118,3.198673118,3.198673118,1,0,1,0,0.288194444,0,5103,3776,1367,1367
23/01/2013,41297,0.608333333,M,Y,NA,0.634722222,3,2,NA,1,IW,0,0,23,after,2013,2012,2,1,4,1,1,IW,1.704748092,1.704748092,1.704748092,1,0,1,0,0.608333333,0,5108,4242,1366,1368
28/11/2012,41241,0.460416667,M,Y,0.466666667,0.476388889,36,0,15,1,IW,0,0,333,before,2012,2012,0,1,3.5,1,1,IW,3.597312261,3.597312261,3.597312261,2,-1,1,0,0.568981482,-0.108564815,5112,4048,1368,1366
21/01/2013,41295,0.711805556,M,Y,0.729166667,0.744444444,32,0,20,1,IW,0,0,21,after,2013,2012,0,1,4,1,2,IW,3.481240089,3.481240089,3.481240089,2,0,1,0,0.568981482,0.142824074,5112,4048,1368,1366
15/03/2014,41713,0.534722222,M,Y,0.545833333,0.550694444,80,6,5,1,AST,1,4,74,after,2014,2013,6,1,5,1,3,AST,4.460144414,4.460144414,4.460144414,2,1,1,0,0.568981482,-0.03425926,5112,4048,1368,1366
12/11/2013,41590,0.670138889,F,Y,0.675,0.686111111,4,1,15,1,IW,0,4,316,before,2013,2013,1,1,4.5,1,1,IW,1.704748092,1.704748092,1.704748092,1,0,1,0,0.670138889,0,5113,3966,1373,1369
27/01/2013,41301,0.536805556,F,Y,0.545138889,0.55,4,0,5,1,IW,0,0,27,after,2013,2012,0,1,4,1,1,IW,1.504077397,1.504077397,1.504077397,1,0,1,0,0.536805556,0,5138,3902,1375,1374
23/01/2013,41297,0.686111111,F,Y,0.695138889,0.70625,10,0,15,1,IW,0,0,23,after,2013,2012,0,1,4,1,1,IW,2.351375257,2.351375257,2.351375257,1,0,1.5,-0.5,0.703472222,-0.017361111,5139,3902,1375,1374
24/01/2013,41298,0.720833333,F,N,0.720833333,0.726388889,2,0,10,1,IW,0,4,24,after,2013,2012,0,1,4,2,1,IW,0.916290732,0.916290732,0.916290732,1,0,1.5,0.5,0.703472222,0.017361111,5139,3902,1375,1374
13/11/2013,41591,0.388194444,F,Y,0.390972222,0.398611111,6,0,10,1,AST,0,3,317,before,2013,2013,0,1,4.5,1,1,AST,1.871802177,1.871802177,1.871802177,1,0,1,0,0.388194444,0,5143,3822,1374,1375
28/11/2012,41241,0.603472222,F,Y,0.607638889,0.622222222,3,1,20,1,IW,1,3,333,before,2012,2012,1,1,3.5,1,1,IW,1.504077397,1.504077397,1.504077397,1,0,1,0,0.603472222,0,5145,3822,1374,1375
21/01/2013,41295,0.636111111,M,Y,0.654861111,0.665277778,0,1,15,1,IW,1,3,21,after,2013,2012,1,1,4,1,1,IW,0.405465108,0.405465108,0.405465108,1,0,1,0,0.636111111,0,5163,4007,1383,1383
11/11/2013,41589,0.334722222,M,Y,0.341666667,0.360416667,7,2,25,1,IW,1,3,315,before,2013,2013,2,1,4.5,1,1,IW,2.251291799,2.251291799,2.251291799,1,0,1.5,-0.5,0.334027778,0.000694445,5190,4544,1387,1387
13/11/2013,41591,0.333333333,M,Y,0.334722222,0.370833333,10,3,50,1,IW,0,0,317,before,2013,2013,3,1,4.5,2,1,IW,2.602689685,2.602689685,2.602689685,1,0,1.5,0.5,0.334027778,-0.000694445,5190,4544,1387,1387
23/01/2013,41297,0.636111111,F,Y,0.636805556,0.652083333,21,0,20,1,IW,0,0,23,after,2013,2012,0,1,4,1,1,IW,3.068052935,3.068052935,3.068052935,1,0,1,0,0.636111111,0,5203,3903,1394,1396
14/03/2014,41712,0.35,M,Y,0.359722222,0.416666667,6,15,80,1,AST,1,4,73,after,2014,2013,15,1,5,1,1,AST,3.068052935,3.068052935,3.068052935,1,0,1,0,0.35,0,5206,4180,1396,1394
28/11/2012,41241,0.615972222,M,Y,0.620138889,0.639583333,3,0,30,1,IW,0,0,333,before,2012,2012,0,1,3.5,1,1,IW,1.252762968,1.252762968,1.252762968,1,0,1,0,0.615972222,0,5210,4252,1389,1389
25/11/2012,41238,0.632638889,F,Y,0.635416667,0.661111111,33,1,35,1,IW,0,0,330,before,2012,2012,1,1,3.5,1,1,IW,3.540959324,3.540959324,3.540959324,1,0,1,0,0.632638889,0,5211,4252,1389,1389
28/11/2012,41241,0.457638889,F,N,0.4625,0.471527778,4,0,15,1,IW,0,0,333,before,2012,2012,0,1,3.5,1,1,IW,1.504077397,1.504077397,1.504077397,1,0,1,0,0.457638889,0,5212,3978,1397,1397
23/01/2013,41297,0.604166667,F,N,NA,0.626388889,4,0,NA,1,IW,0,0,23,after,2013,2012,0,1,4,1,1,IW,1.504077397,1.504077397,1.504077397,1.5,-0.5,1,0,0.473611112,0.130555556,5222,4014,1415,1415
14/03/2014,41712,0.343055556,F,Y,0.349305556,0.409722222,3,0,85,1,AST,1,3,73,after,2014,2013,0,1,5,1,2,AST,1.252762968,1.252762968,1.252762968,1.5,0.5,1,0,0.473611112,-0.130555556,5222,4014,1415,1415
26/01/2013,41300,0.699305556,M,Y,0.708333333,0.715972222,23,0,10,1,IW,0,0,26,after,2013,2012,0,1,4,1,1,IW,3.157000421,3.157000421,3.157000421,1,0,1,0,0.699305556,0,5223,4014,1415,1415
10/11/2013,41588,0.448611111,F,Y,0.454166667,0.464583333,9,0,15,1,IW,1,4,314,before,2013,2013,0,1,4.5,1,1,IW,2.251291799,2.251291799,2.251291799,1,0,1,0,0.448611111,0,5228,3916,1405,1404
26/11/2012,41239,0.485416667,M,Y,0.488194444,0.501388889,1,0,20,1,IW,1,3,331,before,2012,2012,0,1,3.5,1,1,IW,0.405465108,0.405465108,0.405465108,1,0,2,-1,0.613657407,-0.12824074,5239,4242,1408,1408
28/11/2012,41241,0.694444444,M,N,0.697916667,0.708333333,2,0,15,1,IW,0,0,333,before,2012,2012,0,1,3.5,2,1,IW,0.916290732,0.916290732,0.916290732,1,0,2,0,0.613657407,0.080787037,5239,4242,1408,1408
29/11/2012,41242,0.661111111,M,N,0.661805556,0.682638889,2,0,30,1,IW,0,3,334,before,2012,2012,0,1,3.5,3,1,IW,0.916290732,0.916290732,0.916290732,1,0,2,1,0.613657407,0.047453704,5239,4242,1408,1408
27/11/2012,41240,0.695138889,M,N,0.696527778,0.703472222,17,0,10,1,IW,0,0,332,before,2012,2012,0,1,3.5,1,1,IW,2.862200881,2.862200881,2.862200881,1,0,1,0,0.695138889,0,5241,4242,1408,1408
26/11/2012,41239,0.650694444,M,Y,0.65625,0.679166667,8,0,35,1,IW,0,0,331,before,2012,2012,0,1,3.5,1,1,IW,2.140066163,2.140066163,2.140066163,1.5,-0.5,1,0,0.676388889,-0.025694445,5251,4048,1410,1410
27/01/2013,41301,0.702083333,M,Y,0.708333333,0.726388889,22,0,25,1,IW,0,0,27,after,2013,2012,0,1,4,1,2,IW,3.113515309,3.113515309,3.113515309,1.5,0.5,1,0,0.676388889,0.025694445,5251,4048,1410,1410
28/11/2012,41241,0.608333333,M,Y,0.613194444,0.628472222,2,3,20,1,IW,0,0,333,before,2012,2012,3,1,3.5,1,1,IW,1.704748092,1.704748092,1.704748092,1.5,-0.5,1,0,0.650347222,-0.042013889,5254,3888,NA,NA
22/01/2013,41296,0.692361111,M,Y,0.700694444,0.721527778,9,3,30,1,IW,0,0,22,after,2013,2012,3,1,4,1,2,IW,2.525728644,2.525728644,2.525728644,1.5,0.5,1,0,0.650347222,0.042013889,5254,3888,NA,NA
27/01/2013,41301,0.567361111,F,Y,0.575694444,0.580555556,4,4,5,1,IW,0,0,27,after,2013,2012,4,1,4,1,1,IW,2.140066163,2.140066163,2.140066163,1.5,-0.5,1,0,0.444097222,0.123263889,5255,3939,1419,1419
12/11/2013,41590,0.320833333,F,Y,0.324305556,0.340972222,3,2,25,1,IW,1,3,316,before,2013,2013,2,1,4.5,1,2,IW,1.704748092,1.704748092,1.704748092,1.5,0.5,1,0,0.444097222,-0.123263889,5255,3939,1419,1419
28/11/2012,41241,0.691666667,F,Y,0.699305556,0.713194444,24,0,20,1,IW,0,0,333,before,2012,2012,0,1,3.5,1,1,IW,3.198673118,3.198673118,3.198673118,1,0,1,0,0.691666667,0,5258,3939,1419,1419
24/01/2013,41298,0.594444444,M,Y,0.619444444,0.630555556,16,0,15,1,IW,0,0,24,after,2013,2012,0,1,4,1,1,IW,2.803360381,2.803360381,2.803360381,1.5,-0.5,1,0,0.527083333,0.067361111,5260,3822,1412,1413
12/11/2013,41590,0.459722222,M,Y,0.464583333,0.479166667,21,1,20,1,AST,1,3,316,before,2013,2013,1,1,4.5,1,2,AST,3.113515309,3.113515309,3.113515309,1.5,0.5,1,0,0.527083333,-0.067361111,5260,3822,1412,1413
27/11/2012,41240,0.331944444,M,Y,0.334722222,0.34375,0,0,15,1,IW,0,0,332,before,2012,2012,0,1,3.5,1,1,IW,-0.693147181,-0.693147181,-0.693147181,1.75,-0.75,1.25,-0.25,0.406423611,-0.074479167,5262,3822,1412,1413
28/11/2012,41241,0.256944444,M,N,0.26875,0.284722222,16,0,25,1,IW,0,3,333,before,2012,2012,0,1,3.5,2,1,IW,2.803360381,2.803360381,2.803360381,1.75,-0.75,1.25,0.75,0.406423611,-0.149479167,5262,3822,1412,1413
23/01/2013,41297,0.660416667,M,Y,0.674305556,0.684027778,11,0,15,1,IW,0,0,23,after,2013,2012,0,1,4,1,2,IW,2.442347035,2.442347035,2.442347035,1.75,0.25,1.25,-0.25,0.406423611,0.253993056,5262,3822,1412,1413
10/11/2013,41588,0.376388889,M,Y,0.380555556,0.391666667,2,0,15,1,AST,1,3,314,before,2013,2013,0,1,4.5,1,3,AST,0.916290732,0.916290732,0.916290732,1.75,1.25,1.25,-0.25,0.406423611,-0.030034722,5262,3822,1412,1413
28/11/2012,41241,0.690277778,F,N,0.690972222,0.702777778,5,0,15,1,IW,1,1,333,before,2012,2012,0,1,3.5,1,1,IW,1.704748092,1.704748092,1.704748092,1.666666667,-0.666666667,1.333333333,-0.333333333,0.657638889,0.032638889,5264,4552,1418,1418
22/01/2013,41296,0.736805556,F,Y,0.741666667,0.754166667,4,0,20,1,IW,0,0,22,after,2013,2012,0,1,4,1,2,IW,1.504077397,1.504077397,1.504077397,1.666666667,0.333333333,1.333333333,-0.333333333,0.657638889,0.079166667,5264,4552,1418,1418
27/01/2013,41301,0.545833333,F,N,0.547916667,0.555555556,22,7,10,1,IW,0,0,27,after,2013,2012,7,1,4,2,2,IW,3.384390263,3.384390263,3.384390263,1.666666667,0.333333333,1.333333333,0.666666667,0.657638889,-0.111805556,5264,4552,1418,1418
26/01/2013,41300,0.710416667,M,Y,0.717361111,0.726388889,12,0,15,1,IW,0,0,26,after,2013,2012,0,1,4,1,1,IW,2.525728644,2.525728644,2.525728644,1.5,-0.5,1,0,0.583680556,0.126736112,5266,3902,1413,1412
11/11/2013,41589,0.456944444,M,Y,0.464583333,0.497916667,2,2,50,1,IW,1,3,315,before,2013,2013,2,1,4.5,1,2,IW,1.504077397,1.504077397,1.504077397,1.5,0.5,1,0,0.583680556,-0.126736112,5266,3902,1413,1412
23/01/2013,41297,0.597916667,F,Y,NA,0.621527778,5,0,NA,1,IW,0,0,23,after,2013,2012,0,1,4,1,1,IW,1.704748092,1.704748092,1.704748092,1,0,1,0,0.597916667,0,5267,3902,1413,1412
27/11/2012,41240,0.343055556,F,N,0.350694444,0.367361111,15,0,25,1,IW,1,2,332,before,2012,2012,0,1,3.5,1,1,IW,2.740840024,2.740840024,2.740840024,1.333333333,-0.333333333,1.333333333,-0.333333333,0.564583333,-0.221527777,5268,3902,1413,1412
28/11/2012,41241,0.717361111,F,N,0.718055556,0.729166667,1,0,15,1,IW,0,0,333,before,2012,2012,0,1,3.5,2,1,IW,0.405465108,0.405465108,0.405465108,1.333333333,-0.333333333,1.333333333,0.666666667,0.564583333,0.152777778,5268,3902,1413,1412
25/01/2013,41299,0.633333333,F,Y,0.642361111,0.650694444,2,1,10,1,IW,0,1,25,after,2013,2012,1,1,4,1,2,IW,1.252762968,1.252762968,1.252762968,1.333333333,0.666666667,1.333333333,-0.333333333,0.564583333,0.06875,5268,3902,1413,1412
22/01/2013,41296,0.440972222,F,Y,0.445138889,0.455555556,7,0,15,1,IW,0,0,22,after,2013,2012,0,1,4,1,1,IW,2.014903021,2.014903021,2.014903021,1.5,-0.5,1,0,0.565625,-0.124652778,5275,4007,1417,1417
14/11/2013,41592,0.690277778,F,Y,0.693055556,0.705555556,28,2,20,1,AST,0,0,318,before,2013,2013,2,1,4.5,1,2,AST,3.417726684,3.417726684,3.417726684,1.5,0.5,1,0,0.565625,0.124652778,5275,4007,1417,1417
22/01/2013,41296,0.647916667,M,Y,0.655555556,0.667361111,11,0,20,1,IW,0,4,22,after,2013,2012,0,1,4,1,1,IW,2.442347035,2.442347035,2.442347035,1,0,1,0,0.647916667,0,5289,5067,1421,1421
24/11/2012,41237,0.372222222,F,N,0.375,0.379861111,11,0,5,1,IW,0,0,329,before,2012,2012,0,1,3.5,1,1,IW,2.442347035,2.442347035,2.442347035,1.5,-0.5,1,0,0.515277778,-0.143055556,5291,3776,1425,1425
22/01/2013,41296,0.658333333,F,Y,0.666666667,0.692361111,36,0,35,1,IW,0,3,22,after,2013,2012,0,1,4,1,2,IW,3.597312261,3.597312261,3.597312261,1.5,0.5,1,0,0.515277778,0.143055556,5291,3776,1425,1425
12/11/2013,41590,0.313194444,M,Y,0.31875,0.329861111,20,0,15,1,IW,1,3,316,before,2013,2013,0,1,4.5,1,1,IW,3.020424886,3.020424886,3.020424886,1,0,1,0,0.313194444,0,5292,3776,1425,1425
28/11/2012,41241,0.6875,F,Y,0.689583333,0.695833333,5,0,10,1,IW,0,0,333,before,2012,2012,0,1,3.5,1,1,IW,1.704748092,1.704748092,1.704748092,1.666666667,-0.666666667,1.333333333,-0.333333333,0.601388889,0.086111111,5299,3888,NA,NA
22/01/2013,41296,0.385416667,F,Y,0.396527778,0.415277778,2,0,25,1,IW,0,0,22,after,2013,2012,0,1,4,1,2,IW,0.916290732,0.916290732,0.916290732,1.666666667,0.333333333,1.333333333,-0.333333333,0.601388889,-0.215972222,5299,3888,NA,NA
23/11/2012,41236,0.661805556,M,N,0.66875,0.70625,49,9,55,1,IW,0,0,328,before,2012,2012,9,1,3.5,1,1,IW,4.069026754,4.069026754,4.069026754,1,0,2,-1,0.662731482,-0.000925926,5301,4386,NA,NA
26/11/2012,41239,0.670138889,M,Y,0.674305556,0.69375,13,0,30,1,IW,0,0,331,before,2012,2012,0,1,3.5,2,1,IW,2.602689685,2.602689685,2.602689685,1,0,2,0,0.662731482,0.007407407,5301,4386,NA,NA
27/11/2012,41240,0.65625,M,N,0.660416667,0.667361111,13,0,10,1,IW,0,0,332,before,2012,2012,0,1,3.5,3,1,IW,2.602689685,2.602689685,2.602689685,1,0,2,1,0.662731482,-0.006481482,5301,4386,NA,NA
25/11/2012,41238,0.536805556,M,Y,0.541666667,0.551388889,41,0,15,1,IW,0,0,330,before,2012,2012,0,1,3.5,1,1,IW,3.725693427,3.725693427,3.725693427,1.333333333,-0.333333333,1.333333333,-0.333333333,0.570601852,-0.033796296,5302,3970,1423,1423
26/11/2012,41239,0.6875,M,N,0.6875,0.705555556,49,0,25,1,IW,0,0,331,before,2012,2012,0,1,3.5,2,1,IW,3.90197267,3.90197267,3.90197267,1.333333333,-0.333333333,1.333333333,0.666666667,0.570601852,0.116898148,5302,3970,1423,1423
10/11/2013,41588,0.4875,M,Y,0.491666667,0.501388889,51,0,15,1,AST,0,0,314,before,2013,2013,0,1,4.5,1,2,AST,3.941581808,3.941581808,3.941581808,1.333333333,0.666666667,1.333333333,-0.333333333,0.570601852,-0.083101852,5302,3970,1423,1423
10/11/2013,41588,0.430555556,M,Y,0.434722222,0.458333333,2,1,35,1,IW,1,3,314,before,2013,2013,1,1,4.5,1,1,IW,1.252762968,1.252762968,1.252762968,1,0,1.5,-0.5,0.355555556,0.075,5303,3970,1423,1423
12/11/2013,41590,0.280555556,M,Y,0.282638889,0.316666667,4,0,50,1,IW,0,0,316,before,2013,2013,0,1,4.5,2,1,IW,1.504077397,1.504077397,1.504077397,1,0,1.5,0.5,0.355555556,-0.075,5303,3970,1423,1423
27/11/2012,41240,0.661111111,F,Y,0.665277778,0.671527778,23,0,10,1,IW,0,0,332,before,2012,2012,0,1,3.5,1,1,IW,3.157000421,3.157000421,3.157000421,1,0,1,0,0.661111111,0,5306,4386,NA,NA
26/11/2012,41239,0.614583333,F,Y,0.61875,0.63125,0,0,20,1,IW,0,0,331,before,2012,2012,0,1,3.5,1,1,IW,-0.693147181,-0.693147181,-0.693147181,2,-1,1,0,0.525694444,0.088888889,5308,4386,NA,NA
24/01/2013,41298,0.613888889,F,Y,0.624305556,0.640277778,0,0,25,1,IW,1,1,24,after,2013,2012,0,1,4,1,2,IW,-0.693147181,-0.693147181,-0.693147181,2,0,1,0,0.525694444,0.088194445,5308,4386,NA,NA
12/11/2013,41590,0.348611111,F,Y,0.351388889,0.368055556,4,0,25,1,IW,1,3,316,before,2013,2013,0,1,4.5,1,3,IW,1.504077397,1.504077397,1.504077397,2,1,1,0,0.525694444,-0.177083333,5308,4386,NA,NA
23/01/2013,41297,0.710416667,M,Y,0.719444444,0.734027778,6,0,20,1,IW,0,0,23,after,2013,2012,0,1,4,1,1,IW,1.871802177,1.871802177,1.871802177,1,0,1,0,0.710416667,0,5309,4575,1426,1426
23/01/2013,41297,0.673611111,M,Y,NA,0.698611111,2,0,NA,1,IW,0,0,23,after,2013,2012,0,1,4,1,1,IW,0.916290732,0.916290732,0.916290732,1,0,1,0,0.673611111,0,5320,3903,1429,1429
24/11/2012,41237,0.644444444,F,Y,0.649305556,0.654166667,17,0,5,1,IW,0,0,329,before,2012,2012,0,1,3.5,1,1,IW,2.862200881,2.862200881,2.862200881,1.5,-0.5,1,0,0.614583333,0.029861111,5321,4365,1430,1430
23/01/2013,41297,0.584722222,F,Y,0.597222222,0.613888889,5,0,25,1,IW,0,0,23,after,2013,2012,0,1,4,1,2,IW,1.704748092,1.704748092,1.704748092,1.5,0.5,1,0,0.614583333,-0.029861111,5321,4365,1430,1430
28/11/2012,41241,0.652777778,M,Y,0.666666667,0.690972222,9,0,35,1,IW,0,0,333,before,2012,2012,0,1,3.5,1,1,IW,2.251291799,2.251291799,2.251291799,1.5,-0.5,1,0,0.668402778,-0.015625,5324,4180,1431,1432
27/01/2013,41301,0.684027778,M,Y,0.702083333,0.707638889,38,0,10,1,IW,0,4,27,after,2013,2012,0,1,4,1,2,IW,3.650658241,3.650658241,3.650658241,1.5,0.5,1,0,0.668402778,0.015625,5324,4180,1431,1432
22/01/2013,41296,0.661805556,F,Y,0.665972222,0.681944444,31,0,25,1,IW,0,0,22,after,2013,2012,0,1,4,1,1,IW,3.449987546,3.449987546,3.449987546,1.333333333,-0.333333333,1.333333333,-0.333333333,0.596759259,0.065046297,5325,4180,1432,1432
27/01/2013,41301,0.709027778,F,N,0.711111111,0.720833333,41,0,15,1,IN,0,0,27,after,2013,2012,0,1,4,2,1,O,3.725693427,3.725693427,3.725693427,1.333333333,-0.333333333,1.333333333,0.666666667,0.596759259,0.112268519,5325,4180,1432,1432
11/11/2013,41589,0.419444444,F,Y,0.424305556,0.43125,15,0,10,1,IW,1,3,315,before,2013,2013,0,1,4.5,1,2,IW,2.740840024,2.740840024,2.740840024,1.333333333,0.666666667,1.333333333,-0.333333333,0.596759259,-0.177314815,5325,4180,1432,1432
25/11/2012,41238,0.69375,M,Y,0.7,0.716666667,20,0,15,1,IW,0,0,330,before,2012,2012,0,1,3.5,1,1,IW,3.020424886,3.020424886,3.020424886,1,0,1,0,0.69375,0,5327,4180,1432,1432
22/01/2013,41296,0.738194444,F,Y,0.74375,0.759027778,6,1,20,1,IW,0,0,22,after,2013,2012,1,1,4,1,1,IW,2.014903021,2.014903021,2.014903021,1.333333333,-0.333333333,1.333333333,-0.333333333,0.621527778,0.116666666,5330,3968,1433,1434
24/01/2013,41298,0.673611111,F,N,0.675,0.684027778,14,0,15,1,IW,0,4,24,after,2013,2012,0,1,4,2,1,IW,2.674148649,2.674148649,2.674148649,1.333333333,-0.333333333,1.333333333,0.666666667,0.621527778,0.052083333,5330,3968,1433,1434
11/11/2013,41589,0.452777778,F,Y,0.45625,0.475694444,14,0,30,1,IW,1,3,315,before,2013,2013,0,1,4.5,1,2,IW,2.674148649,2.674148649,2.674148649,1.333333333,0.666666667,1.333333333,-0.333333333,0.621527778,-0.16875,5330,3968,1433,1434
25/11/2012,41238,0.652083333,M,Y,0.659722222,0.670833333,20,0,15,1,IW,0,0,330,before,2012,2012,0,1,3.5,1,1,IW,3.020424886,3.020424886,3.020424886,1,0,1.5,-0.5,0.511805556,0.140277778,5332,3409,1434,1433
26/11/2012,41239,0.371527778,M,N,0.377083333,0.385416667,31,0,10,1,IW,1,3,331,before,2012,2012,0,1,3.5,2,1,IW,3.449987546,3.449987546,3.449987546,1,0,1.5,0.5,0.511805556,-0.140277778,5332,3409,1434,1433
24/11/2012,41237,0.496527778,M,Y,0.502083333,0.511805556,19,0,15,1,IW,0,0,329,before,2012,2012,0,1,3.5,1,1,IW,2.970414466,2.970414466,2.970414466,1.5,-0.5,1,0,0.569444445,-0.072916667,5333,3409,1434,1433
25/01/2013,41299,0.642361111,M,Y,0.648611111,0.654861111,25,2,10,1,IW,0,0,25,after,2013,2012,2,1,4,1,2,IW,3.314186005,3.314186005,3.314186005,1.5,0.5,1,0,0.569444445,0.072916667,5333,3409,1434,1433
23/11/2012,41236,0.65625,F,Y,0.659722222,0.701388889,26,1,60,1,IW,0,0,328,before,2012,2012,1,1,3.5,1,1,IW,3.314186005,3.314186005,3.314186005,1,0,1,0,0.65625,0,5336,4252,1435,1435
09/11/2013,41587,0.673611111,F,Y,0.678472222,0.705555556,4,0,40,1,AST,0,0,313,before,2013,2013,0,1,4.5,1,1,AST,1.504077397,1.504077397,1.504077397,1,0,2,-1,0.44837963,0.225231481,5339,3979,NA,NA
11/11/2013,41589,0.384027778,F,N,0.385416667,0.394444444,2,0,15,1,AST,1,3,315,before,2013,2013,0,1,4.5,2,1,AST,0.916290732,0.916290732,0.916290732,1,0,2,0,0.44837963,-0.064351852,5339,3979,NA,NA
12/11/2013,41590,0.2875,F,Y,0.289583333,0.311111111,0,0,30,1,IW,0,0,316,before,2013,2013,0,1,4.5,3,1,IW,-0.693147181,-0.693147181,-0.693147181,1,0,2,1,0.44837963,-0.16087963,5339,3979,NA,NA
24/01/2013,41298,0.613194444,F,Y,0.630555556,0.645138889,2,0,20,1,IW,0,0,24,after,2013,2012,0,1,4,1,1,IW,0.916290732,0.916290732,0.916290732,1.5,-0.5,1,0,0.507291667,0.105902778,5340,3892,NA,NA
13/03/2014,41711,0.401388889,F,Y,0.40625,0.447916667,0,0,60,1,AST,1,1,72,after,2014,2013,0,1,5,1,2,AST,-0.693147181,-0.693147181,-0.693147181,1.5,0.5,1,0,0.507291667,-0.105902778,5340,3892,NA,NA
25/11/2012,41238,0.636111111,F,Y,0.642361111,0.665972222,12,0,35,1,IW,0,0,330,before,2012,2012,0,1,3.5,1,1,IW,2.525728644,2.525728644,2.525728644,1,0,1.5,-0.5,0.533680556,0.102430556,5354,3776,1441,1441
29/11/2012,41242,0.43125,F,N,0.432638889,0.440972222,39,0,10,1,IW,0,0,334,before,2012,2012,0,1,3.5,2,1,IW,3.676300672,3.676300672,3.676300672,1,0,1.5,0.5,0.533680556,-0.102430556,5354,3776,1441,1441
24/11/2012,41237,0.365972222,M,Y,0.371527778,0.384027778,20,4,20,1,IW,0,0,329,before,2012,2012,4,1,3.5,1,1,IW,3.198673118,3.198673118,3.198673118,1.333333333,-0.333333333,1.333333333,-0.333333333,0.557407407,-0.191435185,6069,4101,1436,1436
26/11/2012,41239,0.624305556,M,Y,0.629166667,0.640277778,0,0,15,1,IW,0,0,331,before,2012,2012,0,1,3.5,2,1,IW,-0.693147181,-0.693147181,-0.693147181,1.333333333,-0.333333333,1.333333333,0.666666667,0.557407407,0.066898149,6069,4101,1436,1436
25/01/2013,41299,0.681944444,M,Y,0.691666667,0.695833333,7,3,5,1,IW,0,3,25,after,2013,2012,3,1,4,1,2,IW,2.351375257,2.351375257,2.351375257,1.333333333,0.666666667,1.333333333,-0.333333333,0.557407407,0.124537037,6069,4101,1436,1436
27/11/2012,41240,0.679166667,M,Y,0.681944444,0.697916667,16,0,25,1,IW,0,0,332,before,2012,2012,0,1,3.5,1,1,IW,2.803360381,2.803360381,2.803360381,1.5,-0.5,1,0,0.698263889,-0.019097222,5358,4368,1437,1437
22/01/2013,41296,0.717361111,M,Y,0.725694444,0.745833333,8,0,30,1,IW,0,0,22,after,2013,2012,0,1,4,1,2,IW,2.140066163,2.140066163,2.140066163,1.5,0.5,1,0,0.698263889,0.019097222,5358,4368,1437,1437
25/11/2012,41238,0.424305556,F,Y,0.43125,0.447222222,22,0,25,1,IW,0,0,330,before,2012,2012,0,1,3.5,1,1,IW,3.113515309,3.113515309,3.113515309,1,0,1.5,-0.5,0.531944445,-0.107638889,5360,3978,1451,1451
27/11/2012,41240,0.639583333,F,N,0.641666667,0.647916667,15,2,10,1,IW,0,0,332,before,2012,2012,2,1,3.5,2,1,IW,2.862200881,2.862200881,2.862200881,1,0,1.5,0.5,0.531944445,0.107638889,5360,3978,1451,1451
26/11/2012,41239,0.684027778,F,N,0.684027778,0.710416667,18,0,40,1,IW,0,0,331,before,2012,2012,0,1,3.5,1,1,IW,2.917770732,2.917770732,2.917770732,1.333333333,-0.333333333,1.333333333,-0.333333333,0.659722222,0.024305556,5364,3712,1445,1444
28/11/2012,41241,0.614583333,F,Y,0.615277778,0.634027778,0,0,25,1,IW,0,0,333,before,2012,2012,0,1,3.5,2,1,IW,-0.693147181,-0.693147181,-0.693147181,1.333333333,-0.333333333,1.333333333,0.666666667,0.659722222,-0.045138889,5364,3712,1445,1444
23/01/2013,41297,0.680555556,F,N,NA,0.688888889,2,0,NA,1,IW,0,4,23,after,2013,2012,0,1,4,1,2,IW,0.916290732,0.916290732,0.916290732,1.333333333,0.666666667,1.333333333,-0.333333333,0.659722222,0.020833334,5364,3712,1445,1444
25/11/2012,41238,0.359027778,M,Y,0.368055556,0.374305556,11,0,10,1,IW,0,0,330,before,2012,2012,0,1,3.5,1,1,IW,2.442347035,2.442347035,2.442347035,1,0,1,0,0.359027778,0,5377,4014,1443,1442
24/11/2012,41237,0.643055556,M,Y,0.650694444,0.659027778,12,0,10,1,IW,0,0,329,before,2012,2012,0,1,3.5,1,1,IW,2.525728644,2.525728644,2.525728644,1.333333333,-0.333333333,1.333333333,-0.333333333,0.642592593,0.000462963,5403,3892,NA,NA
26/11/2012,41239,0.679166667,M,N,0.677777778,0.715277778,13,1,55,1,IW,0,0,331,before,2012,2012,1,1,3.5,2,1,IW,2.674148649,2.674148649,2.674148649,1.333333333,-0.333333333,1.333333333,0.666666667,0.642592593,0.036574074,5403,3892,NA,NA
14/11/2013,41592,0.605555556,M,Y,0.610416667,0.614583333,3,0,5,1,AST,1,3,318,before,2013,2013,0,1,4.5,1,2,AST,1.252762968,1.252762968,1.252762968,1.333333333,0.666666667,1.333333333,-0.333333333,0.642592593,-0.037037037,5403,3892,NA,NA
29/11/2012,41242,0.661111111,F,Y,0.665972222,0.678472222,40,2,20,1,IW,0,0,334,before,2012,2012,2,1,3.5,1,1,IW,3.749504076,3.749504076,3.749504076,1.5,-0.5,1,0,0.522222222,0.138888889,5433,4617,NA,NA
13/03/2014,41711,0.383333333,F,Y,0.388888889,0.455555556,3,0,100,1,AST,1,3,72,after,2014,2013,0,1,5,1,2,AST,1.252762968,1.252762968,1.252762968,1.5,0.5,1,0,0.522222222,-0.138888889,5433,4617,NA,NA
21/01/2013,41295,0.711805556,F,Y,0.721527778,0.731944444,3,3,15,1,IW,0,0,21,after,2013,2012,3,1,4,1,1,IW,1.871802177,1.871802177,1.871802177,1.5,-0.5,1,0,0.585763889,0.126041667,5434,3970,NA,NA
11/11/2013,41589,0.459722222,F,Y,NA,0.484027778,7,0,NA,1,IW,1,3,315,before,2013,2013,0,1,4.5,1,2,IW,2.014903021,2.014903021,2.014903021,1.5,0.5,1,0,0.585763889,-0.126041667,5434,3970,NA,NA
14/11/2013,41592,0.65,F,Y,0.654166667,0.659027778,1,0,5,1,IW,1,4,318,before,2013,2013,0,1,4.5,1,1,IW,0.405465108,0.405465108,0.405465108,1,0,1,0,0.65,0,5435,4396,NA,NA
24/11/2012,41237,0.682638889,M,Y,0.690972222,0.694444444,1,0,5,1,IW,0,0,329,before,2012,2012,0,1,3.5,1,1,IW,0.405465108,0.405465108,0.405465108,1,0,1.5,-0.5,0.676736111,0.005902778,5436,3979,NA,NA
26/11/2012,41239,0.670833333,M,N,0.672222222,0.684027778,1,0,15,1,IW,0,0,331,before,2012,2012,0,1,3.5,2,1,IW,0.405465108,0.405465108,0.405465108,1,0,1.5,0.5,0.676736111,-0.005902778,5436,3979,NA,NA
25/11/2012,41238,0.331944444,F,N,0.335416667,0.351388889,11,0,25,1,IW,0,0,330,before,2012,2012,0,1,3.5,1,1,IW,2.442347035,2.442347035,2.442347035,1,0,1,0,0.331944444,0,5437,3892,NA,NA
26/11/2012,41239,0.675,F,N,0.675694444,0.688888889,5,2,15,1,IW,0,0,331,before,2012,2012,2,1,3.5,1,1,IW,2.014903021,2.014903021,2.014903021,2,-1,1,0,0.604398148,0.070601852,5438,4396,NA,NA
22/01/2013,41296,0.436111111,F,Y,0.439583333,0.45,4,1,15,1,IW,0,0,22,after,2013,2012,1,1,4,1,2,IW,1.704748092,1.704748092,1.704748092,2,0,1,0,0.604398148,-0.168287037,5438,4396,NA,NA
14/11/2013,41592,0.702083333,F,Y,NA,0.73125,7,0,NA,1,AST,0,0,318,before,2013,2013,0,1,4.5,1,3,AST,2.014903021,2.014903021,2.014903021,2,1,1,0,0.604398148,0.097685185,5438,4396,NA,NA
26/11/2012,41239,0.677083333,M,N,0.677083333,0.700694444,0,0,35,1,IW,0,0,331,before,2012,2012,0,1,3.5,1,1,IW,-0.693147181,-0.693147181,-0.693147181,1.666666667,-0.666666667,1.333333333,-0.333333333,0.680092592,-0.003009259,5440,3892,NA,NA
22/01/2013,41296,0.66875,M,Y,0.68125,0.697916667,1,0,25,1,IW,0,3,22,after,2013,2012,0,1,4,1,2,IW,0.405465108,0.405465108,0.405465108,1.666666667,0.333333333,1.333333333,-0.333333333,0.680092592,-0.011342592,5440,3892,NA,NA
23/01/2013,41297,0.694444444,M,Y,0.696527778,0.715277778,43,8,25,1,IW,0,2,23,after,2013,2012,8,1,4,2,2,IW,3.941581808,3.941581808,3.941581808,1.666666667,0.333333333,1.333333333,0.666666667,0.680092592,0.014351852,5440,3892,NA,NA
29/11/2012,41242,0.430555556,F,N,0.431944444,0.436111111,1,0,5,1,IW,0,0,334,before,2012,2012,0,1,3.5,1,1,IW,0.405465108,0.405465108,0.405465108,1,0,1,0,0.430555556,0,5441,3979,NA,NA
11/11/2013,41589,0.70625,M,Y,0.716666667,0.721527778,11,0,5,1,AST,1,2,315,before,2013,2013,0,1,4.5,1,1,AST,2.442347035,2.442347035,2.442347035,1,0,1,0,0.70625,0,5442,3892,NA,NA
22/01/2013,41296,0.445138889,M,Y,0.454861111,0.463194444,3,0,10,1,IW,0,0,22,after,2013,2012,0,1,4,1,1,IW,1.252762968,1.252762968,1.252762968,1,0,1,0,0.445138889,0,5444,4396,NA,NA
16/03/2014,41714,0.304861111,M,Y,0.318055556,0.326388889,5,0,10,1,AST,1,4,75,after,2014,2013,0,1,5,1,1,AST,1.704748092,1.704748092,1.704748092,1,0,1,0,0.304861111,0,5481,4242,1463,1463
10/11/2013,41588,0.627777778,M,Y,0.634722222,0.654166667,5,3,30,1,IW,0,3,314,before,2013,2013,3,1,4.5,1,1,IW,2.140066163,2.140066163,2.140066163,1,0,1,0,0.627777778,0,5482,4242,1463,1463
13/03/2014,41711,0.377083333,M,Y,0.384722222,0.440972222,3,0,80,1,AST,1,3,72,after,2014,2013,0,1,5,1,1,AST,1.252762968,1.252762968,1.252762968,1,0,1,0,0.377083333,0,5484,4242,1463,1463
09/11/2013,41587,0.6875,M,Y,0.690972222,0.729861111,3,2,55,1,IW,0,0,313,before,2013,2013,2,1,4.5,1,1,IW,1.704748092,1.704748092,1.704748092,1,0,1,0,0.6875,0,5498,3978,1475,1478
09/11/2013,41587,0.361111111,M,Y,0.364583333,0.382638889,0,0,25,1,IW,0,4,313,before,2013,2013,0,1,4.5,1,1,IW,-0.693147181,-0.693147181,-0.693147181,1,0,1,0,0.361111111,0,5546,5222,1492,1492
09/11/2013,41587,0.348611111,F,Y,0.365277778,0.390277778,2,0,35,1,IW,0,0,313,before,2013,2013,0,1,4.5,1,1,IW,0.916290732,0.916290732,0.916290732,1,0,1,0,0.348611111,0,5549,5222,1492,1492
12/11/2013,41590,0.665277778,F,Y,0.672222222,0.680555556,10,14,10,1,IW,0,4,316,before,2013,2013,14,1,4.5,1,1,IW,3.198673118,3.198673118,3.198673118,1,0,1,0,0.665277778,0,5561,3888,NA,NA
15/03/2014,41713,0.304861111,F,N,0.309722222,0.321527778,5,0,15,1,AST,1,4,74,after,2014,2013,0,1,5,1,1,AST,1.704748092,1.704748092,1.704748092,1,0,1,0,0.304861111,0,5566,5306,1494,1498
11/11/2013,41589,0.703472222,F,Y,0.704861111,0.713888889,1,0,15,1,AST,1,2,315,before,2013,2013,0,1,4.5,1,1,AST,0.405465108,0.405465108,0.405465108,1,0,1,0,0.703472222,0,5574,5300,1498,1489
09/11/2013,41587,0.40625,M,Y,0.452777778,0.463888889,10,0,15,1,IW,1,3,313,before,2013,2013,0,1,4.5,1,1,IW,2.351375257,2.351375257,2.351375257,1,0,1,0,0.40625,0,5584,5291,1497,1499
12/11/2013,41590,0.465277778,M,Y,0.472916667,0.485416667,17,5,20,1,AST,1,3,316,before,2013,2013,5,1,4.5,1,1,AST,3.113515309,3.113515309,3.113515309,1.5,-0.5,1,0,0.440972223,0.024305556,5587,3979,1500,1500
15/03/2014,41713,0.416666667,M,Y,0.434027778,0.438194444,34,2,5,1,AST,1,4,74,after,2014,2013,2,1,5,1,2,AST,3.597312261,3.597312261,3.597312261,1.5,0.5,1,0,0.440972223,-0.024305556,5587,3979,1500,1500
14/11/2013,41592,0.706944444,M,Y,0.713888889,0.738194444,9,14,35,1,AST,0,0,318,before,2013,2013,14,1,4.5,1,1,AST,3.157000421,3.157000421,3.157000421,1,0,1,0,0.706944444,0,5594,5211,1521,1521
16/03/2014,41714,0.30625,M,Y,0.320833333,0.331944444,1,0,15,1,AST,1,1,75,after,2014,2013,0,1,5,1,1,AST,0.405465108,0.405465108,0.405465108,1,0,1,0,0.30625,0,5601,3972,1503,1501
11/11/2013,41589,0.511111111,M,Y,0.517361111,0.523611111,4,0,10,1,IW,0,0,315,before,2013,2013,0,1,4.5,1,1,IW,1.504077397,1.504077397,1.504077397,1,0,1,0,0.511111111,0,5602,3972,1501,1501
09/11/2013,41587,0.627083333,M,Y,0.635416667,0.683333333,9,0,50,1,AST,1,3,313,before,2013,2013,0,1,4.5,1,1,AST,2.251291799,2.251291799,2.251291799,1,0,1,0,0.627083333,0,5611,5339,1511,1511
11/11/2013,41589,0.733333333,M,Y,0.740972222,0.747916667,7,0,10,1,IW,1,1,315,before,2013,2013,0,1,4.5,1,1,IW,2.014903021,2.014903021,2.014903021,1,0,1,0,0.733333333,0,5617,3903,1509,1509
10/11/2013,41588,0.409722222,M,Y,0.416666667,0.445138889,34,5,40,1,IW,1,3,314,before,2013,2013,5,1,4.5,1,1,IW,3.676300672,3.676300672,3.676300672,1,0,1.5,-0.5,0.544791667,-0.135069445,5623,4365,1515,1512
12/11/2013,41590,0.679861111,M,Y,0.681944444,0.703472222,43,2,30,1,AST,0,0,316,before,2013,2013,2,1,4.5,2,1,AST,3.817712326,3.817712326,3.817712326,1,0,1.5,0.5,0.544791667,0.135069445,5623,4365,1515,1512
14/11/2013,41592,0.410416667,F,Y,0.414583333,0.426388889,8,6,15,1,IW,0,0,318,before,2013,2013,6,1,4.5,1,1,IW,2.674148649,2.674148649,2.674148649,1.5,-0.5,1,0,0.371875,0.038541667,5624,5299,1515,1510
14/03/2014,41712,0.333333333,F,Y,0.340972222,0.402777778,3,1,90,1,AST,1,4,73,after,2014,2013,1,1,5,1,2,AST,1.504077397,1.504077397,1.504077397,1.5,0.5,1,0,0.371875,-0.038541667,5624,5299,1515,1510
11/11/2013,41589,0.735416667,M,Y,0.739583333,0.743055556,0,0,5,1,IW,0,0,315,before,2013,2013,0,1,4.5,1,1,IW,-0.693147181,-0.693147181,-0.693147181,1,0,1,0,0.735416667,0,5634,3978,1513,1517
12/11/2013,41590,0.366666667,M,Y,0.375,0.379861111,3,2,5,1,IW,1,2,316,before,2013,2013,2,1,4.5,1,1,IW,1.704748092,1.704748092,1.704748092,1,0,1,0,0.366666667,0,5635,3978,1513,1517
11/11/2013,41589,0.466666667,M,Y,0.472222222,0.502777778,7,7,45,1,IW,1,3,315,before,2013,2013,7,1,4.5,1,1,IW,2.674148649,2.674148649,2.674148649,1,0,1.5,-0.5,0.403125,0.063541667,5640,4544,1514,1513
14/11/2013,41592,0.339583333,M,Y,0.341666667,0.350694444,12,8,15,1,IW,1,3,318,before,2013,2013,8,1,4.5,2,1,IW,3.020424886,3.020424886,3.020424886,1,0,1.5,0.5,0.403125,-0.063541667,5640,4544,1514,1513
12/11/2013,41590,0.692361111,M,Y,0.697916667,0.720138889,21,48,30,1,AST,0,0,316,before,2013,2013,48,1,4.5,1,1,AST,4.241326753,4.241326753,4.241326753,1,0,1.5,-0.5,0.593055556,0.099305556,5647,5339,1511,1511
14/11/2013,41592,0.49375,M,Y,0.497222222,0.509027778,0,4,15,1,AST,1,3,318,before,2013,2013,4,1,4.5,2,1,AST,1.504077397,1.504077397,1.504077397,1,0,1.5,0.5,0.593055556,-0.099305556,5647,5339,1511,1511
10/11/2013,41588,0.35625,M,Y,0.360416667,0.367361111,23,0,10,1,AST,1,3,314,before,2013,2013,0,1,4.5,1,1,AST,3.157000421,3.157000421,3.157000421,1,0,1,0,0.35625,0,5653,5264,1518,1519
14/03/2014,41712,0.322222222,M,Y,0.345833333,0.380555556,6,0,50,1,AST,1,4,73,after,2014,2013,0,1,5,1,1,AST,1.871802177,1.871802177,1.871802177,1,0,1,0,0.322222222,0,5655,5360,1525,1525
10/11/2013,41588,0.385416667,F,Y,0.389583333,0.396527778,3,0,10,1,AST,1,3,314,before,2013,2013,0,1,4.5,1,1,AST,1.252762968,1.252762968,1.252762968,1,0,1,0,0.385416667,0,5664,5265,1524,1523
09/11/2013,41587,0.666666667,F,Y,0.670833333,0.695833333,5,4,35,1,AST,1,3,313,before,2013,2013,4,1,4.5,1,1,AST,2.251291799,2.251291799,2.251291799,1,0,1,0,0.666666667,0,5681,3902,1528,1545
11/11/2013,41589,0.4375,M,Y,0.443055556,0.463888889,3,0,30,1,IW,1,3,315,before,2013,2013,0,1,4.5,1,1,IW,1.252762968,1.252762968,1.252762968,1,0,2,-1,0.391435185,0.046064815,5686,5267,1545,1539
13/11/2013,41591,0.330555556,M,Y,0.332638889,0.355555556,0,1,35,1,IW,0,0,317,before,2013,2013,1,1,4.5,2,1,IW,0.405465108,0.405465108,0.405465108,1,0,2,0,0.391435185,-0.060879629,5686,5267,1545,1539
14/11/2013,41592,0.40625,M,N,0.407638889,0.442361111,1,0,50,1,IW,0,3,318,before,2013,2013,0,1,4.5,3,1,IW,0.405465108,0.405465108,0.405465108,1,0,2,1,0.391435185,0.014814815,5686,5267,1545,1539
10/11/2013,41588,0.4,M,Y,0.407638889,0.440277778,2,0,45,1,IW,1,4,314,before,2013,2013,0,1,4.5,1,1,IW,0.916290732,0.916290732,0.916290732,1,0,1.5,-0.5,0.417013889,-0.017013889,5687,5267,1545,1539
13/11/2013,41591,0.434027778,M,N,0.434722222,0.440972222,0,1,10,1,AST,1,2,317,before,2013,2013,1,1,4.5,2,1,AST,0.405465108,0.405465108,0.405465108,1,0,1.5,0.5,0.417013889,0.017013889,5687,5267,1545,1539
14/11/2013,41592,0.697916667,M,Y,NA,0.720138889,6,9,NA,1,AST,0,0,318,before,2013,2013,9,1,4.5,1,1,AST,2.740840024,2.740840024,2.740840024,1,0,1,0,0.697916667,0,5688,5267,1545,1539
11/03/2014,41709,0.28125,M,Y,0.309722222,0.357638889,7,1,70,1,AST,1,1,70,after,2014,2013,1,1,5,1,1,AST,2.140066163,2.140066163,2.140066163,1,0,1,0,0.28125,0,5703,4180,1530,1534
14/11/2013,41592,0.488194444,F,Y,0.492361111,0.504166667,4,0,15,1,AST,0,3,318,before,2013,2013,0,1,4.5,1,1,AST,1.504077397,1.504077397,1.504077397,1.666666667,-0.666666667,1.333333333,-0.333333333,0.388194444,0.1,5712,5139,1538,1529
13/03/2014,41711,0.363194444,F,Y,0.368055556,0.429166667,2,0,90,1,AST,1,3,72,after,2014,2013,0,1,5,1,2,AST,0.916290732,0.916290732,0.916290732,1.666666667,0.333333333,1.333333333,-0.333333333,0.388194444,-0.025,5712,5139,1538,1529
14/03/2014,41712,0.313194444,F,Y,0.319444444,0.374305556,0,0,80,1,AST,1,3,73,after,2014,2013,0,1,5,2,2,AST,-0.693147181,-0.693147181,-0.693147181,1.666666667,0.333333333,1.333333333,0.666666667,0.388194444,-0.075,5712,5139,1538,1529
11/11/2013,41589,0.343055556,M,Y,0.348611111,0.373611111,32,0,35,1,IW,1,3,315,before,2013,2013,0,1,4.5,1,1,IW,3.481240089,3.481240089,3.481240089,1,0,1.5,-0.5,0.516319445,-0.173263889,5716,5072,1529,1538
12/11/2013,41590,0.689583333,M,N,0.690972222,0.715277778,41,0,35,1,AST,0,0,316,before,2013,2013,0,1,4.5,2,1,AST,3.725693427,3.725693427,3.725693427,1,0,1.5,0.5,0.516319445,0.173263889,5716,5072,1529,1538
09/11/2013,41587,0.691666667,M,N,0.698611111,0.713194444,26,0,20,1,AST,0,0,313,before,2013,2013,0,1,4.5,1,1,AST,3.277144733,3.277144733,3.277144733,1,0,1,0,0.691666667,0,5717,3888,1533,1533
09/11/2013,41587,0.447916667,M,Y,0.458333333,0.470138889,5,1,15,1,AST,1,3,313,before,2013,2013,1,1,4.5,1,1,AST,1.871802177,1.871802177,1.871802177,1,0,1.5,-0.5,0.409722223,0.038194445,5720,3888,1533,1533
10/11/2013,41588,0.371527778,M,N,0.372222222,0.384027778,1,7,15,1,AST,1,3,314,before,2013,2013,7,1,4.5,2,1,AST,2.140066163,2.140066163,2.140066163,1,0,1.5,0.5,0.409722223,-0.038194445,5720,3888,1533,1533
09/11/2013,41587,0.634027778,F,Y,0.638888889,0.665277778,16,0,40,1,IW,0,3,313,before,2013,2013,0,1,4.5,1,1,IW,2.803360381,2.803360381,2.803360381,1,0,1,0,0.634027778,0,5724,3386,1537,1531
10/11/2013,41588,0.636111111,F,Y,0.640972222,0.661111111,5,1,30,1,IW,1,4,314,before,2013,2013,1,1,4.5,1,1,IW,1.871802177,1.871802177,1.871802177,1,0,1,0,0.636111111,0,5728,4064,1531,1537
11/11/2013,41589,0.671527778,M,Y,0.686111111,0.70625,10,0,30,1,IW,1,2,315,before,2013,2013,0,1,4.5,1,1,IW,2.351375257,2.351375257,2.351375257,1,0,1,0,0.671527778,0,5737,5402,1550,1550
10/11/2013,41588,0.652083333,F,Y,0.656944444,0.678472222,3,0,30,1,IW,0,0,314,before,2013,2013,0,1,4.5,1,1,IW,1.252762968,1.252762968,1.252762968,1,0,1,0,0.652083333,0,5739,5443,1548,1547
11/11/2013,41589,0.319444444,M,Y,0.325,0.339583333,0,0,20,1,IW,1,3,315,before,2013,2013,0,1,4.5,1,1,IW,-0.693147181,-0.693147181,-0.693147181,1,0,1,0,0.319444444,0,5742,5443,1548,1547
10/11/2013,41588,0.361111111,F,Y,0.365277778,0.372916667,0,1,10,1,AST,1,3,314,before,2013,2013,1,1,4.5,1,1,AST,0.405465108,0.405465108,0.405465108,1,0,1,0,0.361111111,0,5745,3892,1547,1548
10/11/2013,41588,0.372916667,M,Y,0.375,0.379166667,17,0,5,1,AST,0,4,314,before,2013,2013,0,1,4.5,1,1,AST,2.862200881,2.862200881,2.862200881,1,0,1,0,0.372916667,0,5762,4396,1555,1555
15/03/2014,41713,0.314583333,M,Y,0.326388889,0.329861111,2,0,5,1,AST,1,4,74,after,2014,2013,0,1,5,1,1,AST,0.916290732,0.916290732,0.916290732,1,0,1,0,0.314583333,0,5764,5061,1553,1556
15/03/2014,41713,0.472222222,F,Y,0.481944444,0.484027778,6,0,5,1,AST,1,4,74,after,2014,2013,0,1,5,1,1,AST,1.871802177,1.871802177,1.871802177,1,0,1,0,0.472222222,0,5767,5441,1556,1553
12/11/2013,41590,0.685416667,F,Y,0.688888889,0.708333333,0,1,30,1,AST,0,0,316,before,2013,2013,1,1,4.5,1,1,AST,0.405465108,0.405465108,0.405465108,1,0,1,0,0.685416667,0,5769,5441,1556,1553
14/11/2013,41592,0.403472222,M,Y,0.409027778,0.4375,58,11,40,1,IW,1,2,318,before,2013,2013,11,1,4.5,1,1,IW,4.241326753,4.241326753,4.241326753,1,0,1,0,0.403472222,0,5771,3939,1558,1557
09/11/2013,41587,0.631944444,M,Y,0.640972222,0.689583333,3,7,50,1,AST,1,3,313,before,2013,2013,7,1,4.5,1,1,AST,2.351375257,2.351375257,2.351375257,1,0,1,0,0.631944444,0,5779,3939,1559,1558
14/03/2014,41712,0.330555556,F,N,0.342361111,0.395138889,16,0,75,1,AST,1,1,73,after,2014,2013,0,1,5,1,1,AST,2.803360381,2.803360381,2.803360381,1,0,1,0,0.330555556,0,5780,5815,1557,1558
14/11/2013,41592,0.396527778,M,Y,0.402777778,0.417361111,12,8,20,1,IW,0,3,318,before,2013,2013,8,1,4.5,1,1,IW,3.020424886,3.020424886,3.020424886,1,0,1,0,0.396527778,0,5786,4368,1560,1560
14/11/2013,41592,0.69375,M,Y,0.697222222,0.711111111,63,24,20,1,AST,0,0,318,before,2013,2013,24,1,4.5,1,1,AST,4.471638793,4.471638793,4.471638793,1,0,1,0,0.69375,0,5789,3833,1561,1561
14/11/2013,41592,0.399305556,M,Y,0.405555556,0.411805556,16,2,10,1,IW,0,3,318,before,2013,2013,2,1,4.5,1,1,IW,2.917770732,2.917770732,2.917770732,1,0,1,0,0.399305556,0,5810,4101,NA,NA
09/11/2013,41587,0.381944444,M,Y,0.388888889,0.41875,28,0,45,1,AST,1,1,313,before,2013,2013,0,1,4.5,1,1,AST,3.349904087,3.349904087,3.349904087,1,0,1.5,-0.5,0.503819444,-0.121875,5839,5437,1574,1574
14/11/2013,41592,0.625694444,M,Y,0.628472222,0.651388889,20,0,35,1,IW,1,4,318,before,2013,2013,0,1,4.5,2,1,IW,3.020424886,3.020424886,3.020424886,1,0,1.5,0.5,0.503819444,0.121875,5839,5437,1574,1574
11/11/2013,41589,0.386805556,M,Y,0.391666667,0.401388889,8,0,15,1,AST,1,3,315,before,2013,2013,0,1,4.5,1,1,AST,2.140066163,2.140066163,2.140066163,1,0,1,0,0.386805556,0,5864,3972,1581,1581
15/03/2014,41713,0.509722222,F,Y,0.516666667,0.525,3,3,10,1,AST,1,4,74,after,2014,2013,3,1,5,1,1,AST,1.871802177,1.871802177,1.871802177,1,0,1,0,0.509722222,0,5880,5339,1583,1586
10/11/2013,41588,0.418055556,F,Y,0.426388889,0.45,1,0,35,1,IW,1,3,314,before,2013,2013,0,1,4.5,1,1,IW,0.405465108,0.405465108,0.405465108,1,0,1,0,0.418055556,0,5883,3712,1586,1583
10/11/2013,41588,0.645138889,F,Y,0.650694444,0.666666667,5,0,25,1,IW,1,3,314,before,2013,2013,0,1,4.5,1,1,IW,1.704748092,1.704748092,1.704748092,1,0,1,0,0.645138889,0,5907,4544,1590,1589
09/11/2013,41587,0.388888889,M,Y,0.401388889,0.427083333,3,4,35,1,AST,0,0,313,before,2013,2013,4,1,4.5,1,1,AST,2.014903021,2.014903021,2.014903021,1,0,1.5,-0.5,0.533680556,-0.144791667,5909,5189,1591,1591
10/11/2013,41588,0.678472222,M,N,0.681944444,0.6875,48,4,10,1,IW,0,0,314,before,2013,2013,4,1,4.5,2,1,IW,3.96081317,3.96081317,3.96081317,1,0,1.5,0.5,0.533680556,0.144791667,5909,5189,1591,1591
09/11/2013,41587,0.31875,F,Y,0.338194444,0.375,3,0,55,1,IW,1,3,313,before,2013,2013,0,1,4.5,1,1,IW,1.252762968,1.252762968,1.252762968,1,0,1,0,0.31875,0,5912,5193,1595,1594
11/11/2013,41589,0.326388889,F,Y,0.3375,0.353472222,4,0,25,1,IW,1,2,315,before,2013,2013,0,1,4.5,1,1,IW,1.504077397,1.504077397,1.504077397,1,0,1.5,-0.5,0.5,-0.173611111,5925,3822,1599,1598
12/11/2013,41590,0.673611111,F,Y,0.677777778,0.693055556,8,0,20,1,IW,0,3,316,before,2013,2013,0,1,4.5,2,1,IW,2.140066163,2.140066163,2.140066163,1,0,1.5,0.5,0.5,0.173611111,5925,3822,1599,1598
14/11/2013,41592,0.461805556,M,Y,0.467361111,0.498611111,4,0,45,1,IW,1,3,318,before,2013,2013,0,1,4.5,1,1,IW,1.504077397,1.504077397,1.504077397,1,0,1,0,0.461805556,0,5937,3902,1602,1597
14/11/2013,41592,0.454861111,M,Y,0.461111111,0.488194444,4,0,40,1,IW,1,3,318,before,2013,2013,0,1,4.5,1,1,IW,1.504077397,1.504077397,1.504077397,1,0,1,0,0.454861111,0,5938,3902,1602,1597
12/11/2013,41590,0.471527778,M,Y,0.475,0.490277778,6,1,20,1,AST,1,3,316,before,2013,2013,1,1,4.5,1,1,AST,2.014903021,2.014903021,2.014903021,1,0,1,0,0.471527778,0,5947,4107,1610,1603
14/11/2013,41592,0.657638889,M,Y,0.658333333,0.669444444,11,0,15,1,IW,0,0,318,before,2013,2013,0,1,4.5,1,1,IW,2.442347035,2.442347035,2.442347035,1,0,1,0,0.657638889,0,5953,5300,1603,1600
14/11/2013,41592,0.723611111,M,Y,0.727777778,0.754861111,3,0,40,1,AST,0,0,318,before,2013,2013,0,1,4.5,1,1,AST,1.252762968,1.252762968,1.252762968,1,0,1,0,0.723611111,0,5975,3888,1593,1593
10/11/2013,41588,0.34375,F,Y,0.35,0.359027778,3,0,15,1,AST,1,3,314,before,2013,2013,0,1,4.5,1,1,AST,1.252762968,1.252762968,1.252762968,1,0,1.5,-0.5,0.379166667,-0.035416667,6003,5139,1613,1611
13/11/2013,41591,0.414583333,F,N,0.415972222,0.436805556,3,0,30,1,AST,0,3,317,before,2013,2013,0,1,4.5,2,1,AST,1.252762968,1.252762968,1.252762968,1,0,1.5,0.5,0.379166667,0.035416667,6003,5139,1613,1611
11/11/2013,41589,0.473611111,F,Y,0.477083333,0.509722222,4,0,45,1,IW,0,0,315,before,2013,2013,0,1,4.5,1,1,IW,1.504077397,1.504077397,1.504077397,1,0,2,-1,0.617592593,-0.143981482,6022,5227,1623,1624
14/11/2013,41592,0.6625,F,Y,0.663888889,0.682638889,13,0,25,1,IW,1,1,318,before,2013,2013,0,1,4.5,2,1,IW,2.602689685,2.602689685,2.602689685,1,0,2,0,0.617592593,0.044907407,6022,5227,1623,1624
14/11/2013,41592,0.655555556,M,Y,0.661805556,0.688194444,0,0,40,1,IW,0,3,318,before,2013,2013,0,1,4.5,1,1,IW,-0.693147181,-0.693147181,-0.693147181,1,0,1,0,0.655555556,0,6049,3979,NA,NA
14/11/2013,41592,0.372916667,M,Y,0.374305556,0.406944444,13,5,45,1,IW,1,3,318,before,2013,2013,5,1,4.5,1,1,IW,2.917770732,2.917770732,2.917770732,1,0,1,0,0.372916667,0,6058,5228,NA,NA
11/11/2013,41589,0.444444444,M,Y,0.446527778,0.468055556,7,0,30,1,IW,1,3,315,before,2013,2013,0,1,4.5,1,1,IW,2.014903021,2.014903021,2.014903021,1,0,1,0,0.444444444,0,6059,5067,NA,NA
13/11/2013,41591,0.318055556,M,Y,0.320833333,0.324305556,47,4,5,1,IW,0,0,317,before,2013,2013,4,1,4.5,1,1,IW,3.941581808,3.941581808,3.941581808,1,0,1,0,0.318055556,0,6060,5263,NA,NA
14/11/2013,41592,0.45625,F,Y,0.461111111,0.493055556,6,0,45,1,IW,1,2,318,before,2013,2013,0,1,4.5,1,1,IW,1.871802177,1.871802177,1.871802177,1,0,1,0,0.45625,0,6061,5268,NA,NA
14/03/2014,41712,0.307638889,M,N,0.3125,0.366666667,0,0,80,1,AST,1,3,73,after,2014,2013,0,1,5,1,1,AST,-0.693147181,-0.693147181,-0.693147181,1,0,1,0,0.307638889,0,6067,5438,NA,NA
